Staffed_Beds,Total_Discharges,ADI_NATRANK,2021/3/10_x,2022/3/10_x,2023/3/10_x,2021/3/10_y,2022/3/10_y,2023/3/10_y,Value_education,Value_poverty,Value_unemployment,pop_commutes_by_car_truck_van_any,pop_commutes_by_public_transport_any,median_age,pop_citizenship_non_us,pop_citizenship_us_native,pop_citizenship_us_naturalized,pop_ethnicity_hispanic_latino,pop_ethnicity_non_hispanic,pop_race_asian,pop_race_black,pop_race_hawaiian_pacific_islander,pop_race_multiple,pop_race_native_american,pop_race_other,pop_race_white,pop_sex_female,pop_sex_male,households_with_annual_income_100000_to_124999,households_with_annual_income_125000_to_149999,households_with_annual_income_150000_to_199999,households_with_annual_income_200000_or_more,households_with_annual_income_30000_to_39999,households_with_annual_income_40000_to_49999,households_with_annual_income_50000_to_59999,households_with_annual_income_60000_to_75499,households_with_annual_income_75000_to_99999,households_with_annual_income_less_than_30000,pop_employment_status_in_labor_force,pop_received_ssi_foodstamps_snap_past_year,households_with_no_internet_access,pop_adult_education_bachelors_or_higher,pop_adult_education_high_school,pop_adult_education_less_than_high_school,pop_adult_education_some_college_or_associates,pop_total
77.0,3049.0,66.97777777777777,6400.0,15559.0,19790.0,93.0,208.0,232.0,21.714285714285715,10.4,4.611538461538462,23401,15,38.6,664.0,54336.0,639.0,1601,54038,649,10866,24,1421,155,374,42150,28587,27052,2248,1288,1027,898,1629,1827,1442,2218,2893,6089,26025,3681,3307,8464,8819,2886,9201,55639
301.0,18080.0,51.53448275862069,20012.0,55159.0,69860.0,293.0,657.0,727.0,21.928571428535715,10.86153846153846,4.830769230769231,88321,146,43.2,3778.0,210820.0,3691.0,9947,208342,2033,19153,10,5677,1514,3398,186504,112400,105889,7621,5375,4893,5562,8239,7969,6148,7970,11536,18734,103116,7530,10018,36513,29636,10250,34448,218289
47.0,1055.0,90.9,2161.0,5458.0,7485.0,51.0,94.0,103.0,22.285714285714285,23.053846153846152,9.8,8103,3,40.1,390.0,24387.0,249.0,1110,23916,122,11929,1,522,88,777,11587,11870,13156,635,214,206,241,984,692,699,824,680,4147,9356,3088,2700,1409,4525,3131,3955,25026
156.0,229.0,83.41176470588235,2469.0,6400.0,8091.0,60.0,100.0,109.0,21.57142857107143,18.446153846153848,8.814814814814815,7770,0,39.9,207.0,22020.0,147.0,600,21774,56,5045,0,114,12,9,17138,10352,12022,600,212,204,157,500,599,628,778,1129,2452,8970,1188,1520,1388,5442,2189,3292,22374
0.0,0.0,72.32558139534883,6260.0,14861.0,18704.0,129.0,227.0,261.0,21.571428571785717,10.6,4.480769230769231,21919,34,41.0,1437.0,55241.0,1077.0,5362,52393,236,808,55,1293,55,1037,54271,29078,28677,1540,1091,1034,580,2406,2109,1794,1996,2283,6372,24133,2749,3920,4158,9757,4494,11023,57755
54.0,208.0,93.0,1180.0,2282.0,3030.0,39.0,51.0,54.0,22.285714285714285,28.846153846153847,9.95185185185185,3733,0,39.7,86.0,10020.0,67.0,824,9349,137,6980,0,75,0,318,2663,4595,5578,388,38,45,95,254,195,441,155,258,1560,4146,1076,1040,393,2251,1321,1181,10173
57.0,669.0,83.63157894736842,2022.0,5041.0,6551.0,66.0,124.0,132.0,22.28571428535714,22.86923076923077,10.074074074074074,7536,7,41.2,281.0,19358.0,87.0,290,19436,261,8795,0,323,66,98,10183,10676,9050,565,343,222,174,613,736,424,622,622,2328,8522,1510,1558,1592,4617,1128,2391,19726
570.0,13830.0,78.37623762376238,13989.0,32162.0,41421.0,296.0,601.0,680.0,21.77857142857143,16.715384615384615,8.925925925925926,44995,69,39.5,1523.0,111479.0,1322.0,4406,109918,925,24190,327,2852,358,1871,83801,59399,54925,3857,1879,1480,1150,4750,3629,4182,4362,5445,13838,52189,8373,7999,10764,19671,8041,20246,114324
29.0,460.0,86.46666666666667,3438.0,8446.0,10859.0,113.0,158.0,172.0,22.21071428535714,21.00769230769231,9.774074074074074,13695,0,41.9,427.0,32806.0,194.0,843,32584,368,13372,9,318,81,264,19015,17499,15928,814,582,220,214,1693,1043,1256,1222,1834,4704,15272,2301,3133,2451,6489,2309,5992,33427
45.0,1005.0,75.84,1786.0,5102.0,6755.0,42.0,81.0,89.0,22.357142857142858,18.130769230769232,8.255555555555556,9776,10,46.8,361.0,25532.0,142.0,432,25603,26,1250,0,427,150,212,23970,13160,12875,817,209,375,357,1460,791,896,1101,1145,3685,10754,1290,2408,1914,4776,2137,4347,26035
26.0,652.0,80.03125,3935.0,10784.0,13009.0,104.0,195.0,219.0,21.57499999964286,13.807692307692308,4.796153846153846,16881,7,39.5,1340.0,42207.0,600.0,3423,40724,195,4268,0,1349,504,1571,36260,22627,21520,1340,538,720,401,1604,1152,1752,1737,2350,5546,18905,2987,4039,2798,9864,4075,6098,44147
0.0,0.0,93.0,565.0,2039.0,2259.0,24.0,35.0,39.0,22.778571428571432,23.253846153846155,10.351851851851851,4156,0,46.6,23.0,12642.0,90.0,69,12686,25,5398,0,61,7,11,7253,6723,6032,480,74,236,46,663,403,241,343,608,2236,4733,1123,1710,985,2145,805,2380,12755
94.0,1310.0,84.76,3449.0,7068.0,8553.0,53.0,98.0,107.0,22.714285714285715,20.53846153846154,12.38148148148148,7779,0,42.9,19.0,23792.0,55.0,140,23726,109,10909,0,263,18,47,12520,12517,11349,520,299,493,261,823,738,529,931,777,3952,9254,2151,2892,1514,5200,1752,3492,23866
129.0,873.0,83.0909090909091,1465.0,4084.0,5162.0,54.0,78.0,93.0,22.785714286,19.746153846153845,9.655555555555557,4973,0,43.4,114.0,13101.0,70.0,410,12875,33,2035,0,123,20,6,11068,6887,6398,269,348,99,142,693,427,478,461,463,1773,5694,748,1290,835,2523,1240,2067,13285
0.0,0.0,79.0,1404.0,3550.0,4428.0,41.0,68.0,72.0,22.289285713964286,15.27692307692308,8.585185185185185,5471,14,43.1,152.0,14736.0,64.0,380,14572,1,394,0,300,21,281,13955,7684,7268,403,191,213,90,641,403,540,602,714,2038,6060,799,1632,1306,2749,1172,2237,14952
99.0,3547.0,72.97222222222223,5279.0,13325.0,17185.0,104.0,228.0,245.0,22.14642857107143,15.569230769230767,5.092307692307693,21216,37,39.5,1010.0,50374.0,854.0,4011,48227,843,8906,0,2277,523,675,39014,26423,25815,1742,1225,1130,616,2055,1695,1560,2175,2550,5203,24207,4138,2968,5889,7076,3495,10616,52238
362.0,7918.0,77.77551020408163,6014.0,16219.0,21291.0,122.0,246.0,279.0,21.789285714285715,14.86923076923077,9.714814814814815,21938,37,42.5,504.0,54100.0,353.0,1591,53366,282,8909,57,1132,313,985,43279,28509,26448,1432,1033,757,315,2397,1940,1756,2492,2763,6912,24589,2523,5123,5076,9586,3853,9662,54957
44.0,1172.0,91.58333333333331,1073.0,2841.0,3604.0,24.0,68.0,76.0,22.782142856821427,23.692307692307693,10.525925925925923,3812,0,45.2,0.0,12092.0,127.0,59,12160,70,5872,0,81,20,0,6176,6268,5951,309,10,72,94,846,478,268,354,458,1696,4311,974,1635,849,2933,689,1584,12219
0.0,0.0,86.3,906.0,2931.0,3776.0,24.0,56.0,64.0,22.353571428464285,19.607692307692307,9.774074074074074,3737,0,49.0,54.0,10639.0,3.0,137,10559,0,3451,0,93,32,68,7052,5197,5499,357,32,163,68,733,470,322,280,409,1182,4299,484,853,626,2427,931,1800,10696
142.0,3400.0,85.4054054054054,4005.0,9250.0,11804.0,108.0,224.0,261.0,22.428571428214287,19.36923076923077,8.81111111111111,14162,8,43.3,146.0,36816.0,134.0,657,36439,245,4707,32,641,78,133,31260,19062,18034,807,544,638,329,1759,1237,1223,1321,1756,5381,16146,2310,3415,2920,6709,2398,6482,37096
49.0,353.0,90.07692307692308,1476.0,3781.0,4738.0,55.0,95.0,110.0,22.42857142892857,19.23076923076923,8.27037037037037,5065,5,42.3,159.0,13592.0,75.0,305,13521,183,3267,8,316,104,58,9890,7237,6589,362,194,151,137,414,617,274,441,567,1854,5903,1110,1397,1332,2587,1301,1800,13826
137.0,7669.0,73.5909090909091,9042.0,24457.0,31520.0,183.0,356.0,398.0,22.007142857500003,12.169230769230769,4.911538461538462,33806,101,41.2,1211.0,81233.0,901.0,3676,79669,304,943,0,2750,295,758,78295,42266,41079,2212,1230,1315,659,3733,3025,3093,3118,3850,9498,37290,4113,5791,6585,12850,7257,16051,83345
89.0,1228.0,80.4047619047619,4697.0,12441.0,16507.0,107.0,223.0,245.0,22.071428571428573,15.138461538461538,8.54814814814815,17923,1,37.8,781.0,47815.0,697.0,3285,46008,680,10193,0,1640,413,1081,35286,25028,24265,1087,962,602,430,2234,1604,1435,2031,2366,6654,21667,4005,3026,4835,7509,3361,9486,49293
109.0,3933.0,92.1219512195122,3438.0,8348.0,11031.0,143.0,236.0,259.0,22.071428571785717,28.753846153846155,11.38888888888889,13128,0,39.6,282.0,37837.0,65.0,108,38076,250,27290,11,190,48,1,10394,20583,17601,802,460,307,151,2043,1117,1182,1136,1269,6942,15559,5099,3969,2964,7079,2323,6377,38184
115.0,2440.0,82.80357142857143,8538.0,18674.0,22522.0,177.0,319.0,345.0,22.289285714285715,18.623076923076923,8.703703703703704,28409,79,39.6,4420.0,66306.0,704.0,10530,60900,76,1093,92,2509,850,6256,60554,36123,35307,1721,732,599,573,2960,2507,2426,2543,2807,9497,31626,6369,5107,5128,11275,7532,12247,71430
80.0,1199.0,59.48,9578.0,22926.0,29837.0,191.0,335.0,362.0,21.717857142857145,11.207692307692309,4.576923076923077,32713,108,38.7,995.0,79867.0,664.0,2427,79099,749,17230,0,1645,241,588,61073,42138,39388,2986,1822,1754,1318,2532,2598,2596,3349,4250,6589,36953,3844,4262,11204,13836,5469,13483,81526
95.0,1944.0,88.12903225806451,3805.0,9971.0,12367.0,73.0,161.0,179.0,22.28214285714285,21.207692307692305,9.207407407407407,12146,60,39.4,88.0,36467.0,220.0,888,35887,103,11774,43,570,1391,137,22757,18085,18690,553,316,340,175,1567,1217,1083,1112,996,5572,13948,3137,4260,2408,7889,3722,5042,36775
515.0,15450.0,81.85555555555555,13454.0,28723.0,34229.0,329.0,622.0,692.0,21.77857142857143,16.092307692307692,8.803703703703704,40288,73,41.3,1585.0,99913.0,1223.0,4187,98534,808,16519,3,2264,529,1300,81298,53190,49531,2839,1624,1329,815,4608,3784,3103,3409,4470,12784,45623,6669,6467,9328,17309,7138,18875,102721
132.0,554.0,87.47368421052632,2032.0,4964.0,5887.0,58.0,93.0,100.0,22.289285714285715,18.23076923076923,9.333333333333334,5998,34,43.9,37.0,16242.0,127.0,89,16317,108,2003,4,406,0,1,13884,8344,8062,376,151,147,112,597,522,591,541,1053,2715,6981,1513,1814,935,3314,1163,2733,16406
49.0,1006.0,85.48148148148148,4023.0,9832.0,12033.0,81.0,137.0,154.0,22.28214285714285,17.584615384615383,9.27037037037037,12670,88,39.2,2187.0,28700.0,700.0,5584,26003,273,1241,6,549,326,3175,26017,15956,15631,569,209,434,146,1416,917,779,1005,1542,4000,13681,3232,3677,2503,5902,3202,4243,31587
145.0,580.0,83.16666666666667,2411.0,6202.0,7969.0,71.0,159.0,172.0,21.789285715,18.63076923076923,7.9111111111111105,9932,3,43.6,188.0,25949.0,246.0,1075,25308,42,2678,10,397,312,266,22678,13592,12791,726,429,281,150,1031,1138,771,829,1267,3950,11126,2085,2664,1962,4606,2178,4577,26383
92.0,230.0,95.1818181818182,890.0,1859.0,2309.0,32.0,48.0,54.0,22.110714285714288,32.40769230769231,10.68888888888889,2164,0,44.6,14.0,8156.0,51.0,221,8000,0,6489,0,225,38,39,1430,4322,3899,118,10,55,34,341,250,233,128,226,1783,2749,992,1258,390,1824,448,1272,8221
28.0,384.0,91.73333333333332,2130.0,4672.0,5728.0,71.0,102.0,110.0,21.785714285,20.753846153846155,10.022222222222224,5037,75,40.8,9.0,14716.0,29.0,10,14744,28,8726,0,317,0,15,5668,7748,7006,382,202,136,50,367,395,298,460,488,2712,5802,1742,1806,1190,2529,1190,2264,14754
0.0,0.0,81.25,1838.0,4447.0,5866.0,41.0,71.0,79.0,21.7821428575,15.423076923076923,5.688461538461539,6411,0,44.7,48.0,16968.0,107.0,453,16670,73,4553,36,288,34,145,11994,8862,8261,414,409,243,187,583,504,537,710,872,2097,7362,1199,1300,1478,2828,1283,2766,17123
546.0,30844.0,76.65753424657534,10165.0,24959.0,32660.0,265.0,486.0,531.0,21.785714285714285,17.661538461538463,8.074074074074074,41965,42,40.2,1262.0,102788.0,1269.0,3551,101768,996,28677,16,2801,290,682,71857,54845,50474,3022,1855,1791,1640,4204,3629,2948,3738,4616,12341,47455,7598,7833,12273,16587,6511,18823,105319
95.0,2041.0,84.68181818181819,6558.0,14988.0,18379.0,105.0,231.0,256.0,22.217857142857145,18.26153846153846,9.077777777777778,18336,12,43.0,456.0,50991.0,318.0,1541,50224,220,1908,35,1387,559,445,47211,26442,25323,1764,617,415,398,2103,1975,1363,2473,1901,7358,20833,3142,4312,4779,10023,3938,8006,51765
3664.0,132802.0,67.20987654320987,72293.0,183735.0,238727.0,1409.0,2253.0,2535.0,21.57499999967857,15.169230769230769,5.026923076923077,271448,717,37.9,16783.0,633274.0,8558.0,25757,632858,10417,282538,187,14715,1157,10957,338644,347168,311447,21299,14190,14336,17520,25384,21745,20282,25476,30018,73551,322796,45449,36971,123755,84752,28943,108302,658615
0.0,0.0,85.33333333333333,1349.0,3693.0,4737.0,33.0,62.0,73.0,22.63928571375,17.546153846153846,9.492592592592594,4960,0,44.3,83.0,13736.0,35.0,240,13614,21,1525,0,134,12,50,12112,7012,6842,600,177,112,54,618,634,476,406,475,2079,5555,1095,1723,883,2695,844,2401,13854
223.0,11701.0,70.01428571428572,8651.0,23984.0,30406.0,215.0,375.0,420.0,21.7821428575,14.707692307692309,9.070370370370371,38183,75,41.3,1378.0,90897.0,595.0,2562,90308,581,9514,64,2271,338,287,79815,48272,44598,2397,2253,1365,1144,4195,3541,2601,4040,5042,11935,43340,4203,7212,11542,15425,4616,13953,92870
43.0,367.0,80.2258064516129,2865.0,7610.0,9389.0,92.0,153.0,181.0,21.78928571392857,14.315384615384614,6.053846153846154,12457,0,42.6,214.0,32705.0,50.0,745,32224,40,3520,22,1459,1967,163,25798,17165,15804,1001,501,478,346,1261,1298,938,1634,1150,3944,13530,2164,3582,2833,6750,2938,4943,32969
320.0,15434.0,63.886178861788615,15108.0,37563.0,47646.0,161.0,324.0,372.0,21.79285714292857,13.069230769230767,4.619230769230769,68155,164,32.4,5939.0,154423.0,3099.0,6093,157368,7131,37121,7,3726,348,1234,113894,82983,80478,5448,3205,3363,2971,5089,4419,3691,6004,6870,19671,79736,6624,6886,30002,16940,6175,26488,163461
66.0,3689.0,61.11764705882353,9454.0,24757.0,32150.0,142.0,278.0,320.0,21.717857143214285,8.23076923076923,4.707692307692308,39960,40,40.0,1642.0,93715.0,1564.0,5840,91081,1412,13128,43,2927,897,2045,76469,48595,48326,3114,2049,2114,1644,2581,3007,2448,2948,5259,7561,44614,5062,3921,13607,15513,7051,16970,96921
0.0,0.0,92.8181818181818,1338.0,2603.0,3370.0,51.0,75.0,80.0,21.72142857178571,27.03846153846154,11.781481481481482,3360,0,42.5,55.0,9869.0,12.0,40,9896,0,7440,0,20,12,0,2464,5201,4735,175,202,76,76,403,418,261,339,296,1967,3997,1154,1582,743,2169,722,1376,9936
0.0,0.0,92.5,1486.0,3841.0,5293.0,45.0,78.0,90.0,22.246428571785717,27.77692307692308,9.437037037037037,6262,0,38.7,43.0,18335.0,59.0,80,18357,36,15162,0,212,15,12,3000,10041,8396,264,312,211,191,868,670,459,654,656,3307,8039,1522,1967,1416,2724,1232,2888,18437
1113.0,59102.0,58.88284518828452,32786.0,88666.0,116086.0,475.0,910.0,1060.0,21.72142857135714,9.107692307692307,4.411538461538462,164479,340,38.5,9616.0,347998.0,10072.0,18412,349274,9676,90449,306,12068,2074,5723,247390,188110,179576,14688,10116,13969,12146,12050,11933,10277,13508,18233,34708,191816,16988,13424,89384,36599,14740,56666,367686
67.0,1361.0,87.12,2457.0,5155.0,6093.0,58.0,104.0,116.0,22.717857142857145,24.138461538461534,9.6,6323,5,41.8,84.0,18929.0,125.0,495,18643,9,9907,0,240,24,43,8915,10145,8993,560,188,272,196,560,433,467,533,728,3562,7594,1596,2212,1806,3310,1254,2876,19138
153.0,1236.0,89.0,2933.0,8045.0,10113.0,97.0,148.0,160.0,22.499999999892857,17.584615384615383,9.72222222222222,11008,30,44.5,265.0,29409.0,144.0,766,29052,18,1128,0,537,136,481,27518,15058,14760,540,372,179,320,1076,1295,950,1166,1194,4688,12632,1488,3032,2151,5230,2287,5304,29818
268.0,11158.0,71.60810810810811,11475.0,27191.0,32967.0,216.0,377.0,410.0,22.071428571428573,15.253846153846156,8.351851851851851,37406,80,39.2,5251.0,89337.0,1549.0,13596,82541,615,2826,36,3580,371,1925,86784,48679,47458,2351,1909,1153,1442,3430,3674,3045,3590,4157,10364,41375,7243,5275,9994,14030,7736,16065,96137
1445.0,55521.0,74.72085889570552,36525.0,112876.0,134986.0,746.0,1600.0,1802.0,21.71428571464286,15.846153846153848,9.21111111111111,160360,138,38.1,5615.0,401053.0,7309.0,11994,401983,7728,149478,61,9219,2748,4609,240134,216851,197126,11839,7452,6979,5385,15731,13978,12986,15817,17853,49537,186851,33924,28185,53847,69244,25032,64501,413977
46.0,917.0,87.42857142857143,1669.0,5261.0,6742.0,39.0,78.0,88.0,22.71785714257143,23.16923076923077,11.255555555555556,6326,12,43.5,55.0,20848.0,103.0,74,20932,125,8918,12,218,286,22,11425,10912,10094,346,257,263,192,706,589,618,579,779,3721,7815,1374,3469,1422,5214,1162,2682,21006
851.0,37795.0,76.95360824742268,22891.0,54527.0,73840.0,525.0,897.0,1010.0,21.71428571464286,20.646153846153844,8.696296296296296,91194,170,36.7,6860.0,215757.0,3834.0,7997,218454,6933,131159,23,6256,478,2941,78661,119722,106729,7752,3791,3970,3950,8533,7809,8510,8475,9784,26937,108775,20143,12840,39764,27407,13928,35605,226451
472.0,10232.0,72.74712643678161,13827.0,35918.0,46540.0,256.0,492.0,551.0,21.78571428607143,11.292307692307691,5.184615384615385,48891,141,40.5,3886.0,114003.0,1463.0,10060,109292,661,15137,196,4160,506,4927,93765,60533,58819,3511,2366,2310,1813,4924,3975,3844,4379,5972,13294,54349,7128,8299,13539,18762,9831,19712,119352
0.0,0.0,96.44444444444444,1071.0,2090.0,2673.0,27.0,43.0,49.0,22.360714285714288,32.6,11.725925925925926,2178,0,38.5,66.0,8917.0,121.0,178,8926,8,6290,0,4,3,103,2696,4760,4344,123,98,4,0,455,137,131,154,139,1899,2696,1114,1349,719,1516,757,954,9104
0.0,0.0,85.61111111111111,2268.0,5228.0,6339.0,57.0,99.0,122.0,22.107142857214285,19.99230769230769,9.544444444444444,6128,0,42.5,688.0,19304.0,57.0,989,19060,8,8078,0,272,38,269,11384,10475,9574,691,192,217,194,781,759,389,717,747,3044,7514,1362,2106,1517,4027,1566,3485,20049
59.0,921.0,80.0,2939.0,7419.0,9264.0,73.0,128.0,142.0,22.210714285714285,20.82307692307692,8.0,12823,2,30.8,1039.0,31880.0,355.0,764,32510,715,12415,3,749,121,41,19230,17263,16011,847,514,512,300,1315,814,715,955,1101,4627,14875,2078,2975,4265,4664,1430,3836,33274
0.0,0.0,78.94736842105263,1657.0,5055.0,6527.0,41.0,74.0,79.0,22.135714285357142,20.04615384615385,9.144444444444444,8203,0,43.6,175.0,22364.0,193.0,663,22069,49,4327,0,518,99,176,17563,11701,11031,533,521,296,159,977,815,809,876,741,2928,9175,1991,1867,2027,3830,1909,3535,22732
47.0,2755.0,80.84444444444445,4102.0,10015.0,13030.0,34.0,84.0,100.0,21.714285714285715,20.23076923076923,8.71111111111111,22221,13,36.7,783.0,56123.0,1032.0,3268,54670,676,26023,30,1911,85,1538,27675,30129,27809,1298,581,894,695,2106,2211,2347,2133,2383,9046,25714,5946,4834,5570,8815,3638,12976,57938
40.0,1975.0,61.78333333333333,9100.0,25172.0,33302.0,228.0,407.0,441.0,21.567857142857143,10.807692307692308,4.65,37294,23,40.5,752.0,87441.0,736.0,2177,86752,668,8399,18,1247,482,722,77393,44673,44256,4559,1162,1580,1041,3103,2626,2830,3924,4699,7241,41937,3601,4320,8695,16253,5960,16519,88929
252.0,7949.0,45.64393939393939,22377.0,60040.0,78112.0,221.0,429.0,482.0,21.571428571392858,6.146153846153847,3.507692307692308,96861,158,39.5,5866.0,205564.0,4920.0,12354,203996,4231,26213,43,6648,834,5821,172560,111753,104597,9488,7236,6533,7874,5182,6096,5843,8363,11192,12949,112497,5383,5903,53088,19842,7138,34494,216350
33.0,333.0,96.42857142857144,1010.0,2563.0,3176.0,32.0,48.0,55.0,22.421428571785714,32.26923076923077,9.666666666666666,4212,0,35.7,243.0,12352.0,0.0,146,12449,247,8987,0,124,8,39,3190,6851,5744,253,102,44,37,466,418,344,342,436,2913,4991,1387,1719,1137,1763,455,2006,12595
245.0,4608.0,81.12068965517241,7670.0,22225.0,28602.0,167.0,362.0,397.0,22.000000000357144,17.984615384615385,9.48148148148148,29483,230,41.4,1205.0,78634.0,405.0,1901,78343,432,25904,151,1766,282,768,50941,41539,38705,2411,1024,1025,618,3407,2607,2187,3342,3685,11435,34544,5893,6034,6343,13335,6960,15178,80244
91.0,2134.0,81.83333333333333,3660.0,11338.0,14611.0,143.0,227.0,253.0,22.27857142857143,18.6,9.366666666666667,14539,5,45.0,391.0,39793.0,266.0,983,39467,167,11178,0,495,51,301,28258,20818,19632,942,676,560,395,1313,1412,1726,1795,1847,5693,17368,3577,3204,3697,6450,3683,6317,40450
675.0,36764.0,61.85034013605442,24513.0,55415.0,70976.0,425.0,741.0,854.0,21.782142856785715,12.561538461538465,4.819230769230769,88805,53,33.2,4972.0,201493.0,2389.0,7966,200888,3435,67305,45,3540,453,1779,132297,108309,100545,6853,4510,3444,3138,7123,6349,5983,7335,8954,21024,103761,11122,10794,33013,28316,10154,31742,208854
259.0,6157.0,83.23333333333333,6636.0,18514.0,24154.0,264.0,426.0,480.0,21.575,17.246153846153845,8.874074074074073,23211,30,42.0,603.0,62941.0,258.0,1657,62145,238,3856,0,1726,188,652,57142,32466,31336,1887,807,884,471,2976,2071,2038,2372,3515,8419,26971,4295,5426,4617,10368,5078,12197,63802
0.0,0.0,88.83333333333333,1573.0,3720.0,4397.0,37.0,57.0,61.0,22.49999999935714,21.06923076923077,11.37037037037037,5243,0,43.8,26.0,16119.0,191.0,141,16195,30,3962,0,315,1223,25,10781,8248,8088,449,296,303,291,515,552,376,394,474,2180,6073,969,1450,1085,3447,900,2489,16336
21.0,89.0,93.46153846153848,1237.0,2869.0,3659.0,26.0,44.0,48.0,22.64642857142857,33.07692307692308,14.562962962962963,3074,2,40.9,38.0,10489.0,25.0,48,10504,4,7418,0,250,12,0,2868,5681,4871,221,105,57,65,404,401,234,276,411,1787,3797,1640,1221,523,2063,885,1530,10552
58.0,892.0,86.76,2596.0,7561.0,9427.0,68.0,122.0,141.0,22.139285714642856,18.015384615384612,10.22962962962963,8626,12,46.1,271.0,23393.0,48.0,743,22969,89,193,16,419,71,261,22663,12065,11647,605,285,192,186,928,884,949,789,960,3834,10014,1861,2446,1551,4713,2206,3540,23712
0.0,0.0,63.0,56.0,543.0,788.0,0.0,0.0,2.0,25.71904761857143,19.87894736842105,35.01395348837209,739,5,44.1,695.0,2448.0,246.0,296,3093,815,129,11,377,1382,175,500,1433,1956,193,91,53,43,74,70,72,78,120,194,2418,72,376,404,993,239,629,3389
0.0,0.0,43.333333333333336,637.0,849.0,1150.0,1.0,2.0,3.0,21.900000000650003,16.778947368421054,5.296153846153846,2263,0,39.7,1452.0,3309.0,947.0,789,4919,2338,167,170,592,615,316,1510,2065,3643,186,97,125,121,42,74,69,211,286,95,4015,89,177,685,1566,278,1249,5708
751.0,29901.0,34.46192893401015,26998.0,98701.0,120327.0,168.0,503.0,601.0,21.717857143,7.907692307692307,5.050000000000001,131936,465,33.9,11789.0,260436.0,19865.0,27411,264679,28672,15507,8332,32042,21921,6881,178735,143136,148954,12276,9308,11577,11528,6884,6473,6838,12646,15279,14161,162794,15070,6494,58220,37484,8934,55330,292090
34.0,1227.0,68.3,3625.0,9738.0,13043.0,22.0,40.0,47.0,25.103448275862068,20.907692307692308,14.248148148148148,2188,83,28.1,178.0,17873.0,212.0,354,17909,212,145,45,743,15194,49,1875,8802,9461,394,269,248,257,448,280,341,396,543,1323,7681,3779,1047,942,4357,1082,2111,18263
0.0,0.0,44.0,451.0,608.0,608.0,2.0,2.0,2.0,32.74000000031428,25.52857142857143,23.881632653061224,326,2,44.8,11.0,712.0,16.0,75,664,17,4,9,79,225,21,384,325,414,39,25,20,27,12,16,33,21,48,43,458,13,37,132,136,18,189,739
0.0,0.0,43.0,73.0,325.0,474.0,0.0,0.0,1.0,21.00000000017647,14.37,34.002631578947366,726,6,43.8,121.0,2302.0,79.0,37,2465,51,54,0,313,43,10,2031,1144,1358,104,58,63,42,34,69,39,59,108,150,1790,19,64,651,457,37,459,2502
0.0,0.0,64.5,184.0,1518.0,2183.0,1.0,11.0,13.0,22.924999999642857,22.315384615384616,14.292857142857144,925,46,30.2,86.0,4776.0,72.0,149,4785,20,74,3,335,3652,34,816,2407,2527,117,73,105,35,161,123,104,154,205,353,2206,653,319,427,1031,222,665,4934
212.0,4358.0,43.903225806451616,6294.0,26264.0,32057.0,33.0,127.0,165.0,21.78928571432143,6.815384615384615,8.877777777777778,44355,88,31.5,2160.0,93543.0,2752.0,8056,90399,3219,4628,558,8027,7615,1651,72757,45346,53109,4024,2962,3351,3031,2787,2890,2985,4198,5210,4761,54645,2972,3441,16265,12302,2553,20336,98455
0.0,0.0,40.0,18.0,585.0,783.0,0.0,1.0,1.0,26.23225806454839,26.57894736842105,21.848387096774196,512,0,40.9,35.0,2412.0,100.0,132,2415,45,0,4,369,164,1,1964,1132,1415,131,67,36,44,102,41,58,140,82,216,1030,213,112,197,367,19,495,2547
0.0,0.0,49.0,0.0,0.0,0.0,0.0,0.0,0.0,21.9000000009,29.964285714285715,17.988888888888887,446,1,52.1,79.0,2037.0,19.0,198,1937,49,72,0,235,712,21,1046,986,1149,53,45,61,35,63,72,60,91,92,183,1182,109,288,236,505,51,469,2135
57.0,1506.0,27.0,1245.0,7561.0,11155.0,3.0,19.0,28.0,22.35714285725,7.653846153846154,4.911538461538462,13086,15,38.5,968.0,29399.0,1732.0,2223,29876,2186,278,373,4286,3233,443,21300,15625,16474,1564,1089,1394,1294,707,602,784,1626,2214,1604,17594,1087,964,6862,4233,610,6526,32099
109.0,2602.0,44.4,3999.0,16642.0,21124.0,18.0,97.0,124.0,22.714285714214288,11.63076923076923,11.107407407407406,19302,30,40.9,662.0,56967.0,1180.0,2497,56312,976,380,212,3827,4649,874,47891,28214,30595,2175,1417,1837,1561,1688,1626,1683,2365,3013,4416,26935,2897,3084,7685,10184,2036,11034,58809
0.0,0.0,33.45454545454545,362.0,3658.0,4908.0,1.0,21.0,27.0,22.500000000357144,10.823076923076922,9.985185185185186,5820,10,40.0,458.0,12596.0,779.0,758,13075,1145,94,25,1347,2034,191,8997,6701,7132,577,418,567,381,418,470,380,516,694,878,7670,641,527,1921,2404,423,2816,13833
0.0,0.0,33.6,1052.0,4681.0,5658.0,6.0,11.0,13.0,22.607142857107146,8.376923076923077,6.715384615384616,5285,9,34.7,1733.0,10537.0,1113.0,1211,12172,3060,67,31,1266,1664,159,7136,6239,7144,767,382,297,222,231,185,358,533,564,692,7586,439,518,2102,2057,756,2577,13383
0.0,0.0,79.0,0.0,121.0,121.0,0.0,0.0,0.0,24.285714285238093,29.95625,39.99183673469388,145,1,32.9,33.0,1058.0,65.0,3,1153,26,80,3,86,679,1,281,626,530,20,15,19,4,36,37,26,47,49,113,630,121,107,138,233,41,184,1156
125.0,5213.0,41.60344827586207,8970.0,33395.0,39994.0,36.0,229.0,272.0,21.721428571535714,8.184615384615386,7.073076923076924,35854,161,35.5,1289.0,103763.0,2308.0,5602,101758,1574,1472,317,9001,6494,649,87853,51589,55771,3668,2612,3092,2578,2163,2172,2075,3258,4222,6124,48894,4973,3068,12166,19371,3625,21827,107360
0.0,0.0,46.6,327.0,5578.0,7536.0,0.0,5.0,7.0,22.714285714285715,17.953846153846154,13.18888888888889,1311,1,28.4,192.0,9698.0,119.0,195,9814,266,74,2,500,7661,16,1490,4760,5249,208,198,186,168,179,223,218,323,390,684,4529,1648,538,850,2145,592,1162,10009
0.0,0.0,65.8,1009.0,3922.0,4946.0,4.0,9.0,15.0,26.87419354870968,12.3,6.884615384615385,1744,51,34.2,355.0,8716.0,304.0,381,8994,546,147,204,734,4933,128,2683,3694,5681,268,139,202,152,88,121,195,162,275,389,5744,551,497,829,2321,592,1772,9375
0.0,0.0,66.77777777777777,590.0,4256.0,5695.0,2.0,14.0,22.0,24.827586207241374,19.984615384615385,14.88888888888889,741,6,28.5,31.0,7597.0,81.0,191,7518,91,78,8,306,6312,17,897,3487,4222,161,117,186,119,127,164,133,177,184,427,3200,1370,367,525,1807,465,861,7709
0.0,0.0,45.0,131.0,179.0,179.0,0.0,2.0,2.0,22.0000000009,28.31764705882353,16.799999999999997,1001,0,48.8,243.0,2701.0,334.0,254,3024,476,66,6,286,225,12,2207,1618,1660,102,62,84,100,137,71,107,158,158,225,1675,70,202,403,513,133,549,3278
0.0,0.0,56.5,74.0,251.0,251.0,1.0,4.0,4.0,21.9000000005,17.62727272727273,13.53529411764706,1796,24,42.1,91.0,6147.0,100.0,243,6095,98,35,40,670,2489,17,2989,2869,3469,240,120,145,58,219,233,191,195,297,655,3096,523,676,596,1301,291,1170,6338
0.0,0.0,24.8,292.0,2118.0,3259.0,0.0,6.0,10.0,22.710714285392857,14.264285714285716,8.803703703703704,3449,3,39.1,370.0,7756.0,443.0,592,7977,655,54,14,1274,987,66,5519,4162,4407,467,151,380,229,274,227,238,385,680,541,4969,168,478,1596,1226,191,1720,8569
0.0,0.0,23.0,19.0,30.0,30.0,0.0,0.0,0.0,23.90909090809091,18.630000000000003,38.35,351,0,40.9,31.0,1187.0,82.0,52,1248,34,58,0,119,59,3,1027,645,655,57,27,20,14,23,34,43,39,79,75,913,9,33,225,293,58,307,1300
0.0,0.0,55.2,498.0,1851.0,2288.0,3.0,18.0,21.0,22.714285714,12.784615384615384,13.003703703703705,2076,0,36.8,220.0,6363.0,328.0,453,6458,194,68,14,284,971,173,5207,3147,3764,254,210,139,100,171,141,113,244,309,606,3112,170,592,750,1327,302,1253,6911
0.0,0.0,49.0,22.0,71.0,71.0,0.0,0.0,0.0,22.1000000003,29.329411764705885,39.91333333333333,763,0,47.8,46.0,2436.0,28.0,99,2411,43,8,32,208,571,12,1636,1154,1356,109,88,47,27,106,108,89,110,106,199,1135,107,166,225,392,175,507,2510
0.0,0.0,60.0,0.0,63.0,63.0,0.0,2.0,2.0,28.85238095290476,22.65714285714286,18.408,184,0,36.3,31.0,537.0,29.0,93,504,50,34,2,99,172,10,230,243,354,27,9,12,2,8,21,60,21,31,30,327,6,37,69,130,16,129,597
0.0,0.0,92.57142857142856,339.0,1382.0,1764.0,4.0,9.0,13.0,22.710714285642855,22.246153846153845,15.103703703703705,705,22,35.3,36.0,5232.0,37.0,132,5173,32,5,2,371,3703,10,1182,2533,2772,89,41,92,37,161,164,142,185,202,744,2643,675,929,314,1183,232,876,5305
116.0,3907.0,91.85714285714286,10667.0,22031.0,36336.0,394.0,586.0,608.0,22.28214285714285,23.746153846153845,13.055555555555555,15799,10,35.4,415.0,70722.0,577.0,4751,66963,262,545,55,1741,52565,759,15787,36326,35388,1148,657,475,139,1948,1921,1439,1753,2006,10019,20946,9327,12043,4166,11710,4728,13912,71714
93.0,4012.0,72.33009708737865,11359.0,31110.0,39086.0,272.0,540.0,564.0,21.921428571785714,16.838461538461537,8.585185185185185,41475,329,41.0,5128.0,113138.0,8176.0,44858,81584,2386,5158,400,10177,1461,3071,103789,62071,64371,3818,2621,2179,1406,5430,4312,4688,5256,6426,14781,51319,9139,7488,14305,14262,6743,24960,126442
341.0,12467.0,44.03809523809524,16795.0,43213.0,52821.0,316.0,456.0,472.0,21.785714286214283,13.207692307692309,9.022222222222222,51950,180,31.0,3174.0,136131.0,2949.0,20441,121813,2737,1929,175,6218,37159,4230,89806,72130,70124,3837,2899,3002,2559,4033,3712,4296,5296,6484,12898,71789,7101,8189,24365,15155,5273,21566,142254
0.0,0.0,68.68888888888888,6424.0,16889.0,21401.0,218.0,359.0,379.0,21.92857142892857,16.93076923076923,9.266666666666666,17165,21,50.4,863.0,52086.0,897.0,10252,43594,446,391,32,2654,8665,1814,39844,27175,26671,1178,997,842,569,2322,2257,2010,2158,2897,7293,20584,4633,5753,4386,7284,3251,9248,53846
12.0,814.0,69.62962962962963,5322.0,11918.0,14101.0,76.0,172.0,176.0,22.457142857142856,17.784615384615385,9.314814814814817,12276,192,33.7,511.0,37417.0,376.0,12683,25621,262,683,41,2258,4814,563,29683,17846,20458,970,505,412,206,1010,1037,1025,1393,1692,3098,14387,2683,2219,2661,5790,2780,7530,38304
0.0,0.0,76.75,561.0,2208.0,2717.0,10.0,31.0,32.0,22.53214285714285,9.607692307692307,6.596153846153846,3878,7,35.7,162.0,9219.0,84.0,4474,4991,38,175,0,456,364,135,8297,4403,5062,415,132,126,82,281,320,215,776,418,530,4143,405,443,900,1390,624,1598,9465
0.0,0.0,86.88461538461539,2423.0,5150.0,5950.0,73.0,133.0,143.0,20.995,20.43846153846154,8.714814814814815,5609,100,57.4,1415.0,18900.0,720.0,5825,15210,171,205,4,1148,3070,853,15584,10285,10750,434,211,88,159,1066,922,798,1004,885,4361,6792,1377,2870,863,2732,1906,2731,21035
9047.0,403291.0,42.05334307636098,517726.0,1253285.0,1530926.0,9368.0,15855.0,17103.0,21.567857142857143,9.76923076923077,4.838461538461538,1773503,6401,36.6,371026.0,3762797.0,278956.0,1374312,3038467,187298,249691,9696,311800,85061,313146,3256087,2230812,2181967,157437,107039,113600,128657,135806,136662,126992,166562,216756,307273,2248971,240079,139509,767733,493395,273313,746833,4412779
560.0,18204.0,66.39506172839506,21484.0,57067.0,67291.0,658.0,1388.0,1435.0,21.853571428214284,18.57692307692308,8.85925925925926,65478,209,52.3,6603.0,197974.0,6421.0,35276,175722,2506,1976,470,9492,4323,6647,185584,104556,106442,6353,2654,2953,2232,10323,9458,8739,9475,10794,27432,80309,13337,13307,13306,32574,13992,38209,210998
141.0,7048.0,76.83908045977012,15765.0,37838.0,48374.0,507.0,854.0,902.0,22.107142856785718,22.53076923076923,11.02962962962963,28875,85,38.2,1457.0,107404.0,1410.0,12881,97390,521,1174,162,3939,48401,3964,52110,54994,55277,2172,1378,1396,526,4111,3515,2776,3591,3859,13082,38826,13044,11440,7729,16179,7817,20249,110271
2616.0,100132.0,57.48583569405099,110790.0,250949.0,317052.0,2270.0,3663.0,3803.0,21.717857142857145,13.261538461538462,8.207407407407409,381566,1538,38.7,64707.0,909006.0,64763.0,389875,648601,30086,36441,1752,81414,37350,90077,761356,527601,510875,33228,21741,21559,20727,40596,38080,32808,41512,52009,108682,491825,66685,39706,159739,106410,54811,173457,1038476
250.0,12761.0,61.67264573991032,47093.0,129241.0,156974.0,797.0,1549.0,1645.0,21.571428571428573,9.261538461538462,5.949999999999999,145648,390,39.8,21344.0,407152.0,19063.0,136381,311178,7366,20151,1568,30862,21226,22843,343543,215137,232422,15081,8831,7481,5485,13324,13238,13185,17508,21128,33174,181066,27622,14927,42194,68399,29594,79406,447559
0.0,0.0,71.02777777777777,7664.0,16580.0,19628.0,171.0,226.0,228.0,22.075,19.569230769230767,12.122222222222222,15902,78,37.2,5922.0,31141.0,9531.0,38792,7802,200,398,0,4955,292,4329,36420,24158,22436,961,530,494,595,1868,1407,1617,1041,1674,5862,19579,6314,3017,4433,6523,3530,6848,46594
356.0,24868.0,44.83625730994152,18046.0,47542.0,60313.0,474.0,1143.0,1195.0,21.77857142842857,11.892307692307693,8.28888888888889,76199,134,54.1,6182.0,218046.0,8168.0,34110,198286,2377,1577,142,9532,3159,8060,207549,118897,113499,7879,4444,3896,4191,10072,9475,9027,12052,12302,27907,95765,7885,12599,23986,29204,9709,43152,232396
406.0,12394.0,74.47798742138365,36581.0,62297.0,71174.0,803.0,1135.0,1167.0,21.78214285714285,16.323076923076922,18.91111111111111,73920,354,34.8,29914.0,155320.0,26697.0,135779,76152,2534,4611,136,22951,3104,31536,147059,102694,109237,5147,2941,2689,1632,8176,6602,6968,6904,10354,23211,90181,19514,11676,15751,24111,22554,31893,211931
49.0,693.0,81.78571428571429,2006.0,5657.0,7009.0,38.0,78.0,95.0,22.28928571392857,17.076923076923077,9.71111111111111,7421,50,41.0,111.0,17602.0,48.0,598,17163,10,4461,0,399,102,121,12668,9263,8498,675,264,316,165,454,631,824,824,772,2491,8325,1379,1865,1673,3624,925,2732,17761
0.0,0.0,92.0,1855.0,5081.0,6249.0,33.0,62.0,82.0,22.717857143214285,21.115384615384617,10.6,6816,0,42.3,389.0,19506.0,105.0,1122,18878,34,4977,92,227,8,222,14440,10341,9659,408,308,102,181,795,640,631,682,1138,2831,7738,1533,2492,1283,4387,1205,2635,20000
211.0,9530.0,76.56666666666666,2940.0,8595.0,10722.0,96.0,239.0,283.0,22.500000000357144,13.684615384615386,8.77037037037037,13931,0,52.3,213.0,40937.0,523.0,1010,40663,172,79,17,1271,208,358,39568,21432,20241,938,535,631,377,2559,2014,1810,2045,1853,5965,16239,1982,3082,3654,6537,2032,6825,41673
455.0,20195.0,52.81578947368421,27608.0,66111.0,77394.0,386.0,801.0,1002.0,21.714285714285715,7.076923076923077,3.6538461538461537,120559,565,35.5,22551.0,240252.0,10707.0,45827,227683,10884,4257,1826,21188,3289,7870,224196,137412,136098,9638,6553,6573,9207,7721,7384,8451,10969,16055,17110,136457,6804,11283,51410,39668,14626,36887,273510
134.0,2063.0,78.125,3676.0,9356.0,11277.0,79.0,168.0,203.0,22.50714285714286,13.86923076923077,8.396296296296295,14665,24,42.9,201.0,37025.0,299.0,961,36564,274,80,0,854,251,103,35963,19021,18504,995,610,403,363,1683,1701,1340,1432,1885,4631,16923,1975,2159,3362,6041,1856,7185,37525
0.0,0.0,89.16666666666667,1325.0,2981.0,3595.0,31.0,46.0,57.0,22.42500000035714,18.67692307692308,9.440740740740742,3817,11,40.3,550.0,9931.0,324.0,1662,9143,7,2974,0,183,357,61,7223,5703,5102,262,159,143,70,518,469,407,299,416,1490,4400,739,1144,574,2375,817,1766,10805
0.0,0.0,90.6,404.0,943.0,1194.0,3.0,9.0,14.0,22.65000000025,19.335714285714285,19.15806451612903,1976,1,45.3,14.0,5065.0,81.0,216,4944,0,1143,15,153,0,9,3840,2579,2581,90,89,125,4,152,198,216,152,213,515,2267,243,483,237,1252,391,802,5160
0.0,0.0,72.25,2729.0,6038.0,7284.0,43.0,97.0,123.0,22.2821428575,16.984615384615385,7.859259259259259,10218,11,44.8,1811.0,25756.0,495.0,4237,23825,384,251,277,1276,338,477,25059,14084,13978,615,409,327,435,1021,858,1052,1185,1396,3781,12311,1088,2374,2629,5033,2059,3689,28062
0.0,0.0,94.1818181818182,1595.0,2753.0,3126.0,40.0,57.0,65.0,22.57857142821428,25.33076923076923,10.851851851851851,2923,0,43.4,203.0,10115.0,115.0,599,9834,63,5611,0,234,16,68,4441,5266,5167,108,128,52,151,478,416,276,379,298,1766,3689,938,1100,649,2031,894,1541,10433
0.0,0.0,82.70588235294117,2059.0,5237.0,6412.0,38.0,77.0,92.0,22.49642857125,17.838461538461537,8.97037037037037,9087,39,32.6,352.0,21830.0,159.0,1079,21262,142,5408,12,436,44,665,15634,11754,10587,580,322,126,208,952,524,689,593,1075,3267,10626,987,1998,2397,3034,866,3049,22341
0.0,0.0,93.07692307692308,1703.0,4071.0,5146.0,48.0,90.0,101.0,22.57142857171429,17.96923076923077,9.825925925925926,5479,0,42.7,59.0,14605.0,46.0,325,14385,4,72,0,316,57,208,14053,7472,7238,337,164,59,115,1006,592,466,710,671,2356,6564,1272,1554,1161,2908,745,2509,14710
0.0,0.0,77.9047619047619,1905.0,6404.0,8055.0,68.0,125.0,148.0,22.289285714285715,17.492307692307694,9.12962962962963,9305,26,49.5,263.0,24767.0,33.0,606,24457,83,227,0,445,222,7,24079,12547,12516,553,209,495,362,1648,1234,941,1196,1147,3097,10577,1015,1976,1951,5051,1311,3697,25063
0.0,0.0,87.5,936.0,2245.0,2677.0,25.0,35.0,42.0,26.299999999766666,13.092307692307692,5.396153846153846,2832,0,42.5,2.0,8043.0,18.0,0,8063,0,1087,0,146,23,0,6807,4238,3825,217,144,106,50,256,362,223,301,395,1116,3245,517,977,766,1766,337,1217,8063
29.0,924.0,87.61111111111111,2283.0,5319.0,6794.0,54.0,89.0,105.0,22.49642857142857,22.338461538461537,9.303703703703704,8120,0,35.5,304.0,23181.0,135.0,650,22970,192,8542,0,206,55,213,14412,12268,11352,428,306,196,299,908,846,521,811,689,3452,9461,1650,2384,2300,4450,1116,2654,23620
0.0,0.0,83.0625,2164.0,5419.0,6606.0,31.0,59.0,84.0,22.27857142892857,16.615384615384617,8.95185185185185,8236,2,42.7,258.0,20462.0,175.0,844,20051,102,2111,0,784,90,3,17805,10595,10300,500,355,334,256,686,794,734,788,951,3093,9709,1556,2146,2107,4271,1073,3110,20895
602.0,31299.0,73.55263157894737,12933.0,36975.0,47352.0,178.0,320.0,388.0,21.7821428575,15.653846153846152,8.040740740740741,47254,124,34.4,3120.0,104804.0,1157.0,5604,103477,1450,16601,6,3931,214,2193,84686,55837,53244,3557,1655,1590,1813,4886,3526,3563,3925,4916,12772,54281,8087,5248,15899,18003,4541,16774,109081
74.0,382.0,79.0909090909091,6870.0,15733.0,18657.0,108.0,243.0,295.0,21.71428571392857,13.4,4.730769230769231,24623,19,39.2,1568.0,60434.0,1116.0,5027,58091,1030,1007,28,2593,1229,1864,55367,32012,31106,1937,1170,857,482,2730,2118,2257,2167,2925,7422,27348,5054,4543,5860,10958,4643,10591,63118
11.0,503.0,83.90697674418605,5796.0,13937.0,16702.0,94.0,215.0,246.0,21.567857143214287,19.96923076923077,8.88888888888889,18992,78,35.3,600.0,47518.0,263.0,1311,47070,361,23512,22,3644,87,100,20655,25364,23017,1651,664,551,519,2225,1623,1445,1302,2238,6803,22755,5624,3303,4395,8376,3217,8195,48381
0.0,0.0,86.0625,1901.0,4789.0,5745.0,48.0,78.0,104.0,22.142857142857142,16.653846153846153,8.837037037037037,6641,21,40.7,341.0,16226.0,9.0,341,16235,7,2949,0,1346,32,10,12232,8592,7984,414,220,276,133,864,498,482,554,901,2226,7785,961,1421,1276,3250,1351,2506,16576
0.0,0.0,93.25,747.0,1731.0,2071.0,13.0,29.0,41.0,22.285714285,20.907692307692308,9.52962962962963,2679,3,45.1,12.0,7102.0,0.0,117,6997,0,3063,28,118,36,35,3834,3659,3455,203,43,56,16,353,205,210,340,251,1315,3033,321,1094,442,1447,375,1109,7114
0.0,0.0,94.33333333333331,1341.0,3010.0,3656.0,23.0,38.0,44.0,22.292857142857144,24.392307692307693,9.992592592592594,4157,2,40.8,343.0,11104.0,91.0,734,10804,46,5471,0,174,40,176,5631,6231,5307,189,77,43,101,445,438,466,448,439,2413,4607,1221,1695,858,2508,892,1300,11538
60.0,2136.0,83.5,1959.0,4648.0,5638.0,38.0,66.0,84.0,22.499999999642856,17.584615384615383,10.14074074074074,7056,0,37.3,92.0,18133.0,38.0,653,17610,5,5198,0,344,3,207,12506,9377,8886,527,402,220,188,554,378,510,581,919,2928,8000,934,1788,2089,2917,702,2646,18263
261.0,11838.0,66.04166666666667,11931.0,34848.0,42997.0,155.0,307.0,358.0,21.71071428632143,10.053846153846154,4.423076923076923,54892,109,33.3,3298.0,120367.0,1135.0,5192,119608,1434,14357,167,4066,453,2331,101992,64133,60667,4440,2208,2255,1695,4965,3919,3179,4447,5480,12503,61594,5567,5060,20400,18633,3777,18956,124800
0.0,0.0,88.66666666666667,1649.0,3779.0,4488.0,38.0,71.0,82.0,22.0,15.86153846153846,7.962962962962963,6401,42,41.8,82.0,17642.0,61.0,568,17217,133,175,59,387,287,171,16573,8940,8845,362,114,128,135,747,492,501,633,831,2728,7295,1167,1888,1136,3447,833,3219,17785
0.0,0.0,92.5,1088.0,2660.0,3108.0,47.0,86.0,99.0,22.714285714285715,19.54615384615385,8.181481481481482,3559,7,48.7,29.0,12143.0,129.0,77,12224,16,41,26,454,112,9,11643,6276,6025,330,49,178,28,700,371,325,408,519,2106,4320,654,1403,759,1853,791,2373,12301
445.0,17863.0,74.3012048192771,9881.0,22721.0,27083.0,238.0,487.0,581.0,21.78928571378572,13.53076923076923,8.518518518518519,36559,28,45.1,2880.0,94785.0,1378.0,5699,93344,810,8275,39,2972,974,1778,84195,51575,47468,2131,1610,1662,1032,4332,4039,3554,5265,4690,12591,43535,6440,6961,10605,15174,4745,17898,99043
0.0,0.0,74.36363636363636,1608.0,4394.0,5252.0,32.0,59.0,65.0,21.71428571439285,10.261538461538462,4.546153846153846,7341,12,40.1,222.0,17939.0,68.0,525,17704,0,479,29,500,20,79,17122,9196,9033,563,499,602,154,524,519,655,700,942,1891,8325,655,1301,2066,3775,774,2974,18229
129.0,2656.0,79.48387096774194,5940.0,15771.0,19801.0,75.0,167.0,201.0,22.139285714642856,12.36153846153846,5.688461538461539,17817,5,37.7,240.0,44889.0,68.0,1306,43891,169,1046,21,1181,125,331,42324,23070,22127,1467,868,358,317,1923,1687,1874,1740,2187,5166,20954,3334,2555,4344,10198,2130,6443,45197
48.0,331.0,87.45,1938.0,4505.0,5638.0,19.0,58.0,83.0,22.25357142857143,18.93846153846154,7.95925925925926,8181,26,40.8,1000.0,20385.0,310.0,2789,18906,28,6531,73,542,119,2150,12252,11670,10025,651,145,162,230,1192,519,766,912,1001,2522,9149,1820,1807,1611,3673,1745,3392,21695
69.0,1415.0,84.64,4913.0,11056.0,13058.0,68.0,126.0,161.0,22.25357142857143,17.946153846153848,8.78888888888889,12460,33,40.9,219.0,33329.0,119.0,1187,32480,78,3797,6,879,95,322,28490,16004,17663,1125,358,279,236,1444,1130,1251,1343,1360,3989,14082,2195,3379,2666,6793,1944,6423,33667
0.0,0.0,85.66666666666667,1612.0,3740.0,4657.0,24.0,48.0,64.0,22.435714285714287,18.1,7.825925925925926,5180,0,39.6,751.0,12277.0,239.0,1680,11587,116,2722,17,337,57,1218,8800,6939,6328,237,138,124,127,575,505,357,567,462,2179,5934,1031,1191,946,2535,761,2151,13267
212.0,7649.0,83.1,3689.0,10551.0,12797.0,121.0,200.0,231.0,22.500000000357144,16.96153846153846,9.233333333333334,15105,0,39.4,758.0,36459.0,368.0,2489,35096,305,719,0,1502,104,1197,33758,19123,18462,833,633,429,332,1379,1650,1333,1585,1761,4390,16978,2507,3674,3531,6628,2268,6267,37585
0.0,0.0,89.33333333333333,1653.0,3873.0,4712.0,41.0,65.0,78.0,22.78571428642857,19.423076923076923,9.411111111111111,3865,15,48.0,72.0,13500.0,24.0,326,13270,0,142,0,1034,112,38,12270,6448,7148,207,80,143,60,443,653,590,339,576,1820,4806,502,1230,945,2433,1063,2442,13596
0.0,0.0,93.75,3187.0,5994.0,7280.0,37.0,56.0,76.0,22.2892857145,20.00769230769231,9.92222222222222,5141,0,40.0,51.0,16812.0,45.0,501,16407,9,1949,6,1880,15,40,13009,8535,8373,360,137,106,128,830,703,466,560,526,2425,6291,1286,1509,1099,3726,1261,3056,16908
290.0,7547.0,89.60655737704919,8657.0,18521.0,22364.0,167.0,268.0,316.0,21.78571428607143,18.33076923076923,9.88888888888889,23433,0,39.5,529.0,66981.0,613.0,1482,66641,671,38000,358,1423,199,733,26739,34475,33648,1496,886,776,566,3409,2369,1945,2835,2531,9817,27662,5825,7296,5901,13733,3879,10870,68123
90.0,1470.0,84.0625,2807.0,6687.0,8197.0,31.0,76.0,103.0,22.428571428571427,16.6,8.307407407407409,9238,5,38.4,1588.0,24106.0,781.0,3700,22775,596,412,43,1285,47,537,23555,13476,12999,337,359,268,134,1159,1111,719,925,970,3810,10829,1736,3143,2316,5301,2635,2844,26475
0.0,0.0,96.88888888888889,540.0,1277.0,1507.0,9.0,30.0,30.0,22.5,22.753846153846155,9.133333333333333,2275,3,48.0,112.0,6570.0,46.0,198,6530,50,2406,0,113,20,112,4027,3354,3374,185,86,66,14,350,221,187,279,234,1276,2753,413,947,502,1479,504,779,6728
0.0,0.0,91.875,2057.0,5161.0,6526.0,41.0,74.0,90.0,22.282142856928573,20.192307692307693,9.2,6122,14,40.4,103.0,16363.0,45.0,268,16243,11,232,2,545,45,40,15636,8266,8245,342,174,142,80,751,541,549,822,681,2502,7167,1206,1430,1345,3003,913,2799,16511
0.0,0.0,94.22222222222224,1648.0,2887.0,3344.0,35.0,58.0,68.0,22.35357142825,30.523076923076925,9.392592592592592,2406,0,42.3,102.0,8858.0,3.0,245,8718,6,4994,0,60,31,51,3821,3870,5093,152,63,49,74,156,227,227,213,367,1674,3129,689,999,413,2341,776,1276,8963
0.0,0.0,87.55555555555556,3160.0,4900.0,5502.0,45.0,66.0,70.0,21.785714285928574,16.76153846153846,9.262962962962964,3138,1,38.7,213.0,13020.0,45.0,543,12735,0,4016,0,149,73,297,8743,4811,8467,115,101,59,137,374,308,339,581,347,1237,3404,380,1356,508,3985,1608,1824,13278
0.0,0.0,89.57142857142857,1193.0,3237.0,3888.0,40.0,91.0,109.0,22.039285714285715,16.076923076923077,7.992592592592593,4821,0,42.8,21.0,12298.0,26.0,455,11890,41,2382,0,352,133,232,9205,6459,5886,356,271,217,86,494,390,382,547,732,1817,5576,601,1325,951,2602,462,2082,12345
0.0,0.0,85.76470588235294,2188.0,5076.0,6069.0,21.0,74.0,91.0,22.289285714285715,15.415384615384616,8.503703703703705,7972,9,43.0,135.0,21299.0,185.0,662,20957,344,321,0,1167,175,187,19425,10970,10649,361,273,181,142,899,1203,748,959,849,2744,9608,1338,2105,1574,4609,1019,3809,21619
0.0,0.0,72.04878048780488,6920.0,19717.0,23994.0,111.0,232.0,270.0,21.717857142857145,9.615384615384617,4.1692307692307695,31603,91,36.7,715.0,71531.0,917.0,3332,69831,734,4051,157,2494,350,848,64529,37218,35945,2446,1435,1698,943,2437,2507,2350,2933,4015,6454,35902,3511,3907,8509,14219,3200,12945,73163
0.0,0.0,82.15384615384616,1414.0,3890.0,4857.0,23.0,59.0,69.0,21.717857142857145,14.276923076923076,7.181481481481482,5938,19,41.0,250.0,15933.0,210.0,955,15438,126,17,102,633,132,231,15152,8064,8329,469,192,103,120,743,558,247,554,868,2191,6996,901,1352,966,4157,1040,2163,16393
0.0,0.0,78.47058823529412,983.0,3341.0,4100.0,30.0,85.0,95.0,22.7821428575,20.3,8.818518518518518,4931,0,52.1,91.0,16281.0,214.0,392,16194,96,114,0,312,171,12,15881,8554,8032,248,168,92,142,1020,823,581,657,566,2621,5931,951,1254,1201,2822,1109,2894,16586
0.0,0.0,81.08108108108108,4090.0,9420.0,11628.0,34.0,161.0,210.0,21.782142856785715,18.423076923076923,7.666666666666667,15836,11,39.7,464.0,42682.0,369.0,1499,42016,126,10893,42,854,576,720,30304,22126,21389,1088,810,596,382,1592,1737,1542,1493,1411,5586,18556,3092,2971,3777,8001,2842,7796,43515
28.0,1779.0,85.97674418604652,5695.0,13218.0,16411.0,112.0,198.0,235.0,21.99642857142857,20.93846153846154,10.737037037037036,16815,13,36.8,501.0,40707.0,188.0,1805,39591,195,14486,34,1230,30,488,24933,21158,20238,811,1118,591,502,1726,1652,1407,1437,1416,5963,19680,3887,2963,3252,8567,3008,6052,41396
0.0,0.0,93.75,838.0,1916.0,2309.0,17.0,31.0,39.0,22.57142857071429,24.892307692307693,8.744444444444444,2677,0,46.0,5.0,6858.0,16.0,75,6804,16,2907,0,128,47,31,3750,3583,3296,223,50,78,60,314,281,215,237,433,1343,3078,865,980,363,1507,596,899,6879
0.0,0.0,82.55555555555556,740.0,1488.0,1770.0,30.0,57.0,67.0,22.500000000357144,20.33076923076923,8.514814814814814,3030,12,50.6,192.0,8732.0,40.0,386,8578,34,31,0,267,98,273,8261,4488,4476,281,93,83,48,407,423,232,440,315,1384,3505,510,1018,643,1506,740,1402,8964
0.0,0.0,94.875,798.0,2158.0,2770.0,24.0,44.0,47.0,22.52857142832143,21.23846153846154,8.285185185185185,2896,0,44.6,1.0,8248.0,0.0,1,8248,5,2872,1,190,21,0,5160,4111,4138,146,82,46,13,396,228,393,425,259,1200,3286,956,1002,381,2075,339,1218,8249
0.0,0.0,78.5,697.0,1703.0,2051.0,26.0,45.0,54.0,24.686206896551724,20.54615384615385,11.15,2330,4,49.1,13.0,7737.0,3.0,72,7681,8,3,34,297,135,57,7219,3922,3831,189,61,19,14,308,258,194,346,406,1201,2847,368,873,508,1447,276,1316,7753
82.0,969.0,92.56,2245.0,5414.0,6776.0,57.0,95.0,126.0,22.5,19.91538461538461,9.685185185185183,8334,2,44.4,132.0,23370.0,95.0,567,23030,10,10061,0,194,0,39,13293,12444,11153,658,254,271,102,1260,691,602,897,967,3785,9492,1793,2435,1513,4545,1360,4198,23597
0.0,0.0,81.77777777777777,806.0,2491.0,3017.0,9.0,35.0,43.0,21.717857143357143,14.6,8.837037037037037,3289,0,44.0,35.0,10280.0,27.0,317,10025,6,291,0,299,18,167,9561,5037,5305,283,313,101,51,390,374,186,329,394,1279,3885,391,901,1062,2139,407,1695,10342
127.0,551.0,92.25,1719.0,4746.0,5887.0,36.0,94.0,106.0,22.28928571464286,30.646153846153847,9.6,5931,4,39.5,2.0,18058.0,91.0,355,17796,0,11524,0,180,9,53,6385,9623,8528,459,173,134,103,710,473,739,602,548,3620,7431,2594,2078,1337,2806,1062,3326,18151
0.0,0.0,89.44444444444444,985.0,2547.0,2964.0,22.0,41.0,49.0,22.796428570714284,18.2,8.685185185185185,4292,33,43.7,316.0,10322.0,76.0,699,10015,21,408,0,327,48,384,9526,5432,5282,303,143,108,130,489,360,351,431,365,1535,4834,568,1101,1063,1882,691,1717,10714
0.0,0.0,91.78260869565216,3091.0,7895.0,10113.0,76.0,122.0,139.0,21.785714285642857,19.184615384615384,8.566666666666666,8709,20,39.9,168.0,23451.0,128.0,762,22985,11,888,0,1891,18,267,20672,12161,11586,514,248,204,85,1107,894,886,1164,849,3616,10057,2104,1983,1457,5256,2029,3179,23747
65.0,1037.0,85.375,1917.0,4094.0,4652.0,66.0,141.0,160.0,22.707142856785712,19.96153846153846,8.57037037037037,6749,9,44.4,585.0,19189.0,225.0,1311,18688,61,104,21,740,319,702,18052,10252,9747,316,227,172,270,1135,862,700,730,691,3011,8207,998,1731,1448,3473,1398,3135,19999
157.0,4719.0,77.45,7790.0,18315.0,20964.0,102.0,195.0,230.0,22.360714285357144,16.4,8.348148148148148,24683,67,35.6,2413.0,60453.0,1060.0,5882,58044,714,1741,0,2248,338,1739,57146,32379,31547,1793,639,1050,926,2996,2032,1762,2375,2002,7288,28497,4308,3784,7792,10826,4246,8264,63926
0.0,0.0,92.3,881.0,1952.0,2416.0,24.0,41.0,46.0,22.5,16.5,5.373076923076923,3132,0,46.0,16.0,8113.0,9.0,149,7989,14,946,0,140,10,40,6988,4137,4001,170,88,106,116,424,339,422,359,437,1294,3840,325,1043,744,1346,397,1489,8138
2200.0,90567.0,67.73309608540926,37726.0,102261.0,127945.0,583.0,1143.0,1322.0,21.710714286035717,16.1,4.638461538461538,167548,611,37.4,12783.0,372242.0,8053.0,24214,368864,8615,145595,266,13070,1383,9590,214559,205618,187460,12493,7464,8303,9995,17210,14095,11865,16596,18011,45620,196142,26676,25021,74550,51843,16453,63862,393078
41.0,637.0,88.88235294117646,2030.0,4964.0,6456.0,50.0,80.0,107.0,22.64642857107143,17.73076923076923,9.72222222222222,6281,16,40.0,322.0,17287.0,325.0,395,17539,58,165,111,644,62,135,16759,8927,9007,328,291,111,97,727,758,535,860,818,2769,7304,975,1759,1299,2916,1246,3395,17934
62.0,1716.0,95.95454545454544,3463.0,7061.0,8565.0,37.0,90.0,110.0,22.075000000357143,27.27692307692308,9.762962962962964,8162,22,38.7,818.0,24598.0,61.0,1356,24121,170,13470,41,923,117,519,10237,11216,14261,320,186,200,209,989,1266,678,741,699,4025,9400,2677,2760,1352,4861,2293,5271,25477
195.0,6008.0,60.371428571428574,11540.0,30608.0,37142.0,164.0,315.0,395.0,21.71428571439285,7.907692307692307,4.038461538461538,54194,286,39.6,2162.0,117297.0,1531.0,6017,114973,1454,9273,110,3261,339,1248,105305,61832,59158,4912,3395,2493,1945,3875,3782,3700,5120,7065,8811,60555,3796,5346,18196,18195,5009,20993,120990
0.0,0.0,88.77777777777777,927.0,2272.0,2852.0,14.0,38.0,49.0,22.28571428535714,18.784615384615385,7.229629629629629,4006,0,41.2,80.0,9962.0,227.0,808,9461,141,222,0,477,37,458,8934,4860,5409,222,161,59,71,308,553,455,451,257,1577,4665,790,1278,680,2099,697,1541,10269
0.0,0.0,89.1,665.0,2093.0,2562.0,15.0,42.0,53.0,22.78571428607143,22.053846153846152,8.088888888888889,2761,3,48.4,22.0,7842.0,34.0,209,7689,28,41,0,379,263,9,7178,3950,3948,155,25,29,27,455,423,194,260,310,1357,3173,436,1032,356,1608,569,1151,7898
577.0,28482.0,77.0873786407767,14768.0,32505.0,39338.0,262.0,508.0,587.0,21.71428571464286,15.684615384615386,7.92962962962963,52942,2,37.9,6007.0,116618.0,5045.0,18397,109273,5798,7910,24,8093,1344,12504,91997,65220,62450,3859,2332,1615,1794,6839,4706,4872,4610,5846,15553,61753,7608,9134,15647,18897,9675,20740,127670
0.0,0.0,87.18181818181819,2750.0,5822.0,7125.0,29.0,70.0,84.0,22.500000000535717,18.0,8.22962962962963,6557,10,35.2,2098.0,14304.0,545.0,5686,11261,82,786,86,429,454,4607,10503,8359,8588,510,93,110,161,398,791,406,762,603,1856,7455,1388,1126,987,2986,2198,2068,16947
0.0,0.0,94.88888888888889,1531.0,4590.0,5714.0,51.0,100.0,123.0,22.571428571428573,19.307692307692307,9.385185185185186,5654,14,47.9,75.0,17101.0,41.0,412,16805,3,176,0,806,29,53,16150,8769,8448,170,104,105,100,887,776,615,643,745,3170,6466,1463,1866,802,3172,1255,2820,17217
0.0,0.0,78.41666666666667,973.0,2888.0,3702.0,30.0,61.0,80.0,25.03793103448276,23.16923076923077,8.707407407407409,3581,12,50.0,11.0,12494.0,77.0,245,12337,64,12,0,536,45,90,11835,6371,6211,277,25,76,52,528,359,401,631,398,2119,4581,1162,1361,879,1876,1120,2022,12582
121.0,2962.0,84.78571428571429,3837.0,9147.0,11292.0,102.0,165.0,204.0,22.432142857142857,16.9,9.807407407407409,14876,45,41.3,522.0,38143.0,424.0,1571,37518,302,12883,0,386,286,168,25064,20264,18825,1274,528,763,484,1886,1392,1016,1445,1722,5345,16566,2421,4139,4336,6564,2429,6297,39089
0.0,0.0,86.23529411764706,1218.0,3444.0,4340.0,21.0,60.0,67.0,22.457142857142856,18.084615384615383,9.274074074074074,5166,5,48.6,199.0,16327.0,52.0,538,16040,22,103,14,440,212,139,15648,8396,8182,397,167,167,93,963,785,657,644,747,2600,6278,690,1804,1042,3384,1206,2320,16578
735.0,33441.0,59.67586206896552,29710.0,67621.0,80947.0,330.0,596.0,709.0,21.717857142857145,10.146153846153847,3.619230769230769,101480,319,32.2,18225.0,210803.0,7170.0,39898,196300,6262,8080,6243,14449,1918,21724,177522,117983,118215,7019,4451,4380,5062,9760,8485,8412,8325,9311,23889,119860,8533,11335,40033,29264,16287,30990,236198
234.0,10333.0,78.2156862745098,7653.0,21830.0,27120.0,112.0,274.0,340.0,22.07142857107143,13.915384615384616,9.085185185185184,29963,71,37.1,1588.0,76499.0,638.0,3497,75228,626,3369,0,2155,356,630,71589,40212,38513,2362,981,806,807,3305,2827,2195,2937,2919,9764,33982,4537,5211,8131,15462,4712,10079,78725
0.0,0.0,93.0,626.0,1712.0,2274.0,11.0,28.0,33.0,22.7571428575,23.846153846153847,12.85,2591,0,46.1,6.0,6471.0,0.0,15,6462,0,1893,0,63,1,0,4520,3472,3005,69,106,34,139,210,331,167,226,445,1275,2972,484,1214,433,1481,300,843,6477
42.0,1412.0,84.11764705882354,3393.0,6784.0,7596.0,67.0,102.0,118.0,22.217857142714283,14.73076923076923,8.122222222222222,8552,25,40.0,1539.0,19378.0,508.0,4397,17028,261,448,0,349,83,3615,16669,10587,10838,586,255,192,99,799,750,712,947,1034,2423,9851,1363,1813,1324,4301,2168,3066,21425
3150.0,104707.0,7.740974729241877,82028.0,253101.0,380082.0,1156.0,1780.0,2202.0,21.571428571785717,7.184615384615385,5.492307692307692,544105,2147,37.8,247282.0,1117310.0,296992.0,369546,1292038,519249,171922,13648,130496,11037,184195,631037,844443,817141,56007,46561,72187,124140,28088,27972,28706,40080,64029,85404,912575,56942,40625,487249,153108,92833,218620,1661584
0.0,0.0,24.0,83.0,122.0,139.0,0.0,0.0,0.0,33.027777778027776,26.93684210526316,25.28367346938776,247,0,47.6,20.0,1086.0,53.0,183,976,6,10,4,111,360,5,663,540,619,52,61,28,29,39,17,45,29,41,56,451,74,22,141,198,32,167,1159
52.0,2161.0,31.0,3508.0,8455.0,10593.0,44.0,84.0,98.0,22.139285714607144,10.1,9.644444444444444,12131,39,49.9,929.0,36732.0,1362.0,5591,33432,375,931,30,2834,276,1537,33040,17944,21079,1456,942,837,982,1344,923,1148,1721,2048,3443,15165,1150,1812,3525,6205,1987,8543,39023
617.0,31373.0,41.68367346938776,11396.0,32783.0,41753.0,184.0,378.0,492.0,21.78214285675,12.884615384615383,9.866666666666664,78794,194,36.9,7887.0,206546.0,8911.0,37585,185759,10743,3866,717,15608,2628,11214,178568,112953,110391,7005,4313,5136,5254,7959,6015,5815,7705,9810,24867,103888,11849,8033,28264,24069,10818,42321,223344
0.0,0.0,32.72222222222222,1946.0,7254.0,9023.0,50.0,118.0,142.0,22.28214285739286,13.107692307692307,9.907407407407408,14578,58,52.8,873.0,43845.0,1110.0,5710,40118,864,450,18,2912,518,1008,40058,22919,22909,1589,1058,1367,1023,1417,1482,1558,1519,2484,3461,18247,1484,1977,4131,7092,2206,9098,45828
53.0,649.0,42.15,1879.0,3439.0,3999.0,15.0,21.0,22.0,22.142857142857142,11.13846153846154,15.9,8741,40,35.4,3160.0,15522.0,2809.0,12840,8651,201,330,32,2308,239,1369,17012,10498,10993,515,483,390,353,677,626,474,973,920,1918,10113,2408,1359,1419,3000,2985,3175,21491
1592.0,68310.0,12.657223796033994,64194.0,186665.0,273775.0,770.0,1253.0,1563.0,21.57142857107143,7.392307692307692,5.446153846153846,418231,1734,39.9,124380.0,862668.0,160740.0,295791,851997,200159,98569,5676,104757,5191,124647,608789,586593,561195,41087,34030,49614,81815,21256,19391,21087,29776,48894,51349,596982,42591,21101,267637,103370,61605,180370,1147788
49.0,1773.0,48.41176470588236,1041.0,5790.0,7943.0,5.0,44.0,60.0,22.50357142857143,19.17692307692308,10.17777777777778,7855,86,40.0,1375.0,25464.0,853.0,5552,22140,880,747,50,2160,1943,1910,20002,12947,14745,899,543,357,349,1070,826,670,867,1216,3008,9786,2570,1192,1975,5051,3303,4513,27692
222.0,6225.0,19.423841059602648,9196.0,26536.0,34639.0,108.0,199.0,245.0,21.56428571457143,6.884615384615385,5.807692307692308,70630,96,46.3,7108.0,172650.0,10587.0,24773,165572,9111,1586,479,8659,1312,4646,164552,95572,94773,7831,5751,7089,10285,4334,4957,4514,6390,9069,12858,90338,5066,6718,35852,20035,5893,36895,190345
1817.0,96288.0,50.08253968253968,97116.0,228045.0,295073.0,1619.0,2651.0,3007.0,21.71428571464286,17.346153846153847,12.24074074074074,358275,2070,32.4,113821.0,788399.0,87984.0,528293,461911,105302,46182,1518,84357,11604,143667,597574,496148,494056,28032,16051,19388,17764,27700,26034,21993,31165,37369,84601,449387,115987,44580,106033,113062,108237,162466,990204
0.0,0.0,46.333333333333336,2268.0,4954.0,5795.0,16.0,35.0,53.0,22.285714285714285,14.792307692307691,11.24074074074074,10260,0,35.9,3274.0,23077.0,1709.0,11828,16232,877,218,12,886,631,2958,22478,13692,14368,865,515,353,295,709,1263,969,986,1275,2986,12561,1812,2281,1789,3696,3471,4516,28060
199.0,8498.0,34.189189189189186,3313.0,16864.0,23405.0,33.0,134.0,170.0,22.35714285746429,17.646153846153847,8.562962962962963,47703,225,38.9,3516.0,128725.0,3860.0,16228,119873,3948,1558,508,10757,6162,6017,107151,68563,67538,4038,2666,2572,2457,5403,4433,3609,5312,6084,17546,67254,7223,6447,20067,16429,6410,25927,136101
268.0,9182.0,60.37837837837838,27279.0,54840.0,70322.0,724.0,896.0,980.0,21.775000000357142,14.684615384615386,20.225925925925928,51788,240,32.5,27038.0,126214.0,27328.0,152880,27700,2599,4716,241,19433,2111,49175,102305,87971,92609,3854,2061,1659,1316,4519,4190,2776,4012,5642,15739,69333,23547,7187,14321,23451,21851,27541,180580
0.0,0.0,50.0,1346.0,4056.0,4769.0,37.0,56.0,63.0,22.607142857035715,13.061538461538465,8.6,6518,99,45.3,662.0,16615.0,653.0,4115,13815,279,96,37,1398,1924,491,13705,8691,9239,713,434,456,260,888,625,598,1092,993,1895,8391,465,1111,2430,2572,859,3113,17930
1292.0,65229.0,55.38013698630137,93837.0,190381.0,230333.0,1244.0,2145.0,2487.0,21.71428571464286,16.307692307692307,11.525925925925923,313924,2149,31.9,110258.0,715995.0,66205.0,480700,411758,43381,48530,1380,75215,8462,112122,603368,435215,457243,22716,14697,15873,12723,26886,23541,20331,27077,34499,75213,383795,88962,37882,74193,126340,107917,137523,892458
235.0,10652.0,51.51219512195122,22280.0,51153.0,62951.0,235.0,436.0,484.0,21.78571428535714,14.984615384615385,12.314814814814817,51525,394,32.0,18162.0,121680.0,11248.0,82954,68136,5626,9820,190,13228,2232,24230,95764,67880,83210,4232,2281,2578,1771,3874,4390,3232,5230,6453,9563,63391,12294,6270,11680,20689,19344,26269,151090
0.0,0.0,49.3448275862069,3248.0,10597.0,13669.0,55.0,130.0,161.0,22.075000000357143,16.476923076923075,10.45185185185185,18598,18,45.3,2728.0,59020.0,2528.0,13667,50609,940,1583,15,3234,2540,7252,48712,32177,32099,1615,1377,1266,1213,2797,2580,2155,2085,2799,7621,26765,4728,4319,4925,10100,4656,12116,64276
0.0,0.0,54.40909090909091,5122.0,8916.0,10264.0,18.0,60.0,64.0,22.3928571425,15.553846153846154,10.15925925925926,7380,40,36.8,1205.0,28968.0,427.0,5893,24707,471,2713,256,1345,794,840,24181,10558,20042,923,467,446,211,899,885,836,1130,1170,2205,8841,1298,1400,2022,6115,3836,5931,30600
21839.0,829934.0,13.72475369458128,1175316.0,2678590.0,3496929.0,23526.0,30897.0,35662.0,21.575,12.076923076923077,9.844444444444443,3902247,13588,36.7,1583161.0,6654051.0,1803470.0,4851344,5189338,1488626,810286,25068,729532,78132,2113852,4795186,5091117,4949565,320588,223908,274002,369181,252296,236337,224090,303773,410744,717585,5252938,546333,343655,1916430,1132099,1027085,1463424,10040682
0.0,0.0,43.81443298969072,15790.0,37245.0,46383.0,227.0,352.0,376.0,21.78571428535714,17.86923076923077,11.533333333333331,50054,570,34.1,20704.0,124062.0,11159.0,90958,64967,3362,4919,159,11853,2503,38486,94643,80618,75307,4433,2960,2346,1878,4544,4121,3182,4797,6365,9853,65284,17973,5647,10885,17915,21523,25811,155925
481.0,13526.0,4.067039106145251,13358.0,33011.0,49299.0,215.0,272.0,317.0,21.57500000007143,5.546153846153846,4.115384615384615,89146,388,47.1,24138.0,212060.0,23243.0,41737,217704,15060,6001,361,17433,673,20845,199068,132912,126529,9223,7944,12115,31224,4600,4931,4941,7053,10007,12862,136301,4122,5235,81440,12960,9485,28784,259441
0.0,0.0,39.6875,378.0,2372.0,3362.0,3.0,3.0,31.0,22.49999999975,15.553846153846154,9.87037037037037,5037,7,51.8,456.0,16350.0,513.0,2041,15278,186,266,62,765,392,514,15134,8389,8930,420,369,410,226,774,463,876,681,1047,2580,7575,1160,1279,2266,2061,751,3638,17319
50.0,3415.0,27.423529411764704,3616.0,12961.0,16917.0,43.0,117.0,144.0,22.064285714642857,15.184615384615386,8.688888888888888,30088,214,43.4,6672.0,76435.0,4003.0,22354,64756,1740,424,137,6565,3789,4746,69709,44003,43107,3400,1211,1768,1687,3409,3101,3080,3293,3682,9533,40957,5370,4861,8210,12347,6247,15984,87110
212.0,12850.0,43.65217391304348,29002.0,61858.0,76788.0,412.0,795.0,903.0,21.75,18.96923076923077,12.64074074074074,90544,572,31.2,42929.0,201394.0,29338.0,164836,108825,20881,8190,744,16931,2885,84561,139469,135433,138228,6980,4192,3992,3781,7815,8267,6365,9781,9826,20307,120176,31014,8737,18370,35338,37134,40686,273661
0.0,0.0,69.6,346.0,730.0,958.0,4.0,6.0,9.0,22.292857142857144,19.846153846153847,10.588888888888889,2472,0,47.6,360.0,8181.0,312.0,1317,7536,169,123,7,201,313,239,7801,4349,4504,212,162,115,25,538,248,380,468,484,962,3456,365,772,594,1314,734,1638,8853
0.0,0.0,28.0,1190.0,2960.0,3332.0,3.0,5.0,8.0,22.64285714214285,10.3,9.21111111111111,5523,50,39.5,1419.0,12100.0,876.0,3893,10502,633,81,0,641,407,667,11966,6688,7707,468,191,266,299,219,575,748,678,1008,744,8347,507,433,2183,1812,1083,2728,14395
698.0,32517.0,16.703125,42064.0,78372.0,98365.0,507.0,715.0,806.0,21.710714285714285,10.376923076923076,11.207407407407407,156678,655,34.7,88106.0,307546.0,37325.0,255512,177465,25186,11162,2104,29647,3072,151957,209849,212558,220419,12760,9148,10688,14156,10115,9554,9694,12721,18828,20339,203831,22055,13391,52161,45929,61576,57817,432977
327.0,9056.0,8.885714285714286,9170.0,25591.0,34501.0,74.0,133.0,163.0,21.789285714285715,7.300000000000001,5.080769230769231,59051,510,41.8,14455.0,109190.0,14927.0,47300,91272,10485,2862,261,9742,961,15647,98614,69522,69050,5479,3523,5745,7958,2601,3444,3102,3872,5788,6972,74169,4234,3514,26110,12568,11112,21606,138572
104.0,4347.0,20.81012658227848,4122.0,15940.0,20192.0,70.0,123.0,137.0,21.92857142878572,10.353846153846153,8.903703703703703,34637,86,50.5,2851.0,93698.0,2868.0,9480,89937,1108,410,150,4484,496,1172,91597,50474,48943,4117,2445,3125,3997,3525,3236,2776,3989,5363,8344,46833,1936,4037,18264,9347,2812,18846,99417
6073.0,222709.0,10.039823008849558,248104.0,542367.0,711630.0,4974.0,6716.0,7998.0,21.567857142142856,7.553846153846154,4.819230769230769,1335316,5319,38.3,405571.0,2231316.0,533458.0,1071393,2098952,667534,54061,9497,217089,15552,379652,1826960,1605768,1564577,112305,89106,117592,173543,59456,58495,60588,86558,130136,152222,1677858,124528,63057,722869,290602,232554,467989,3170345
789.0,49918.0,15.512096774193548,20887.0,62285.0,81302.0,284.0,598.0,682.0,21.57500000007143,5.084615384615384,5.303846153846154,150569,429,42.2,14937.0,347536.0,29326.0,55932,335867,31938,6310,910,24914,2204,10585,314938,200408,191391,16315,11755,17536,22435,8557,7725,8234,12001,19296,21860,191432,8168,9730,86019,32739,8374,72210,391799
0.0,0.0,41.68181818181818,647.0,2706.0,3836.0,5.0,13.0,15.0,22.78214285703572,15.569230769230767,12.27037037037037,6551,9,51.9,232.0,18098.0,514.0,1749,17095,232,279,29,941,350,334,16679,9396,9448,863,442,542,362,1013,689,551,792,1063,2015,8278,652,1232,2206,2302,540,4280,18844
3481.0,170882.0,31.17514534883721,284502.0,588044.0,735638.0,4358.0,6283.0,6832.0,21.57499999928572,10.346153846153848,10.007407407407406,918864,4053,35.8,247863.0,1914512.0,275489.0,1204521,1233343,164464,157908,7915,190963,18852,539108,1358654,1222631,1215233,77660,52061,62368,61798,55891,55347,50825,74019,94677,151767,1138091,141135,61872,276944,340117,207875,410492,2437864
2800.0,131212.0,29.14342235410485,95980.0,274533.0,371967.0,1551.0,2881.0,3544.0,21.575,10.96923076923077,9.366666666666667,592920,2018,36.4,136073.0,1216322.0,185553.0,360204,1177744,256464,148884,17028,140768,9505,125950,839349,785850,752098,56523,39819,45950,44900,43259,40363,42547,52889,72211,109058,765743,104767,41297,263301,183133,93795,286386,1537948
0.0,0.0,11.386363636363637,5790.0,12867.0,17673.0,58.0,82.0,112.0,21.564285714285717,7.300000000000001,7.969230769230768,26106,88,35.7,6138.0,50058.0,5351.0,37015,24532,1745,523,63,7315,527,6217,45157,30562,30985,2246,1691,1918,2056,1062,1240,1134,2184,2446,2412,31984,4341,1316,6252,8659,5366,11869,61547
4113.0,165734.0,35.93492063492064,286759.0,558983.0,710531.0,4950.0,6664.0,8132.0,21.567857142857143,11.13076923076923,9.566666666666666,821845,4543,33.6,219723.0,1715408.0,227401.0,1163038,999494,159917,176523,6788,202057,18369,386398,1212480,1085931,1076601,63025,41334,48366,40530,54400,52215,50255,67049,87923,134993,1012184,186184,56066,241754,298955,205825,371712,2162532
6160.0,261826.0,14.617283950617283,266568.0,744387.0,987294.0,3621.0,5090.0,5816.0,21.575000000714283,8.315384615384614,5.384615384615385,1344864,4665,36.1,333115.0,2561710.0,429145.0,1126266,2197704,398526,164042,13727,286106,24373,223588,2213608,1649458,1674512,119642,88653,114636,145369,75771,72918,76023,103138,143354,191199,1772201,133979,71934,722176,325437,198227,551330,3323970
3287.0,89256.0,2.591867469879518,34558.0,123593.0,196902.0,521.0,822.0,1181.0,21.5678571425,8.476923076923077,4.730769230769231,189734,1012,38.3,110101.0,575274.0,189409.0,132865,741919,300339,44930,3179,62702,3800,67358,392476,428538,446246,29056,25916,43434,104964,14673,14400,14132,21356,31447,62763,547363,18767,29449,356624,58396,45188,98210,874784
1281.0,60254.0,33.23030303030303,67751.0,165543.0,210428.0,1343.0,2116.0,2425.0,21.72142857142857,10.446153846153846,11.925925925925926,278963,1426,34.4,85571.0,578634.0,87410.0,313385,438230,119446,53116,4597,106196,4695,76400,387165,376974,374641,23101,16181,19334,17749,18511,16715,17905,23343,30072,48181,345105,68971,26399,72952,109706,72097,124756,751615
449.0,17922.0,11.832369942196532,19833.0,51942.0,66590.0,248.0,457.0,568.0,21.75357142882143,9.715384615384616,8.292592592592593,107674,471,39.5,12910.0,255581.0,14026.0,64275,218242,10559,4865,258,18720,2383,12435,233297,139582,142935,12113,8406,9459,10808,7242,7366,7472,9906,14152,19320,139394,6729,8700,45989,27373,12154,47726,282517
1650.0,31931.0,3.0100806451612905,39996.0,119288.0,183548.0,508.0,632.0,740.0,21.571428571214287,4.7846153846153845,4.273076923076923,303097,863,39.8,110115.0,498001.0,157507.0,184490,581133,225027,18104,9611,57690,3917,81350,369924,386376,379247,25113,20498,34434,79393,10947,10386,11290,16095,27352,27843,431404,15708,15578,235785,60568,35760,96922,765623
983.0,35155.0,14.513245033112582,32738.0,85435.0,112382.0,433.0,661.0,762.0,21.71428571392857,11.669230769230769,8.7,169361,609,33.8,64889.0,343987.0,36019.0,203207,241688,24678,8474,528,43286,4941,43441,319547,222371,222524,15006,10740,12949,19615,10854,10882,10152,14081,19053,24977,227159,21572,10978,68890,35333,41349,62513,444895
3595.0,152623.0,4.742018981880932,111580.0,309006.0,476429.0,1653.0,2190.0,2723.0,21.575,5.269230769230769,5.253846153846154,789624,2970,37.2,358149.0,1159924.0,406306.0,482101,1442278,724855,47379,6949,143857,9990,189968,801381,949638,974741,58589,52524,85980,192333,25607,25610,24901,39536,59684,70550,1048784,52516,32536,607744,140981,107499,224495,1924379
356.0,13111.0,8.306122448979592,15524.0,46984.0,68604.0,198.0,254.0,276.0,21.710714285714285,8.438461538461539,7.092307692307693,101961,245,38.2,27602.0,225271.0,20297.0,91876,181294,13563,3472,484,19184,1708,38978,195781,137937,135233,9333,6962,11628,16132,5801,5350,5557,6788,12404,16320,146093,12360,7171,55602,21147,16661,42032,273170
492.0,18537.0,44.6412213740458,11069.0,30423.0,36516.0,178.0,509.0,600.0,21.7785714285,12.169230769230769,10.303703703703704,64707,205,41.7,5140.0,168996.0,5131.0,18566,160701,5772,1912,281,10371,4420,3925,152586,91115,88152,5417,3996,4279,3685,6530,6424,5284,7155,9529,18546,78698,9963,8423,20307,22374,7798,39564,179267
0.0,0.0,50.0,50.0,273.0,312.0,0.0,2.0,5.0,22.503571428821427,27.522222222222226,20.840625,1051,0,54.0,20.0,2842.0,36.0,293,2605,0,3,0,16,69,88,2722,1424,1474,95,44,115,26,153,111,175,52,171,308,1394,30,230,294,387,116,688,2898
0.0,0.0,56.11111111111112,1518.0,4405.0,5471.0,11.0,75.0,95.0,22.496428571071423,16.615384615384617,11.192592592592591,13508,38,47.7,893.0,40944.0,1679.0,5605,37911,547,668,160,3434,1686,826,36195,21858,21658,1400,957,707,443,1910,2128,1742,1883,1957,6068,17939,2980,2892,4161,5433,2180,9039,43516
736.0,29275.0,21.921768707482997,30219.0,81062.0,114200.0,249.0,425.0,474.0,21.717857142857145,8.484615384615385,6.300000000000001,183472,1404,38.3,34673.0,356798.0,53067.0,119294,325244,69169,60991,4212,41339,2531,41038,225258,223308,221230,18620,12064,16465,15457,9342,10393,10007,14921,22332,21590,226259,20436,9578,62425,55994,26433,92482,444538
678.0,34035.0,11.31578947368421,28534.0,82617.0,113910.0,308.0,473.0,557.0,21.714285714285715,7.376923076923077,5.126923076923077,209988,589,42.4,45052.0,414379.0,37370.0,134024,362777,21239,8266,1614,34952,4441,66089,360200,254144,242657,20818,15575,20534,23175,12462,11789,12551,16800,26717,28537,267226,13913,12642,90091,49401,30862,91304,496801
1232.0,49301.0,36.42307692307692,51262.0,117871.0,145425.0,934.0,1558.0,1841.0,21.717857143214285,12.73076923076923,12.033333333333331,203423,716,34.3,57873.0,435790.0,52572.0,256424,289811,32003,16961,3266,47592,4738,56972,384703,275703,270532,17250,10653,11574,10199,16290,14889,13855,18673,23191,38252,253712,41624,20281,48973,83851,51554,90755,546235
14.0,254.0,37.79710144927536,8932.0,20422.0,25775.0,116.0,209.0,238.0,21.782142856785715,14.246153846153844,12.72222222222222,36026,479,35.8,9655.0,75370.0,11290.0,30101,66214,15997,1894,588,9518,1061,5950,61307,48225,48090,3273,2076,2001,2117,2883,3136,2581,3358,4428,6733,44528,8422,4086,9876,11040,8946,18429,96315
49.0,3083.0,52.0,4629.0,11980.0,14476.0,58.0,159.0,233.0,22.071428571428573,14.215384615384616,10.074074074074074,22051,61,40.6,2447.0,58562.0,3167.0,16435,47741,1090,420,18,4452,865,3344,53987,32327,31849,1914,767,1095,1034,2388,2342,1512,2554,3158,7897,27428,4674,3994,4951,9213,4523,12781,64176
0.0,0.0,43.66666666666666,329.0,1172.0,1476.0,3.0,20.0,23.0,22.43214285692857,19.46153846153846,11.162962962962965,3105,0,52.4,132.0,12151.0,258.0,933,11608,244,65,35,332,722,449,10694,6172,6369,288,277,250,77,589,661,534,487,468,2265,4639,597,1463,902,2582,468,2257,12541
861.0,29580.0,54.52317880794702,48144.0,104020.0,128701.0,812.0,1343.0,1582.0,21.710714285714285,15.823076923076922,12.9,165016,1185,31.2,64725.0,364229.0,35001.0,301919,162036,17310,7606,618,37160,5955,85508,309798,231997,231958,10322,7657,7047,5713,14039,13309,11230,13330,17788,38609,204421,64524,21867,31753,59217,60639,69766,463955
152.0,4213.0,33.78846153846154,3926.0,12470.0,16950.0,54.0,175.0,210.0,22.07499999975,12.207692307692309,9.866666666666664,17751,64,48.7,761.0,51582.0,1804.0,6810,47337,753,1007,146,2789,948,1599,46905,26124,28023,2469,1379,1339,1406,1936,1896,1911,1989,2981,5631,22558,1781,2968,5378,7132,2621,12177,54147
1549.0,66640.0,13.229299363057326,78508.0,171933.0,221254.0,967.0,1441.0,1681.0,21.717857142857145,8.138461538461538,5.707692307692308,355245,993,38.5,86648.0,665659.0,93292.0,361648,483951,61239,15422,1943,71894,6990,50425,637686,427008,418591,30192,22271,30156,38214,16594,17932,15336,23712,38382,38850,437297,36484,23433,149115,84813,64072,143422,845599
153.0,6555.0,19.35074626865672,13078.0,35983.0,50151.0,200.0,307.0,447.0,21.56428571392857,8.823076923076924,9.351851851851851,75261,184,31.1,26243.0,169521.0,23010.0,69341,149433,31584,5694,1018,21326,1420,12433,145299,112772,106002,7400,4651,7600,8358,4439,4571,4923,7121,8673,16878,106928,11288,5783,42776,18008,12048,28491,218774
209.0,12041.0,46.0,5588.0,15721.0,20075.0,43.0,88.0,122.0,21.77857142857143,14.176923076923078,11.825925925925926,28319,79,33.0,3945.0,68167.0,5412.0,22318,55206,5631,2632,310,7561,1030,3370,56990,38177,39347,3233,1225,1768,832,2543,2261,1885,2656,3356,6675,33725,5485,3023,7091,9611,6541,16111,77524
1010.0,49071.0,35.13725490196079,49430.0,129406.0,166371.0,618.0,1236.0,1466.0,21.575,8.453846153846154,8.692592592592591,228018,551,34.0,47862.0,434314.0,27668.0,205729,304115,20307,17149,801,45087,5360,34186,386954,252459,257385,19276,13800,13490,10029,13300,13132,13443,18792,25824,26204,277135,24965,16170,71233,78198,42521,84604,509844
49.0,2146.0,71.15384615384616,1317.0,4469.0,5953.0,29.0,60.0,68.0,22.721428571785715,17.46923076923077,7.866666666666667,6429,9,32.3,760.0,14916.0,477.0,7605,8548,204,108,73,1139,558,1261,12810,8166,7987,439,215,119,166,865,765,551,501,477,2142,7848,1059,1092,1783,2106,900,2711,16153
974.0,45278.0,26.47926267281106,49593.0,147570.0,197066.0,665.0,1134.0,1368.0,21.56428571442857,7.553846153846154,4.623076923076924,287250,537,36.8,53294.0,550394.0,46292.0,126436,523544,40480,71253,1587,41776,4496,38020,452368,327716,322264,27068,19890,21311,26360,17665,18065,17662,25974,33831,34063,367345,23261,14547,156219,72053,28014,102555,649980
0.0,0.0,31.0,690.0,2847.0,2948.0,1.0,15.0,16.0,24.651724138172412,14.407692307692308,8.437037037037037,4975,7,50.3,235.0,13008.0,345.0,2500,11088,153,166,18,314,303,1434,11200,6879,6709,414,201,282,330,530,650,562,659,796,1312,6578,396,687,2504,1633,519,2214,13588
0.0,0.0,90.5,274.0,825.0,1027.0,4.0,8.0,17.0,22.921428571071427,20.03076923076923,29.07234042553192,1369,14,45.9,122.0,3414.0,34.0,404,3166,0,33,2,101,71,76,3287,1780,1790,79,33,59,37,242,180,108,99,171,720,1625,162,371,393,443,207,648,3570
0.0,0.0,92.0,1482.0,2494.0,3004.0,21.0,47.0,50.0,22.74285714289286,22.692307692307693,21.55,1473,29,40.6,135.0,5455.0,87.0,1831,3846,38,273,0,345,211,178,4632,2139,3538,48,54,22,7,242,208,208,198,160,732,1680,280,422,407,1775,405,706,5677
644.0,31725.0,14.641255605381168,19309.0,61319.0,91179.0,227.0,344.0,447.0,21.714285714107145,6.800000000000001,4.0346153846153845,119966,205,36.9,17730.0,291770.0,15182.0,44800,279882,15832,2929,209,14159,1656,6795,283102,161339,163343,13454,9089,13909,19919,7409,8033,7633,10213,15382,22324,184037,5895,6549,108795,17920,7895,34568,324682
39.0,582.0,17.020408163265305,3910.0,13007.0,18376.0,74.0,112.0,133.0,16.99999999941667,3.769230769230769,4.230769230769231,30585,259,38.4,2870.0,62481.0,4093.0,8751,60693,4614,1009,0,3294,337,753,59437,34740,34704,3434,2470,3511,4432,1399,1425,1429,2812,3554,2733,40626,1016,993,22862,4769,1123,10108,69444
0.0,0.0,27.933333333333334,1469.0,4346.0,5662.0,25.0,42.0,56.0,22.70714285717857,10.86923076923077,7.611111111111111,7006,0,49.0,450.0,19216.0,311.0,1995,17982,186,410,102,452,82,380,18365,9437,10540,888,329,469,468,924,705,1012,786,982,2087,9486,739,1339,3750,3006,625,3541,19977
0.0,0.0,65.0,125.0,321.0,322.0,5.0,9.0,9.0,28.49032258016129,28.216666666666665,18.138,820,0,41.1,77.0,1872.0,50.0,208,1791,21,3,6,169,0,3,1797,1043,956,85,39,19,42,74,104,21,96,155,169,982,65,96,262,249,44,437,1999
0.0,0.0,27.75,371.0,1505.0,1626.0,2.0,11.0,12.0,21.57142857132143,12.092857142857143,7.777777777777778,4093,0,48.6,119.0,9324.0,90.0,689,8844,107,94,0,241,65,1,9025,4701,4832,572,208,401,465,427,318,490,347,455,695,5783,117,405,2726,1151,162,1489,9533
0.0,0.0,81.33333333333333,449.0,1704.0,2303.0,9.0,52.0,58.0,22.92142857142857,16.96153846153846,8.533333333333333,2628,48,38.5,95.0,7952.0,83.0,4241,3889,23,23,0,728,194,419,6743,4042,4088,117,67,54,37,589,202,238,300,290,1328,3563,670,856,923,1158,400,1322,8130
0.0,0.0,82.0,193.0,667.0,720.0,2.0,15.0,18.0,22.928571428571427,24.553846153846152,23.25588235294118,1096,18,49.6,149.0,3573.0,88.0,2338,1472,43,13,0,589,78,163,2924,1816,1994,62,8,34,53,197,193,164,118,82,709,1460,419,351,367,501,226,681,3810
0.0,0.0,91.66666666666669,2073.0,3146.0,3558.0,14.0,28.0,33.0,22.507142857071432,24.46153846153846,26.166666666666668,1526,2,38.8,135.0,5518.0,80.0,1830,3903,75,285,0,656,192,30,4495,1864,3869,40,18,37,16,174,175,135,164,139,523,1971,231,293,278,1615,424,979,5733
0.0,0.0,43.71428571428572,164.0,627.0,667.0,1.0,19.0,21.0,24.3699999998,19.392857142857142,33.47674418604651,1444,0,60.1,40.0,4748.0,153.0,577,4364,18,84,0,55,5,165,4614,2551,2390,294,92,80,91,186,171,224,384,226,562,2015,37,427,794,507,56,858,4941
49.0,1267.0,47.76,2491.0,5938.0,7202.0,60.0,131.0,161.0,22.289285714285715,14.330769230769231,7.71111111111111,9315,44,47.7,687.0,29383.0,688.0,4683,26075,263,363,0,756,252,396,28728,15265,15493,963,461,445,394,1189,1465,786,1080,1565,3929,12077,1690,2464,3032,5604,1596,4416,30758
1634.0,61667.0,22.027322404371585,61117.0,165670.0,224919.0,767.0,1275.0,1524.0,21.571428571428573,10.23076923076923,8.414814814814815,294018,1115,34.6,56538.0,615409.0,43931.0,211409,504469,25873,65745,1157,50663,5550,49727,517163,357209,358669,27755,19520,24941,32895,21992,19979,23002,27391,35274,55007,427396,28510,21116,225098,71606,44802,93864,715878
0.0,0.0,62.0,69.0,355.0,367.0,0.0,8.0,8.0,28.13124999978125,27.927777777777777,29.612765957446808,652,0,57.5,14.0,1876.0,6.0,268,1628,0,0,0,26,92,69,1709,849,1047,55,59,17,14,138,66,62,197,113,209,855,6,235,245,270,18,330,1896
581.0,33542.0,12.97969543147208,22152.0,75811.0,100968.0,225.0,397.0,498.0,21.571428571357146,2.176923076923077,3.807692307692308,146755,373,39.0,12085.0,318018.0,14177.0,30725,313555,17538,5117,224,13604,1333,5285,301179,172188,172092,15142,13776,18535,26195,5382,4312,5595,8750,15518,8287,192862,3541,2561,113111,21203,3297,50195,344280
54.0,1534.0,13.194444444444445,5311.0,15711.0,18833.0,22.0,35.0,39.0,22.36071428621429,6.869230769230769,4.476923076923077,25547,60,36.8,5417.0,46578.0,2965.0,16103,38857,303,548,0,3966,130,2476,47537,25765,29195,2157,1420,1769,2682,1287,1115,1035,1611,2666,2925,34110,1188,1015,15872,5042,3251,8373,54960
0.0,0.0,17.88235294117647,1314.0,4676.0,5836.0,12.0,37.0,47.0,21.567857142642858,4.6,4.042307692307692,11823,9,46.2,355.0,25565.0,310.0,1943,24287,262,78,9,1370,282,254,23975,12980,13250,1042,864,1308,1339,456,580,403,602,1306,916,14190,769,561,5090,3488,526,5428,26230
905.0,49903.0,37.95584988962472,53373.0,180416.0,237195.0,748.0,1595.0,1904.0,21.710714285821428,7.884615384615385,8.533333333333333,301537,841,34.4,21478.0,661069.0,27952.0,124227,586272,18755,44745,2444,55436,5686,27259,556174,351646,358853,28098,18480,21391,19480,22075,20025,20599,28843,37079,46710,379888,33068,15443,144246,72042,18944,136052,710499
0.0,0.0,56.14705882352941,5527.0,14782.0,18767.0,52.0,177.0,210.0,22.071428571785717,13.684615384615386,8.614814814814814,12963,44,45.2,716.0,46508.0,501.0,6393,41332,361,2286,7,1096,567,530,42878,19917,27808,1703,895,568,473,1751,1689,1461,1665,2421,4823,15591,2330,2423,4324,11373,2891,8473,47725
37.0,2820.0,24.923076923076923,5159.0,14282.0,18041.0,39.0,89.0,104.0,22.396428570714285,9.784615384615384,8.155555555555555,25549,223,36.6,6159.0,51244.0,2202.0,17069,42536,490,310,55,2806,293,5148,50503,29176,30429,2622,1602,1860,1181,1485,1388,1646,2938,3579,3285,33152,2013,2031,9521,8681,3814,9896,59605
0.0,0.0,22.6,173.0,926.0,986.0,3.0,4.0,4.0,25.0666666668,20.13888888888889,16.512903225806454,3133,0,49.1,144.0,5855.0,109.0,532,5576,0,34,0,211,164,5,5694,2809,3299,364,117,487,345,228,164,308,217,338,292,3926,76,223,1628,651,198,1371,6108
0.0,0.0,26.0,1295.0,3436.0,4053.0,6.0,23.0,30.0,22.464285714178573,8.346153846153847,7.903703703703703,6392,0,43.5,350.0,14933.0,253.0,1433,14103,104,132,26,643,138,79,14414,7150,8386,587,625,438,390,570,454,477,637,886,1251,9124,255,583,3246,2668,494,2738,15536
0.0,0.0,29.1875,1215.0,3299.0,3432.0,6.0,14.0,14.0,22.71071428542857,10.86923076923077,6.922222222222223,6800,5,34.8,326.0,16437.0,356.0,1636,15483,65,53,0,499,200,151,16151,7803,9316,560,600,409,410,589,508,722,831,635,1560,10518,538,586,5099,1514,150,1697,17119
0.0,0.0,37.0,17.0,123.0,132.0,0.0,0.0,0.0,28.0225000002,20.25,11.908,236,0,55.5,3.0,775.0,3.0,75,706,3,13,0,10,21,14,720,453,328,18,13,17,29,81,25,29,14,38,112,368,11,49,177,72,23,179,781
0.0,0.0,66.5,317.0,1427.0,1764.0,17.0,31.0,41.0,22.282142856892857,20.12307692307693,9.61111111111111,1829,0,55.6,69.0,6616.0,84.0,2280,4489,2,8,0,266,191,122,6180,3321,3448,236,52,103,42,371,275,258,255,317,1148,2543,310,806,575,922,109,1395,6769
602.0,25699.0,20.90780141843972,38265.0,119114.0,160677.0,731.0,1307.0,1554.0,21.567857142464284,5.43076923076923,4.392307692307693,256454,430,40.2,16838.0,542643.0,19314.0,89639,489156,16280,6589,412,27476,3788,12605,511645,290026,288769,27016,21290,25431,26947,14022,15535,15471,21766,31282,30247,331126,11435,13126,155231,61058,16562,92313,578795
0.0,0.0,91.0,91.0,330.0,337.0,3.0,6.0,6.0,25.86774193545161,27.63157894736842,17.308,577,1,39.8,1.0,1457.0,5.0,66,1397,0,5,0,13,2,4,1439,765,698,25,15,11,18,152,43,40,54,83,174,716,76,52,155,148,11,298,1463
0.0,0.0,74.5,550.0,1586.0,1877.0,10.0,30.0,32.0,22.71428571392857,13.546153846153846,19.587878787878783,2904,4,38.4,325.0,6714.0,207.0,1360,5886,10,28,46,218,40,420,6484,3500,3746,279,110,109,71,425,281,239,355,360,791,3696,245,412,639,1004,383,1493,7246
0.0,0.0,40.5,669.0,1777.0,1854.0,0.0,2.0,2.0,22.32142857107143,11.615384615384617,10.839285714285714,3783,0,37.8,629.0,7063.0,153.0,2044,5801,43,5,4,730,253,457,6353,3467,4378,540,85,168,116,112,378,311,328,493,744,4766,42,605,1976,1081,563,1121,7845
83.0,4872.0,21.61764705882353,3082.0,12558.0,15836.0,37.0,80.0,99.0,22.146428570678573,9.223076923076922,7.31851851851852,22058,59,40.8,621.0,54805.0,712.0,7259,48879,432,309,17,1961,3579,1471,48369,27886,28252,2162,1523,1813,1540,1788,1654,1543,2002,2924,4421,29757,1313,2994,13148,6515,1237,9639,56138
610.0,23926.0,25.130252100840337,20750.0,74557.0,109313.0,227.0,460.0,606.0,21.7142857145,7.792307692307692,7.485185185185186,146807,223,36.2,10544.0,330547.0,9432.0,41082,309441,7538,3489,303,17618,2545,6225,312805,175871,174652,15200,9491,12273,11390,9007,9650,9261,12944,19914,25055,195442,8642,7844,86057,31467,6687,53186,350523
0.0,0.0,66.4375,1010.0,3528.0,4408.0,11.0,40.0,51.0,22.714285714285715,20.63076923076923,7.966666666666667,4926,45,46.2,361.0,13856.0,106.0,5886,8437,90,160,0,1181,582,466,11844,6828,7495,436,188,219,230,830,507,704,605,660,2371,6453,775,1336,1209,2304,550,2951,14323
0.0,0.0,69.0,999.0,2106.0,2211.0,3.0,9.0,9.0,22.385714285714283,14.723076923076924,24.9,1227,15,37.7,181.0,5407.0,20.0,1227,4381,21,413,10,44,23,28,5069,2115,3493,100,84,54,32,142,121,92,176,186,526,1507,217,281,365,1919,311,623,5608
25.0,996.0,67.05882352941177,3763.0,7261.0,8661.0,65.0,106.0,119.0,22.49999999982143,14.4,6.314814814814815,9376,144,38.9,715.0,21331.0,236.0,3782,18500,183,328,338,1033,203,535,19662,9986,12296,618,419,164,192,1090,755,664,1102,963,2334,11853,1098,936,2351,4371,991,4284,22282
299.0,14905.0,47.75,13509.0,41656.0,51841.0,201.0,528.0,639.0,21.789285714214287,9.607692307692307,7.97037037037037,59498,186,40.0,3481.0,146659.0,2822.0,22479,130483,1648,1146,152,5703,1451,2191,140671,77457,75505,5099,3172,3037,2216,5662,5901,4237,6662,8631,15133,76556,6869,5796,20644,21483,7606,27176,152962
0.0,0.0,33.0,72.0,224.0,241.0,1.0,1.0,2.0,32.394736842342105,19.9,13.322,341,1,51.0,0.0,807.0,46.0,34,819,47,11,0,67,13,11,704,455,398,44,18,14,10,16,104,38,47,40,63,489,19,24,263,102,11,152,853
0.0,0.0,60.73333333333333,682.0,2953.0,3738.0,22.0,51.0,55.0,22.61428571385714,11.146153846153847,7.807407407407408,5761,204,36.7,550.0,12200.0,400.0,2093,11057,18,108,0,803,95,117,12009,6386,6764,387,356,325,202,621,338,315,465,713,1496,6501,638,710,1348,2723,708,2175,13150
0.0,0.0,52.69565217391305,1744.0,6063.0,7673.0,23.0,68.0,90.0,22.292857142607144,15.6,7.748148148148148,9884,0,45.2,633.0,25354.0,279.0,3359,22907,222,277,20,708,3134,687,21218,13309,12957,630,353,472,325,1291,967,846,1187,1502,2948,12026,1463,2204,3471,4151,1074,4121,26266
57.0,2282.0,47.9375,3278.0,9114.0,11179.0,53.0,158.0,183.0,22.282142856785715,13.13076923076923,7.82962962962963,15893,140,45.5,1538.0,39114.0,1628.0,8702,33578,403,85,55,2088,535,705,38409,21406,20874,1401,871,641,528,2005,1537,1335,2117,2530,4518,19425,1473,3417,4763,6631,2245,6592,42280
50.0,765.0,49.48,2460.0,5500.0,6973.0,90.0,134.0,148.0,22.078571427857145,11.46923076923077,6.877777777777777,11857,16,36.2,2680.0,24685.0,1252.0,10329,18288,138,883,69,2261,116,1258,23892,14008,14609,930,440,431,183,955,1070,885,1934,1348,2687,13882,1278,1333,2451,4184,3069,4436,28617
0.0,0.0,82.85,1870.0,4228.0,5320.0,63.0,125.0,137.0,22.27857142892857,19.17692307692308,7.877777777777777,6297,13,40.4,434.0,17472.0,378.0,7710,10574,216,144,6,1033,209,968,15708,9315,8969,665,171,116,128,856,587,709,895,804,2830,7556,1374,1572,1791,2445,718,3548,18284
0.0,0.0,18.0,263.0,842.0,892.0,3.0,6.0,6.0,30.590625000125,20.99473684210526,26.74054054054054,1672,0,53.5,44.0,4794.0,52.0,133,4757,0,76,3,140,20,11,4640,2490,2400,231,94,153,157,197,213,176,239,369,430,2436,95,158,1297,377,28,916,4890
0.0,0.0,26.307692307692307,568.0,2755.0,3499.0,5.0,20.0,24.0,21.564285714642857,6.976923076923077,4.1923076923076925,7020,0,51.9,88.0,18120.0,137.0,1175,17170,119,60,0,727,156,195,17088,8652,9693,872,599,734,336,547,299,464,803,1082,1251,9328,401,587,3225,3085,273,4197,18345
0.0,0.0,57.66666666666666,344.0,864.0,1123.0,13.0,18.0,20.0,22.7821428575,19.02857142857143,30.926086956521736,1659,7,37.5,543.0,3504.0,296.0,1328,3015,18,0,0,121,84,67,4053,2002,2341,155,65,67,74,281,196,168,134,221,376,1913,180,422,555,601,278,672,4343
0.0,0.0,12.071428571428571,2107.0,6259.0,6693.0,4.0,6.0,7.0,22.532142857107143,11.742857142857144,4.853846153846154,6603,34,43.3,1159.0,15896.0,925.0,1850,16130,412,87,0,568,15,651,16247,8460,9520,952,392,479,1111,544,575,630,974,1149,618,12146,19,174,6088,1520,434,2426,17980
0.0,0.0,80.28571428571429,1162.0,2587.0,3226.0,21.0,48.0,52.0,22.717857142857145,18.3,6.674074074074074,4735,25,38.5,695.0,10871.0,469.0,4626,7409,68,95,0,444,236,286,10906,5884,6151,407,237,37,129,538,635,253,459,575,1630,5595,636,820,1025,1445,1107,2040,12035
360.0,17159.0,67.57333333333334,15266.0,44695.0,61961.0,365.0,771.0,880.0,21.78571428628572,13.092307692307692,8.511111111111111,63816,190,39.7,2819.0,162234.0,2359.0,72313,95099,1522,3405,228,9582,5266,13544,133865,84987,82425,5125,2632,2711,2110,6284,6180,5409,6918,7688,20149,75369,13746,10984,19236,24373,7960,32506,167412
0.0,0.0,53.71428571428572,491.0,1652.0,2236.0,3.0,13.0,15.0,22.85357142867857,16.54285714285714,16.383333333333333,2331,0,37.6,153.0,6151.0,65.0,658,5711,37,22,0,363,83,32,5832,3095,3274,328,90,137,58,301,247,238,165,346,603,2918,373,234,872,1012,208,1220,6369
0.0,0.0,66.8,729.0,2753.0,3634.0,13.0,46.0,47.0,22.714285714285715,15.669230769230769,8.688888888888888,3984,40,41.2,631.0,10614.0,55.0,5012,6288,8,8,5,492,329,441,10017,5627,5673,471,99,268,111,555,395,220,354,600,1664,5175,696,1212,1436,1621,594,1777,11300
41.0,1065.0,15.125,1957.0,6288.0,7882.0,19.0,24.0,34.0,22.60714285667857,6.8538461538461535,4.4192307692307695,10733,52,40.5,564.0,23890.0,863.0,1768,23549,355,257,4,709,77,267,23648,12037,13280,1176,787,999,903,518,657,911,1231,1265,1653,14972,271,740,7134,2603,790,4389,25317
0.0,0.0,74.5,326.0,1156.0,1206.0,4.0,12.0,12.0,25.24137931,23.07692307692308,8.637037037037036,2296,0,49.1,242.0,6256.0,232.0,2418,4312,7,74,0,343,92,251,5963,3374,3356,146,103,125,11,280,299,298,221,288,1032,3225,389,543,629,1096,514,1108,6730
0.0,0.0,17.714285714285715,830.0,2229.0,2333.0,0.0,8.0,8.0,23.56206896544828,22.38125,8.562962962962963,2936,21,42.1,504.0,7307.0,299.0,885,7225,113,1,0,199,77,69,7651,3887,4223,282,264,231,335,316,212,224,500,457,783,5237,21,383,2792,937,157,1084,8110
0.0,0.0,83.0,192.0,478.0,490.0,2.0,9.0,10.0,22.78928571392857,31.016666666666666,26.026,840,0,39.7,64.0,2222.0,20.0,441,1865,12,10,0,119,9,94,2062,1181,1125,108,21,19,37,101,67,75,77,104,345,1087,209,147,207,240,114,528,2306
34.0,1328.0,11.290322580645162,3104.0,9607.0,12072.0,8.0,14.0,15.0,22.435714286,6.884615384615385,4.046153846153846,13552,0,38.2,2297.0,28129.0,309.0,4417,26318,277,90,119,1121,100,1609,27419,14285,16450,1383,1006,936,1112,1018,762,769,1570,1846,1207,20113,567,806,9673,3162,1544,5056,30735
0.0,0.0,41.10526315789474,1302.0,4740.0,5850.0,14.0,55.0,64.0,21.72142857175,8.392307692307693,8.262962962962963,10050,12,50.2,246.0,24433.0,302.0,1750,23231,49,163,10,1398,216,92,23053,12424,12557,1220,581,489,569,928,1175,917,1105,1517,1959,12580,824,702,4611,3478,472,5231,24981
0.0,0.0,66.4,403.0,1041.0,1069.0,12.0,27.0,28.0,22.78571428589285,18.22142857142857,29.226829268292683,1855,0,41.3,84.0,4758.0,27.0,509,4360,19,72,1,124,0,35,4618,2287,2582,135,100,113,50,247,167,197,253,218,601,2331,258,306,486,710,181,1013,4869
261.0,11661.0,35.58549222797927,26172.0,81097.0,94253.0,319.0,686.0,716.0,21.75714285642857,8.1,4.757692307692308,136437,362,34.6,17768.0,287308.0,10313.0,93385,222004,5303,3880,361,16921,1767,11974,275183,156213,159176,13063,8050,7817,6543,7237,7445,8185,10322,15165,18219,164601,14803,9493,47066,44440,20268,53949,315389
0.0,0.0,57.333333333333336,744.0,1849.0,2342.0,17.0,23.0,27.0,22.714285714285715,13.938461538461535,11.479310344827583,4059,19,38.9,1101.0,8789.0,123.0,2397,7616,5,140,0,416,69,268,9115,4940,5073,457,211,178,101,464,462,388,428,567,852,5190,558,661,996,1285,782,1812,10013
1836.0,77720.0,24.180576631259484,82772.0,199775.0,264399.0,2085.0,2663.0,2747.0,21.71428571442857,7.815384615384615,4.873076923076924,363747,856,40.8,103985.0,737414.0,102907.0,189215,755091,50842,107367,634,48541,2042,66257,668623,484479,459827,32131,25175,35078,76721,19662,20768,19636,26503,35522,53874,510534,29515,27203,253730,96543,42191,103441,944306
2268.0,96561.0,45.52781954887218,71581.0,175229.0,237105.0,2312.0,3062.0,3188.0,21.56785714317857,8.938461538461539,8.696296296296296,381610,485,40.4,57182.0,755302.0,79669.0,163969,728184,49438,123165,330,48183,2518,55160,613359,458891,433262,36139,26953,33240,37970,25356,24003,23490,30875,44910,70717,478175,46043,39491,192566,116373,39526,122902,892153
276.0,8037.0,39.18888888888889,11469.0,31333.0,41816.0,282.0,450.0,468.0,21.999999999642856,7.6923076923076925,4.9,83507,254,47.5,5735.0,167465.0,7943.0,12023,169120,3519,3108,0,5509,300,2647,166060,91578,89565,8982,6426,7170,7689,5249,5033,5076,7099,9818,12360,102070,4129,6790,35553,27532,4650,28381,181143
206.0,9906.0,33.707317073170735,10726.0,27610.0,38840.0,346.0,476.0,488.0,21.57857142842857,5.361538461538462,4.396153846153846,73907,95,45.8,4904.0,150021.0,7817.0,10426,152316,5198,8972,9,5200,433,1596,141334,83255,79487,7219,5673,7612,8225,4119,4419,4475,6367,8725,10931,91515,3680,6749,38623,19919,3634,24436,162742
3223.0,114538.0,45.26086956521739,74020.0,192884.0,257919.0,1946.0,2765.0,2871.0,21.717857142857145,10.353846153846153,8.692592592592591,358450,685,40.5,51629.0,744215.0,59889.0,159144,696589,34662,116368,153,39206,1555,50912,612877,443329,412404,31811,23508,29575,32385,24932,23901,24138,30186,41800,70529,459116,44209,40036,171345,129842,36549,111467,855733
442.0,22128.0,42.95794392523364,19624.0,54034.0,73980.0,417.0,634.0,679.0,21.717857143071427,8.253846153846153,8.444444444444445,118673,287,41.4,9833.0,243796.0,13239.0,29560,237308,10855,15622,43,16207,1632,9357,213152,133150,133718,12143,8115,10423,10004,8281,7817,7492,11654,14655,19032,146837,9028,10148,48575,38591,8574,43599,266868
296.0,1228.0,38.46078431372549,8078.0,20203.0,27913.0,172.0,264.0,281.0,21.571428571785717,6.953846153846154,4.361538461538462,64906,270,37.6,5354.0,139742.0,5851.0,8669,142278,7149,4591,5,4484,107,3061,131550,75248,75699,6335,4937,6471,6856,3720,3017,3376,4963,7339,9063,82251,3143,3741,32573,17836,3210,19030,150947
150.0,5893.0,49.47872340425532,9392.0,25456.0,31414.0,182.0,294.0,310.0,21.89642857142857,11.26923076923077,8.651851851851852,49937,210,41.2,2909.0,111210.0,2538.0,14206,102451,1599,2968,15,5317,492,3227,103039,58931,57726,4542,3172,2868,3143,3317,3449,3696,4995,6661,9746,62647,5139,5506,14555,21974,5862,20157,116657
281.0,14097.0,50.2680412371134,14710.0,49856.0,64592.0,309.0,611.0,725.0,21.7821428575,11.13076923076923,8.248148148148148,72929,545,38.1,4735.0,168101.0,6288.0,13091,166033,3756,45803,36,9489,1167,2169,116704,92811,86313,6202,4316,3729,2043,7111,6099,5205,7970,9465,15159,87677,13297,7534,23251,28099,10527,27592,179124
1395.0,63337.0,43.95792079207921,50991.0,146011.0,188038.0,737.0,1338.0,1612.0,21.571428571428573,9.56153846153846,4.688461538461539,233026,847,38.7,30394.0,494339.0,33573.0,57030,501276,31918,140870,238,19995,1482,14490,349313,288028,270278,21195,15711,18882,19942,15976,14859,13962,20540,29281,39083,295445,26972,15392,113420,87854,22342,75727,558306
455.0,21406.0,39.41530054644809,22993.0,61061.0,78488.0,446.0,804.0,993.0,21.889285714285712,12.192307692307692,8.170370370370371,88998,374,50.3,9076.0,214106.0,7067.0,21229,209020,2854,26122,431,8083,911,5278,186570,119120,111129,9638,5873,6037,6108,8518,8002,8303,9863,12691,19190,106203,13692,13463,30135,33464,12820,32615,230249
1540.0,71869.0,62.55921052631579,22697.0,67364.0,89490.0,248.0,285.0,285.0,21.749999999607144,12.6,7.12962962962963,104175,465,31.7,14258.0,239039.0,14808.0,27241,240864,16258,54002,147,12917,892,3697,180192,138719,129386,6866,5373,4962,5724,9228,9193,8406,9229,10526,32472,133970,12206,8611,57412,24210,8404,36366,268105
89.0,298.0,65.08333333333333,3314.0,8628.0,10727.0,57.0,62.0,62.0,21.57142857085714,14.084615384615384,8.096296296296297,9681,87,37.8,228.0,28264.0,187.0,771,27908,50,4174,10,1271,80,121,22973,13346,15333,762,474,686,277,946,656,798,1176,1313,1740,11672,1981,1277,2310,6015,2367,4565,28679
392.0,22383.0,59.61206896551724,19089.0,45503.0,55359.0,357.0,394.0,394.0,21.782142857071427,14.615384615384617,8.34074074074074,76898,192,40.6,6077.0,168030.0,5969.0,11947,168129,4073,19301,258,8293,547,2774,144830,90704,89372,5621,3305,4007,2850,6764,7724,6680,8300,10727,17558,89785,11489,7314,23544,27677,8064,37050,180076
0.0,0.0,80.47058823529412,2879.0,7449.0,9232.0,53.0,58.0,58.0,22.210714285821428,16.784615384615385,7.688888888888889,8672,33,39.8,315.0,27027.0,381.0,1205,26518,183,5651,0,341,98,119,21331,12356,15367,665,212,284,187,965,1060,758,1085,966,3136,10574,1933,2106,1266,6502,3134,4373,27723
1508.0,66865.0,54.11590296495957,35081.0,132397.0,174532.0,769.0,914.0,914.0,21.717857143,10.584615384615384,5.196153846153846,228573,342,47.2,17157.0,542737.0,34107.0,63063,530938,14160,58641,559,27473,1630,10876,480662,303545,290456,21328,13858,13532,14066,22818,21691,20356,25351,28736,54269,276381,27572,20295,97421,76011,20471,108151,594001
5055.0,186663.0,42.40071877807727,201261.0,596696.0,771978.0,2512.0,3079.0,3079.0,21.57499999964286,10.738461538461538,4.803846153846154,833982,2199,40.5,258043.0,1275853.0,408377.0,586236,1356037,70561,555741,1241,137964,5129,67771,1103866,996226,946047,60701,41226,44391,54025,63999,65353,54912,69144,87728,163463,1037402,116383,68462,365247,271587,94133,324055,1942273
0.0,0.0,89.7,1631.0,4076.0,4936.0,46.0,45.0,45.0,22.321428571464285,19.50769230769231,7.703703703703703,4321,0,41.9,233.0,13956.0,135.0,854,13470,22,1926,0,499,208,271,11398,6404,7920,245,72,71,71,763,396,364,344,553,1631,4884,1346,1098,600,3608,1789,1922,14324
640.0,23468.0,56.35294117647059,10907.0,35336.0,48641.0,379.0,437.0,437.0,21.796428571642856,12.007692307692308,8.892592592592594,54415,85,59.5,6565.0,167418.0,11943.0,14004,171922,2402,10302,144,5270,461,1963,165384,95002,90924,5796,3204,3468,3371,8925,8617,7976,8607,9811,20014,68660,7344,8668,17176,26564,7446,28377,185926
325.0,16926.0,70.86,9925.0,29347.0,38971.0,414.0,463.0,463.0,21.925,15.938461538461535,9.01851851851852,41338,47,56.7,2823.0,139432.0,5683.0,8677,139261,2616,4043,26,3903,412,1224,135714,75939,71999,4001,2055,2336,1716,7222,7130,5869,6390,6858,21044,51476,7127,8024,11145,25112,7090,21080,147938
477.0,24761.0,54.207207207207205,16929.0,53376.0,67216.0,315.0,352.0,352.0,21.56785714307143,7.576923076923077,4.4,87898,74,39.8,5018.0,201225.0,9051.0,21945,193349,5934,23786,82,13508,236,5573,166175,109230,106064,7669,5317,5557,3836,6544,6031,6703,8343,12236,13124,107801,11942,4588,29891,31728,9095,43450,215294
851.0,46093.0,29.75094339622641,30990.0,82787.0,105150.0,472.0,551.0,551.0,21.710714285714285,11.115384615384617,4.961538461538462,134077,734,51.3,51116.0,282637.0,45592.0,106230,273115,5678,25613,36,19667,748,7086,320517,192592,186753,12624,8790,11356,18089,12952,11201,12151,13248,19192,28374,167126,14768,13107,51371,48101,23478,44641,379345
91.0,7218.0,77.83333333333333,7733.0,21107.0,25685.0,162.0,170.0,170.0,22.071428571785717,15.507692307692308,7.92962962962963,24163,0,40.6,1254.0,68319.0,1325.0,4553,66345,682,12935,15,2655,147,883,53581,34244,36654,1867,1018,1063,634,3401,2233,1970,2523,2505,7991,29385,5282,3729,5299,12820,5235,12409,70898
49.0,598.0,89.44,3904.0,9279.0,11260.0,76.0,97.0,97.0,22.214285714285715,24.53846153846154,7.97037037037037,11543,61,40.7,3888.0,31843.0,1640.0,11783,25588,163,4537,30,1131,33,869,30608,16342,21029,543,291,202,88,1557,1410,1138,987,1017,5188,14646,2840,3862,1888,8477,5228,3107,37371
0.0,0.0,90.63636363636364,1519.0,4014.0,4934.0,22.0,24.0,24.0,22.364285714214283,22.192307692307693,7.977777777777778,4721,32,46.2,291.0,16280.0,169.0,699,16041,36,1388,6,656,1,272,14381,7151,9589,305,159,158,123,788,1225,411,363,712,1989,5557,946,1954,723,4060,1861,2082,16740
3172.0,140271.0,60.0,90097.0,251111.0,317516.0,1231.0,1483.0,1483.0,21.57142857132143,13.3,8.38888888888889,406070,1283,36.3,46914.0,840639.0,61098.0,96743,851908,44378,280209,629,48255,2136,23612,549432,488731,459920,31956,18680,19774,19275,37510,33167,32240,38545,48168,90389,499097,68895,40685,161529,141812,47605,165864,948651
1287.0,59037.0,67.7,34268.0,77632.0,94377.0,646.0,706.0,706.0,21.71785714257143,17.83076923076923,7.988888888888888,119169,254,37.3,7080.0,300453.0,9158.0,18403,298288,9913,69534,478,18812,1116,3749,213089,160114,156577,9491,5568,5592,5219,14134,11315,10850,13270,15261,31469,155531,21589,14322,44241,41483,14557,60509,316691
99.0,8569.0,47.644067796610166,6180.0,22143.0,28911.0,94.0,114.0,114.0,21.889285714142854,11.823076923076922,5.907692307692307,39522,21,51.8,4074.0,99155.0,9625.0,12004,100850,2878,11020,140,3810,262,4188,90556,58904,53950,4085,2173,2468,2076,4529,4328,3977,4647,5677,10080,47362,3991,4787,13027,17752,3080,18453,112854
0.0,0.0,53.9,1282.0,3067.0,3540.0,17.0,20.0,20.0,22.3178571425,22.36923076923077,6.948148148148149,3823,15,47.3,230.0,11494.0,190.0,669,11245,34,1651,0,382,12,329,9506,5210,6704,378,184,161,168,531,433,488,361,541,1446,4565,916,753,1108,2500,1408,1533,11914
58.0,0.0,87.23529411764706,5489.0,13381.0,17785.0,89.0,99.0,99.0,21.710714285714285,25.423076923076923,8.151851851851852,15844,180,41.4,1616.0,43493.0,678.0,4776,41011,78,25477,21,884,149,1249,17929,23989,21798,1002,399,513,220,2274,1914,1488,1797,1542,6158,18254,4421,5635,4064,8830,4282,6781,45787
0.0,0.0,78.0,1443.0,4496.0,5658.0,37.0,44.0,44.0,22.85862068965517,14.561538461538465,7.722222222222222,6692,24,41.7,520.0,17464.0,261.0,1091,17154,31,978,2,537,14,123,16560,8704,9541,515,249,225,86,726,709,605,573,932,2081,7587,1180,1823,1042,3753,1152,2931,18245
0.0,0.0,92.2,910.0,1984.0,2307.0,16.0,19.0,19.0,23.451724137586208,16.76923076923077,8.04814814814815,3140,6,47.9,742.0,12367.0,668.0,2924,10853,91,1869,0,172,558,319,10768,6186,7591,368,244,105,83,943,450,382,331,441,1512,4247,650,1457,623,2417,2005,1661,13777
19.0,425.0,64.08333333333333,1887.0,4265.0,5019.0,41.0,45.0,45.0,22.03571428535714,16.1,7.84074074074074,4925,16,46.3,420.0,14391.0,262.0,677,14396,89,2316,0,353,93,89,12133,6295,8778,513,292,217,242,845,541,498,571,678,1500,5933,817,1206,1877,2841,1285,2572,15073
0.0,0.0,91.58333333333331,1575.0,3796.0,4565.0,23.0,25.0,25.0,22.31785714292857,24.21538461538461,8.144444444444444,3412,13,40.0,355.0,13735.0,307.0,1411,12986,110,4923,0,182,146,145,8891,6053,8344,223,126,48,55,315,392,340,533,381,1972,4408,1255,1216,611,3740,2104,1635,14397
0.0,0.0,83.89473684210526,2828.0,8616.0,10347.0,31.0,45.0,45.0,22.14642857164285,18.26923076923077,8.57777777777778,8617,21,35.4,1468.0,24224.0,1335.0,11863,15164,316,1734,6,1712,50,2460,20749,12651,14376,626,227,82,155,1110,873,488,864,699,2867,10563,3551,2450,1064,6159,3235,2556,27027
0.0,0.0,84.91666666666667,4350.0,11671.0,13810.0,76.0,87.0,87.0,21.996428571357143,18.907692307692308,10.562962962962963,15354,406,35.0,7068.0,30339.0,4065.0,22518,18954,372,4692,0,3479,803,1525,30601,19450,22022,570,346,457,303,1983,1099,690,1084,1585,4761,20158,4798,2830,1592,6968,6047,6432,41472
682.0,34873.0,67.92857142857143,11696.0,41720.0,53680.0,422.0,482.0,482.0,21.5678571425,11.26923076923077,9.248148148148148,63155,125,48.8,4031.0,176820.0,9849.0,26964,163736,2291,9964,111,8444,547,4136,165207,98780,91920,5768,3356,2708,1891,8471,8231,7318,8444,9107,21414,77908,12163,8164,17662,28609,9873,34304,190700
313.0,15129.0,81.2375,7369.0,23888.0,30641.0,311.0,366.0,366.0,21.92142857142857,14.807692307692308,8.666666666666666,30191,32,54.1,6096.0,92803.0,5675.0,21365,83209,1545,9916,0,3744,136,6300,82933,53862,50712,2251,1158,1318,1170,4877,4134,4128,5080,3794,14811,37504,6403,8573,7297,15866,6784,13090,104574
4422.0,187351.0,50.73748609566184,114422.0,371919.0,478412.0,1555.0,1832.0,1832.0,21.571428571428573,12.584615384615384,4.765384615384615,607321,1662,37.4,124238.0,1191777.0,135343.0,421930,1029428,60671,242544,1086,107875,4000,61496,973686,741543,709815,45036,29805,34093,41223,50735,45971,43313,54667,67474,127602,758405,88976,43935,287397,204543,80637,218936,1451358
0.0,0.0,90.3125,2198.0,5378.0,6351.0,47.0,49.0,49.0,22.28571428596429,20.26153846153846,7.688888888888889,6596,83,42.2,202.0,19182.0,146.0,586,18944,135,1365,63,461,203,138,17165,8942,10588,444,150,91,74,941,764,657,658,679,2679,7530,1375,1473,1089,4462,1853,2854,19530
510.0,18672.0,52.13333333333333,11265.0,32175.0,42587.0,268.0,306.0,306.0,21.785714285214286,12.238461538461538,9.68888888888889,51997,94,54.0,7875.0,140548.0,8541.0,19675,137289,2230,13056,120,6149,408,2677,132324,81625,75339,4916,3262,3149,4323,6833,5458,4510,6417,7370,14721,64618,5898,8372,19474,19931,8049,22233,156964
66.0,2280.0,85.8,5974.0,14708.0,18291.0,155.0,158.0,158.0,22.28214285714285,18.96923076923077,7.403703703703704,15300,8,42.2,788.0,46118.0,503.0,2346,45063,232,12592,31,1262,336,506,32450,21509,25900,902,502,473,387,1970,1728,1583,1841,1594,6553,17516,3347,3573,2999,10034,4155,8309,47409
0.0,0.0,70.25,1409.0,3918.0,5020.0,24.0,28.0,28.0,21.7071428575,15.707692307692309,7.892592592592592,5037,0,47.3,361.0,13784.0,133.0,600,13678,54,4789,0,253,34,87,9061,6659,7619,461,309,302,132,615,436,498,476,631,1783,5796,739,1131,1536,2799,1399,1966,14278
0.0,0.0,84.83333333333333,1598.0,2765.0,3157.0,25.0,26.0,26.0,26.303333333,19.315384615384616,21.623529411764704,2540,0,38.6,331.0,8006.0,239.0,1389,7187,0,1353,95,204,14,8,6902,3388,5188,290,0,80,10,203,109,357,212,402,652,3123,508,581,417,1949,1365,1046,8576
821.0,41942.0,61.03954802259887,25312.0,84142.0,108782.0,586.0,663.0,663.0,21.5642857135,9.76923076923077,5.146153846153847,128797,449,47.0,14421.0,321403.0,20291.0,57268,298847,7462,38099,511,17200,1397,6439,285007,183669,172446,12227,7181,6143,5406,15652,12910,12056,14707,18311,32853,158254,18332,12534,40595,52820,17354,58199,356115
1924.0,87147.0,49.38898756660746,59220.0,187508.0,240774.0,895.0,1009.0,1009.0,21.703571428928573,11.507692307692308,5.119230769230769,277605,2100,48.8,62388.0,630685.0,63497.0,165318,591252,12529,62612,439,37581,1270,27267,614872,386064,370506,25924,14266,15148,18572,27936,26625,25677,31207,38488,65073,340351,36899,26563,90639,114148,41470,109067,756570
761.0,44662.0,59.052083333333336,29622.0,84539.0,113428.0,293.0,332.0,332.0,21.71071428575,11.830769230769231,7.388888888888889,126738,76,31.3,8902.0,272468.0,10493.0,19142,272721,10573,91018,118,10242,395,3779,175738,153611,138252,9239,6398,5903,6970,10949,10195,8990,11186,13717,32983,158655,15073,9245,63394,24563,8830,38663,291863
0.0,0.0,78.97058823529412,2966.0,10195.0,12790.0,43.0,56.0,56.0,22.3928571425,21.27692307692308,8.103703703703705,13862,26,47.0,840.0,39346.0,793.0,3517,37462,387,3394,0,1759,67,293,35079,21017,19962,911,326,268,235,2093,1711,1248,1885,1661,6633,16677,2835,4331,2612,8247,2891,6373,40979
0.0,0.0,90.71428571428572,1049.0,2494.0,2996.0,16.0,16.0,16.0,23.41724137896552,20.33076923076923,23.405882352941177,2345,3,40.6,114.0,8070.0,149.0,381,7952,35,1173,0,370,128,169,6458,3394,4939,173,101,88,31,270,254,199,230,158,1009,2777,559,724,560,2247,961,1043,8333
0.0,0.0,91.13333333333334,2018.0,5804.0,7024.0,43.0,45.0,45.0,22.28571428607143,21.23076923076923,7.951851851851852,5805,23,44.2,550.0,17701.0,306.0,1099,17458,118,7046,4,453,21,378,10537,8583,9974,306,134,167,70,766,645,399,551,767,3086,6490,1300,2332,1389,3628,1915,2888,18557
798.0,39561.0,50.57587548638132,32910.0,94633.0,122618.0,624.0,689.0,689.0,21.725,9.938461538461535,4.88076923076923,142550,658,48.8,26655.0,343714.0,23478.0,64617,329230,8446,33429,299,14939,821,8677,327236,203685,190162,12457,10097,8381,9498,16129,14123,11867,15242,19456,33095,175599,21353,14031,52907,53944,22797,57849,393847
895.0,51812.0,72.08482142857143,28193.0,82909.0,105490.0,877.0,996.0,996.0,21.71428571392857,12.961538461538462,8.777777777777779,117834,202,48.7,9991.0,333168.0,17051.0,49391,310819,5167,46559,111,15015,957,4601,287800,187347,172863,9343,5002,4639,4437,17504,16162,13126,15035,16458,44157,142247,25437,20135,31476,60928,19978,52500,360210
521.0,27626.0,42.16666666666666,10846.0,30090.0,40482.0,294.0,335.0,335.0,21.721428571535714,10.676923076923078,5.046153846153846,57414,216,52.7,7140.0,143825.0,9455.0,21987,138433,2388,8989,200,4842,842,3836,139323,81297,79123,6228,4095,4131,6367,5051,5355,5219,6011,8022,14391,70547,6354,6359,24673,17898,7199,24586,160420
9106.0,293397.0,38.413296398891966,422540.0,1171903.0,1545273.0,5619.0,6472.0,6472.0,21.575,11.8,8.151851851851852,1101431,3130,40.2,598155.0,1245209.0,862164.0,1843676,861852,43192,457814,869,288612,5273,125840,1783928,1390068,1315460,69439,44564,50029,60735,83831,75151,67612,86274,102922,261643,1398702,196218,140042,487268,401922,203574,392974,2705528
122.0,2435.0,14.238805970149254,6038.0,17871.0,22511.0,47.0,52.0,52.0,21.924999999892854,11.623076923076924,3.696153846153846,30274,35,47.9,7137.0,60232.0,7768.0,18478,56659,974,5684,141,3106,80,1639,63513,35868,39269,3454,2082,2859,3170,2986,2382,2487,2898,4491,5985,42125,2057,3337,14539,12051,3074,12456,75137
54.0,3334.0,44.540983606557376,7821.0,21628.0,27259.0,116.0,127.0,127.0,21.57857142857143,8.753846153846153,4.5,34388,8,45.8,1229.0,82388.0,2145.0,3884,81878,829,4882,8,1761,487,1279,76516,43210,42552,3527,2349,2397,2984,2622,2559,2431,3805,5089,5712,40538,3910,2113,12585,15227,3123,13634,85762
442.0,18735.0,46.73170731707317,19341.0,51130.0,61943.0,336.0,367.0,367.0,21.78571428596429,9.376923076923076,4.026923076923077,90818,295,36.9,7122.0,192005.0,8303.0,19758,187672,6723,20286,517,12608,554,7128,159614,102051,105379,8181,4897,4874,5032,7422,6708,6879,7957,11509,15776,107125,8197,6845,35323,26392,7872,39896,207430
100.0,3664.0,81.86206896551724,3606.0,10588.0,12441.0,83.0,89.0,89.0,22.0,19.784615384615385,8.481481481481481,13914,66,40.9,2867.0,36767.0,1977.0,10755,30856,393,3621,83,1329,233,1644,34308,19194,22417,1269,388,485,419,1695,1746,1090,1425,1412,4672,16519,3074,3829,3253,8020,4297,5697,41611
5009.0,249233.0,47.34355828220859,117031.0,372777.0,473481.0,1128.0,1310.0,1310.0,21.56428571392857,12.884615384615383,4.919230769230769,595638,950,35.3,149151.0,1069396.0,155237.0,441234,932550,72469,288370,969,102506,2780,84227,822463,700328,673456,42449,27422,28088,32529,42614,43478,38987,48796,60193,103519,739618,89258,38787,281784,178627,72973,228979,1373784
564.0,28652.0,53.31386861313869,37724.0,112508.0,143680.0,461.0,529.0,529.0,21.5678571425,12.676923076923078,8.907407407407407,153389,689,36.0,36299.0,288060.0,39307.0,198952,164714,10055,39470,94,32517,1264,38647,241619,184334,179332,9937,4129,4642,3816,11918,11553,10016,13007,14688,25936,184132,32574,9996,47642,54724,21371,69435,363666
4122.0,181091.0,41.40518134715026,124230.0,363456.0,479006.0,2528.0,2883.0,2883.0,21.567857142857143,10.207692307692309,5.096153846153846,579056,1987,45.0,168451.0,1104130.0,209476.0,334207,1147850,40979,276653,482,83411,2897,42118,1035517,763563,718494,50277,32096,37497,58967,51231,46028,42681,53379,69338,124104,730717,70909,56151,263220,172815,84932,211490,1482057
1280.0,70157.0,67.38,34271.0,121183.0,159455.0,667.0,802.0,802.0,21.571428571964283,10.576923076923077,8.65925925925926,191149,513,44.5,21815.0,484210.0,33860.0,85695,454190,14497,31248,356,27613,1565,9872,454734,277429,262456,17511,9902,11520,8581,21478,21425,16824,20645,25954,55643,240112,32374,24489,73017,84732,24814,87840,539885
3078.0,118536.0,53.18922651933702,68258.0,206891.0,274988.0,1482.0,1671.0,1671.0,21.571428571785717,10.461538461538462,8.237037037037036,382339,604,48.4,44468.0,853572.0,72945.0,96064,874921,33532,99798,913,41829,2466,15637,776810,505000,465985,34856,21795,23185,25538,41646,37817,34239,38549,52181,103433,485899,39129,47261,173182,129967,38425,167419,970985
1664.0,76180.0,70.94348894348894,58434.0,198831.0,259801.0,1183.0,1387.0,1387.0,21.710714285714285,14.346153846153848,8.75925925925926,268543,1026,40.2,38392.0,631321.0,36022.0,166076,539659,12257,107633,333,35793,2306,29844,517569,359923,345812,18427,10254,9434,8896,26732,25474,21420,25752,29786,64704,313846,52669,36681,71136,114369,49706,112136,705735
87.0,4836.0,85.05357142857143,5916.0,17497.0,21185.0,131.0,160.0,160.0,21.92857142892857,25.930769230769236,8.4,23662,124,45.0,1978.0,70671.0,1135.0,7483,66301,445,12026,16,2587,276,563,57871,37496,36288,1491,810,694,553,3789,3330,2518,3194,2353,11090,28982,7454,6002,4133,15392,6411,9981,73784
335.0,12716.0,32.624,20413.0,62337.0,78404.0,200.0,221.0,221.0,21.56785714296429,4.646153846153846,3.9,96480,64,43.7,6547.0,236404.0,12459.0,18550,236860,7001,13924,197,9621,722,2231,221714,131184,124226,9107,7551,10256,11889,6842,5894,7223,8020,11730,12741,123203,6307,5538,58718,27071,6214,38125,255410
637.0,32109.0,58.62176165803109,22811.0,73636.0,95859.0,552.0,657.0,657.0,21.717857143214285,11.576923076923077,9.774074074074074,122260,419,45.5,21201.0,269126.0,30587.0,62070,258844,6416,65264,245,13941,1220,8110,225718,164089,156825,10961,4835,5433,4508,11031,13479,10722,13109,14789,29660,145867,20865,11447,33678,50750,18131,53935,320914
172.0,7919.0,53.48936170212766,17374.0,48204.0,59155.0,271.0,291.0,291.0,21.714285714357143,7.769230769230769,4.4884615384615385,69897,93,40.0,2961.0,171150.0,5476.0,10333,169254,3360,10803,518,8986,863,3122,151935,87931,91656,7648,4695,4444,3794,5561,5221,4661,7140,10105,12428,84427,7805,5100,26488,24726,8034,38114,179587
1243.0,57240.0,40.0655737704918,27728.0,88637.0,120621.0,751.0,844.0,844.0,21.707142857607145,8.669230769230769,4.915384615384616,149385,505,56.6,21085.0,375748.0,30933.0,40134,387632,7788,19306,72,11963,698,4304,383635,223798,203968,18039,10823,11497,16525,16466,17755,16148,19565,24833,37577,182247,12411,17018,61560,54314,13036,56746,427766
285.0,13999.0,44.46694214876033,28028.0,102755.0,131830.0,443.0,516.0,516.0,21.57499999975,7.415384615384616,4.623076923076924,205730,281,39.3,25373.0,400243.0,41079.0,102310,364385,22063,55780,209,26591,1120,21650,339282,241042,225653,17917,12607,13230,14329,14751,15024,13472,17786,26050,32928,252299,17435,11956,110857,48507,12085,86493,466695
307.0,11701.0,54.30645161290322,8247.0,21466.0,30117.0,244.0,284.0,284.0,21.85714285707143,14.515384615384615,5.926923076923076,19942,11,68.0,2786.0,122528.0,4624.0,7554,122384,1244,9253,80,2394,348,1344,115275,65220,64718,6083,2447,3122,1965,5577,5204,5749,6815,8947,13167,27464,3508,6208,8234,15114,5206,13084,129938
0.0,0.0,81.13333333333334,5152.0,12905.0,15999.0,134.0,140.0,140.0,22.28214285739286,19.453846153846158,7.603703703703704,15371,7,43.5,1317.0,42151.0,822.0,4244,40046,140,5944,0,1709,66,878,35553,21202,23088,982,434,359,345,1866,1470,1568,1675,1793,4657,17964,3610,2801,3755,9210,4054,5741,44290
48.0,390.0,87.21052631578948,2666.0,6987.0,8104.0,42.0,48.0,48.0,22.282142856785715,19.54615384615385,8.325925925925926,5861,21,43.2,299.0,21078.0,332.0,920,20789,100,4758,43,277,60,444,16027,9582,12127,406,217,285,125,1046,603,445,797,648,2600,6710,1441,1497,1280,5140,2381,2825,21709
0.0,0.0,77.625,1751.0,4299.0,5130.0,70.0,74.0,74.0,22.25714285714286,17.96923076923077,7.12962962962963,3514,11,39.8,216.0,14937.0,129.0,878,14404,84,3091,5,717,117,164,11104,5113,10169,293,205,126,75,706,334,342,521,563,843,4039,717,834,958,3341,2297,2405,15282
1508.0,66350.0,61.267857142857146,35473.0,115798.0,150388.0,684.0,846.0,846.0,21.721428571714284,12.476923076923075,8.540740740740741,201864,287,46.5,15063.0,503473.0,27571.0,79015,467092,9916,59583,73,17749,1794,23725,433267,280025,266082,19076,9534,7819,9072,24128,20657,18521,24067,27656,59856,245932,28083,31313,65521,82687,23266,100338,546107
0.0,0.0,59.23809523809524,3197.0,9897.0,12174.0,52.0,56.0,56.0,23.06206896551724,10.423076923076923,3.996153846153846,13401,0,42.3,386.0,32037.0,432.0,1265,31590,151,4483,0,932,156,344,26789,14884,17971,1375,762,618,465,851,1170,630,1632,1788,2091,15244,1147,1309,3560,6633,2381,6444,32855
124.0,5803.0,53.84615384615385,7166.0,16442.0,19710.0,82.0,89.0,89.0,22.03571428517857,12.569230769230767,4.188461538461539,26870,86,44.1,1666.0,66323.0,3060.0,4461,66588,510,3278,0,2998,453,2543,61267,35198,35851,3220,1673,1601,1931,2370,2322,2083,3252,3949,6234,33850,3547,3113,10661,11443,4021,12136,71049
0.0,0.0,82.875,2639.0,6583.0,7725.0,48.0,52.0,52.0,22.285714285714285,19.13076923076923,8.051851851851852,8402,1,41.3,461.0,24247.0,386.0,968,24126,179,3768,98,548,320,225,19956,11536,13558,397,168,184,113,1137,778,784,924,1016,3536,9486,1739,1656,1614,5708,2474,4035,25094
165.0,302.0,90.6875,1846.0,3535.0,3846.0,60.0,120.0,135.0,22.564285713964285,19.07692307692308,9.296296296296296,7062,89,39.9,614.0,17523.0,291.0,1834,16594,0,3642,0,393,123,669,13601,9063,9365,370,287,208,123,533,509,541,521,619,2939,7875,2276,1981,955,3427,1844,2950,18428
0.0,0.0,95.83333333333331,764.0,1555.0,1703.0,18.0,47.0,57.0,24.972413793068966,25.54615384615385,8.988888888888889,3139,0,35.9,904.0,7226.0,181.0,2157,6154,0,1299,0,384,56,707,5865,4170,4141,120,70,127,61,311,246,296,194,244,1284,3714,900,797,469,1416,1367,951,8311
0.0,0.0,92.0,1018.0,2538.0,2853.0,27.0,73.0,82.0,22.571428571357146,23.784615384615385,8.203703703703704,3820,0,36.5,237.0,10837.0,66.0,933,10207,52,1832,0,180,0,206,8870,5666,5474,255,187,67,23,452,255,237,324,382,1561,4297,1002,858,472,2436,1071,1614,11140
0.0,0.0,87.5,158.0,314.0,343.0,8.0,14.0,15.0,24.293333333266663,25.62307692307693,32.964285714285715,946,0,52.2,78.0,2950.0,62.0,141,2949,175,1181,17,32,3,0,1682,1542,1548,78,68,115,7,107,106,65,182,36,684,1190,125,682,279,399,217,475,3090
101.0,3258.0,75.14285714285714,3743.0,7291.0,8467.0,106.0,226.0,262.0,22.071428571785717,20.515384615384612,9.08148148148148,16529,61,35.8,552.0,43983.0,537.0,1063,44009,802,18952,72,858,52,223,24113,22400,22672,1270,559,528,386,1384,1510,1235,1452,2361,6013,19932,2234,2826,5248,6519,2342,6880,45072
0.0,0.0,65.15384615384616,1576.0,3342.0,3992.0,34.0,84.0,101.0,22.467857142857145,13.930769230769233,8.11111111111111,7339,59,41.5,658.0,17948.0,294.0,1325,17575,211,408,0,487,94,479,17221,9397,9503,426,278,216,215,614,697,643,746,995,2111,8404,1157,1541,1716,3433,2122,2713,18900
56.0,1446.0,59.333333333333336,8159.0,19444.0,23224.0,119.0,247.0,291.0,21.571428571428573,8.661538461538461,5.0346153846153845,36180,71,36.0,3543.0,74559.0,3192.0,9351,71943,3249,9857,5,3867,194,2456,61666,41434,39860,3275,1478,1170,844,2740,2232,2397,3230,4324,5578,41536,5066,2569,8478,14646,5599,14750,81294
119.0,7703.0,59.18918918918919,10424.0,21519.0,26251.0,187.0,433.0,485.0,21.56428571392857,10.876923076923076,5.7846153846153845,44212,76,38.2,2976.0,100943.0,2537.0,9459,96997,983,10680,62,4521,154,3228,86828,53789,52667,3898,2281,1704,1572,3392,2862,2892,4515,5386,9403,52770,6051,4821,11408,19734,6880,18292,106456
60.0,752.0,88.14285714285714,1472.0,2163.0,2352.0,56.0,118.0,125.0,22.50714285678572,22.77692307692308,10.05925925925926,6401,0,39.5,395.0,16327.0,167.0,1052,15837,99,6238,0,209,0,485,9858,8671,8218,233,274,98,68,829,660,466,440,459,3085,7109,1031,1923,924,3820,1273,2437,16889
36.0,114.0,87.8125,1026.0,2012.0,2318.0,29.0,80.0,96.0,22.28571428642857,18.415384615384617,8.540740740740741,7303,0,39.8,264.0,18774.0,168.0,1015,18191,186,1997,0,569,12,405,16037,9810,9396,439,292,146,55,819,664,617,826,857,2676,8250,1557,1859,1312,4013,1745,2741,19206
992.0,42071.0,82.52671755725191,12946.0,28748.0,33807.0,369.0,751.0,832.0,21.78214285714285,24.00769230769231,8.58148148148148,55985,152,36.3,2115.0,148087.0,2824.0,5211,147815,3084,83070,66,4881,315,1498,60112,81148,71878,3483,2477,2236,2298,6120,4791,3964,4723,5938,22124,68315,15452,10157,20310,22764,8874,24273,153026
0.0,0.0,85.0909090909091,788.0,1460.0,1624.0,33.0,93.0,110.0,22.292857142857144,18.96923076923077,9.966666666666669,4504,7,36.0,110.0,12556.0,204.0,406,12464,15,3673,0,46,0,44,9092,6795,6075,290,224,100,65,290,338,553,400,377,1613,5039,636,1034,1176,2172,337,2362,12870
0.0,0.0,88.5,880.0,2486.0,2750.0,28.0,103.0,115.0,23.44137931010345,17.361538461538462,8.799999999999999,6305,0,40.8,152.0,18599.0,173.0,432,18492,174,657,0,288,43,88,17674,9488,9436,542,203,112,0,549,492,515,554,661,3135,6934,1730,1480,665,4151,2012,3036,18924
0.0,0.0,87.375,917.0,1882.0,2183.0,37.0,82.0,99.0,21.78571428607143,22.553846153846152,7.32962962962963,5484,0,43.6,307.0,15082.0,159.0,918,14630,96,5593,17,283,0,517,9042,8035,7513,393,124,138,263,636,501,352,760,510,2715,6799,1489,1804,1532,2576,938,3024,15548
0.0,0.0,48.63157894736842,2535.0,6798.0,8028.0,32.0,87.0,111.0,21.71071428542857,7.492307692307692,4.630769230769231,16823,26,34.1,801.0,36507.0,1013.0,2887,35434,515,5553,26,2022,172,1175,28858,19346,18975,1512,1187,1351,886,720,977,1110,1341,1976,2443,19922,1350,1338,6921,4868,1108,7131,38321
142.0,8297.0,71.53703703703704,5103.0,10564.0,11458.0,52.0,251.0,283.0,22.071428571428573,17.676923076923078,8.42222222222222,30934,120,29.2,2047.0,74872.0,800.0,3232,74487,1066,21777,208,3265,173,1191,50039,39778,37941,2284,1503,598,934,2582,2852,2443,2504,3301,8966,38859,4145,3992,9987,9667,3841,11502,77719
40.0,168.0,87.44444444444444,1689.0,2957.0,3249.0,32.0,104.0,124.0,21.717857143178573,19.007692307692302,9.907407407407408,8466,0,38.1,185.0,22192.0,190.0,727,21840,102,10685,0,380,0,260,11140,12002,10565,695,321,294,277,802,1084,327,827,844,2482,9990,2125,1657,1595,4174,1679,3534,22567
0.0,0.0,67.75,2029.0,4706.0,5595.0,69.0,149.0,180.0,21.564285714321425,12.976923076923075,9.174074074074074,8467,0,38.9,485.0,23676.0,302.0,820,23643,117,6949,0,638,2,248,16509,11505,12958,794,371,369,178,1129,1105,543,780,991,2082,9851,1606,1307,1496,5306,2655,4006,24463
0.0,0.0,96.4,450.0,983.0,1114.0,15.0,22.0,25.0,22.503571428214286,27.6,18.248387096774195,1555,9,39.6,250.0,6013.0,38.0,314,5987,54,3793,0,103,0,216,2135,2478,3823,50,72,57,25,145,207,127,245,153,645,1950,662,462,451,1384,873,998,6301
40.0,2004.0,62.51351351351352,3095.0,8556.0,10542.0,28.0,113.0,139.0,21.928571429285714,11.484615384615385,8.6,21997,2,33.3,1074.0,51347.0,1539.0,3768,50192,1034,9831,48,2818,385,749,39095,26378,27582,2015,1363,1063,584,1916,1837,1245,2162,2778,4783,26723,3783,1863,5939,8603,2117,10788,53960
0.0,0.0,90.0,729.0,1336.0,1493.0,35.0,92.0,110.0,22.57857142892857,22.72307692307692,7.640740740740741,4188,0,40.2,568.0,10231.0,35.0,1272,9562,63,2727,0,296,0,402,7346,5427,5407,317,111,68,68,281,334,282,317,450,1814,4709,1010,1111,618,2026,1084,1482,10834
335.0,14326.0,65.82894736842105,7063.0,14383.0,16803.0,127.0,431.0,500.0,21.564285714285717,13.115384615384617,9.0,48334,94,35.0,3594.0,113589.0,1509.0,8327,110365,911,23310,65,3421,947,2935,87103,60967,57725,4104,2180,2031,1343,4021,3653,2898,5002,6219,10745,57596,9288,5365,13162,19445,7931,18617,118692
35.0,495.0,67.14285714285714,5221.0,12380.0,14249.0,62.0,157.0,204.0,21.71428571392857,10.930769230769233,7.9,29889,13,40.8,842.0,65453.0,886.0,2046,65135,913,1443,36,1790,231,1119,61649,34834,32347,2595,1306,995,1011,2648,2222,1944,2730,3719,5981,33160,2773,3119,8470,10156,3576,12566,67181
0.0,0.0,88.5,1026.0,2205.0,2567.0,19.0,62.0,65.0,22.139285714321428,22.1,8.225925925925926,4111,10,40.5,820.0,12178.0,34.0,938,12094,142,3430,13,522,162,241,8522,5418,7614,210,212,43,66,346,427,307,468,326,1421,5017,1257,964,865,3215,1382,1793,13032
1055.0,50260.0,57.90677966101695,18900.0,52797.0,64518.0,364.0,835.0,1032.0,21.707142857214283,15.384615384615383,8.511111111111111,119748,201,35.9,10151.0,270171.0,9327.0,18872,270777,7973,116658,444,9486,727,5558,148803,150325,139324,10289,5532,5876,6678,10341,10670,8842,10183,14884,26573,152536,19872,10833,52402,35191,13955,50146,289649
0.0,0.0,91.4,2738.0,5996.0,6921.0,10.0,21.0,24.0,21.707142857,12.707692307692309,18.766666666666666,4055,0,24.0,183.0,10044.0,243.0,1699,8771,257,2213,42,674,15,382,6887,3691,6779,150,95,64,42,291,355,230,185,356,782,6535,448,442,1279,1380,186,1714,10470
0.0,0.0,91.63636363636364,2115.0,5250.0,5950.0,60.0,128.0,152.0,22.21071428557143,19.392307692307693,8.674074074074074,8471,11,40.0,641.0,24032.0,153.0,1325,23501,98,2421,0,717,15,538,21037,12013,12813,441,205,216,70,1108,1115,731,796,782,3642,9552,2040,2169,1246,4717,3385,3403,24826
212.0,14867.0,36.871428571428574,20696.0,45036.0,54402.0,268.0,595.0,710.0,21.57857142821429,6.1,4.346153846153846,109323,478,39.0,13172.0,230543.0,10065.0,27044,226736,4731,17665,236,9750,724,4581,216093,128851,124929,9541,8631,10086,8842,5705,5946,6918,8081,13890,12732,134842,6339,4821,52491,29328,10094,44184,253780
556.0,29468.0,60.76543209876543,12210.0,26074.0,30896.0,119.0,217.0,263.0,21.7821428575,17.315384615384616,7.655555555555555,48214,81,28.3,8080.0,114923.0,3949.0,13671,113281,4934,35829,53,4203,225,3000,78708,66545,60407,3046,2236,2188,1901,5285,3962,3760,3505,4694,19707,64925,7331,4969,26715,11493,5724,14241,126952
0.0,0.0,96.0,180.0,353.0,394.0,3.0,6.0,7.0,22.93571428557143,26.12307692307693,32.517073170731706,860,0,53.1,31.0,2860.0,40.0,10,2921,31,1632,0,6,0,11,1251,1491,1440,26,22,35,10,92,216,33,87,154,638,1056,423,285,102,374,245,547,2931
280.0,6429.0,78.45405405405405,21531.0,57397.0,70154.0,385.0,921.0,1088.0,21.564285714285717,17.73076923076923,9.477777777777778,112992,781,32.5,19370.0,250286.0,17904.0,37854,249706,14758,200776,201,10706,403,17312,43404,153306,134254,7378,3734,2990,1524,11118,11003,8845,11262,12050,26922,142462,34188,11765,29933,50392,21432,50325,287560
0.0,0.0,94.28571428571428,716.0,1386.0,1575.0,24.0,40.0,46.0,22.314285714285717,21.284615384615385,14.1,2010,13,38.8,87.0,6487.0,74.0,402,6246,2,1672,0,95,156,238,4485,3313,3335,173,62,28,27,178,207,169,352,151,1040,2233,630,762,315,1289,868,1012,6648
1049.0,53960.0,39.16274509803922,56345.0,134066.0,170357.0,875.0,1711.0,2089.0,21.578571428035712,7.946153846153846,4.769230769230769,329388,914,36.8,60727.0,638774.0,57152.0,98637,658016,41663,208593,478,35230,1699,36815,432175,390224,366429,29310,22077,28604,33689,20140,20413,19808,28948,38061,42309,418017,28202,14873,209982,70199,29963,107398,756653
92.0,4610.0,83.51612903225806,4172.0,8462.0,8792.0,124.0,270.0,305.0,22.496428571071423,24.553846153846152,8.929629629629629,16207,15,36.9,1719.0,40473.0,878.0,5060,38010,300,12335,0,1502,34,667,28232,21042,22028,1095,328,471,265,1475,1579,1287,1406,1365,5561,18479,3278,3182,2844,8103,5499,5910,43070
168.0,7929.0,89.06818181818181,3355.0,7923.0,9166.0,70.0,233.0,277.0,22.214285714285715,20.015384615384612,7.9222222222222225,16997,175,37.3,3448.0,41067.0,995.0,8850,36660,346,10681,9,1082,504,4399,28489,22909,22601,1213,625,299,318,2010,1245,785,1396,1584,6390,20424,4273,3962,3090,8832,5492,5463,45510
0.0,0.0,46.86585365853659,10631.0,20360.0,24330.0,155.0,368.0,437.0,21.72499999975,6.43076923076923,4.338461538461538,69182,163,37.1,4729.0,143375.0,6153.0,10644,143613,6376,25908,0,7980,387,1866,111740,78768,75489,5436,4245,5282,4361,2499,3269,3575,5570,7273,6723,77761,5113,4648,31864,18957,4734,26337,154257
115.0,182.0,87.3125,1144.0,2056.0,2281.0,36.0,70.0,83.0,22.285714285714285,19.892307692307693,8.511111111111111,7124,20,37.5,298.0,16755.0,164.0,1002,16215,151,4709,0,406,0,133,11818,8900,8317,291,191,211,130,628,551,414,636,697,2453,7821,1482,1586,1349,2790,1513,2864,17217
214.0,12550.0,45.72,8231.0,20800.0,27822.0,160.0,467.0,527.0,21.578571428464283,7.761538461538462,4.896153846153846,63388,298,39.0,5228.0,135803.0,4808.0,10360,135479,2918,25557,24,4910,360,2437,109633,74902,70937,6604,4569,4998,4224,3993,3709,3829,5148,7871,8159,75200,6233,4789,27325,19857,7066,23763,145839
0.0,0.0,79.44444444444444,507.0,1189.0,1420.0,15.0,52.0,64.0,25.503333333,15.976923076923075,8.562962962962963,4377,20,44.6,11.0,12138.0,118.0,424,11843,15,2709,0,172,16,209,9146,5667,6600,360,132,212,95,339,655,294,532,584,1370,5306,958,1082,729,2495,854,2360,12267
208.0,3043.0,90.73684210526316,1326.0,2544.0,2686.0,46.0,134.0,145.0,22.214285714285715,24.63076923076923,9.325925925925926,8121,9,40.2,291.0,22126.0,92.0,792,21717,26,10303,23,302,0,42,11813,11647,10862,576,280,215,380,819,683,600,516,805,3605,10280,3119,2562,1498,4224,1576,3509,22509
0.0,0.0,78.92307692307692,1138.0,2535.0,2990.0,10.0,28.0,44.0,21.7178571425,10.86153846153846,8.233333333333334,6122,24,42.7,153.0,15860.0,170.0,376,15807,206,182,21,520,0,66,15188,8233,7950,218,307,198,228,1083,510,427,506,711,1967,7536,682,1112,1274,3122,1227,2401,16183
0.0,0.0,40.266666666666666,2576.0,6119.0,7438.0,35.0,98.0,108.0,24.526666666666664,8.661538461538461,4.7846153846153845,11287,0,43.8,225.0,24393.0,659.0,1238,24039,179,187,0,850,26,98,23937,12501,12776,1233,759,791,751,743,1058,476,1137,1066,1507,13438,1712,749,4185,3549,1621,3598,25277
187.0,1746.0,80.69565217391305,2071.0,5287.0,6084.0,53.0,127.0,143.0,22.214285714285715,23.77692307692308,8.796296296296296,9775,13,38.0,581.0,25758.0,256.0,1636,24959,179,11094,0,331,38,1082,13871,13804,12791,514,435,274,148,1224,1031,535,721,1230,3572,11227,3157,3285,1669,4746,2049,4932,26595
1256.0,45796.0,47.48952380952381,52756.0,126937.0,167662.0,815.0,1631.0,1972.0,21.5678571425,14.13076923076923,5.7192307692307685,298394,1263,35.9,68125.0,634788.0,52374.0,63726,691561,46505,402410,503,33075,6594,13527,252673,398536,356751,25690,16657,20681,28044,25251,23152,21216,27287,33830,61991,412543,56079,28658,197771,84254,37911,102265,755287
51.0,656.0,88.0,1078.0,2107.0,2283.0,57.0,148.0,174.0,22.435714286071427,22.692307692307693,8.922222222222222,7479,43,41.9,204.0,20410.0,111.0,766,19959,66,6172,0,289,17,195,13986,9902,10823,533,246,144,214,807,737,531,604,863,2851,8370,1484,2464,1710,4385,1523,3679,20725
0.0,0.0,89.75,751.0,1529.0,1680.0,29.0,67.0,76.0,22.28214285739286,22.2,9.14074074074074,4576,94,42.7,406.0,13012.0,153.0,953,12618,0,6711,0,443,6,251,6160,6176,7395,398,371,110,150,583,317,363,329,683,1675,5590,677,1807,873,2995,1257,2052,13571
508.0,17812.0,86.8169014084507,5315.0,14083.0,16288.0,268.0,478.0,569.0,21.7821428575,24.63076923076923,8.981481481481481,31318,27,35.8,1208.0,86864.0,624.0,2604,86092,862,61851,40,1800,162,1156,22825,47803,40893,2160,904,841,790,2993,4057,2877,3197,2882,13532,39956,11407,6970,9483,12709,6001,14932,88696
102.0,6699.0,57.47674418604651,11087.0,28080.0,34887.0,161.0,381.0,461.0,21.571428571428573,12.653846153846152,9.114814814814816,62049,120,36.6,5639.0,132037.0,7387.0,14344,130719,2490,69022,13,4817,124,3887,64710,76031,69032,4669,3831,3455,2349,3886,4724,3566,5703,7548,10057,74798,9886,4338,22909,21535,8639,23987,145063
0.0,0.0,82.84615384615384,977.0,2091.0,2296.0,41.0,60.0,65.0,22.289285714285715,26.838461538461537,8.407407407407407,3468,15,40.1,58.0,10019.0,141.0,237,9981,52,5201,0,283,50,54,4578,5567,4651,284,129,39,48,529,298,201,300,501,1867,4038,1549,1861,677,1826,656,1630,10218
0.0,0.0,87.0,354.0,466.0,507.0,3.0,11.0,12.0,24.57575757569697,20.13076923076923,30.1093023255814,1471,0,40.3,123.0,3686.0,135.0,1108,2836,0,140,0,431,64,672,2637,2169,1775,93,74,9,36,119,139,163,132,169,563,1773,183,668,167,1013,541,426,3944
0.0,0.0,56.9,3634.0,10209.0,11883.0,59.0,187.0,217.0,21.710714285785716,8.323076923076922,4.623076923076924,27215,2,36.0,1147.0,60170.0,924.0,2941,59300,415,8460,52,2421,110,873,49910,31404,30837,2435,1297,1631,983,1936,2054,2142,2237,3408,3705,31240,2945,3530,8494,12132,2914,9761,62241
0.0,0.0,89.55,1498.0,2640.0,3008.0,50.0,107.0,120.0,22.28571428535714,20.07692307692308,9.429629629629629,7096,12,43.3,198.0,18480.0,486.0,1112,18052,123,5683,0,390,27,228,12713,9994,9170,564,316,151,91,952,674,504,571,947,2925,8366,1673,2318,1141,3953,1770,2674,19164
90.0,847.0,92.88235294117646,1700.0,3411.0,3632.0,51.0,154.0,168.0,22.575000000035715,22.56153846153846,9.670370370370373,7317,57,36.9,403.0,22008.0,114.0,1033,21492,38,7532,0,711,48,240,13956,11382,11143,464,166,123,105,940,984,483,790,889,3329,9167,2669,2222,1250,4775,2211,3052,22525
59.0,428.0,82.8,737.0,1493.0,1674.0,15.0,63.0,70.0,22.317857142857143,23.91538461538461,7.507407407407407,3729,12,37.4,408.0,10151.0,112.0,1257,9414,101,3048,0,262,32,1042,6186,5318,5353,315,221,87,30,315,414,314,451,408,1451,4732,1198,966,841,2124,1105,1326,10671
50.0,786.0,56.11111111111112,2001.0,4137.0,4654.0,51.0,145.0,180.0,22.285714285714285,15.16153846153846,8.72962962962963,8649,65,52.3,211.0,25156.0,430.0,645,25152,79,45,35,609,26,295,24708,13231,12566,545,612,332,536,1226,1213,984,959,1195,3572,10610,1259,1538,2713,4307,1224,4245,25797
290.0,18294.0,30.94029850746269,6250.0,16698.0,23119.0,135.0,304.0,384.0,21.567857142571427,5.5,4.469230769230769,44512,222,43.4,5349.0,101965.0,6230.0,8322,105222,4988,26715,196,4693,166,3578,73208,58580,54964,4059,4375,4621,5917,2201,2072,2891,4175,5997,4484,56201,2869,2582,29307,10032,2042,15476,113544
537.0,24549.0,72.38356164383562,9508.0,22910.0,27015.0,168.0,502.0,570.0,21.782142856785715,15.884615384615383,9.055555555555555,37638,260,38.4,4768.0,90839.0,2198.0,11049,86756,1167,13548,19,3575,154,2935,76407,50574,47231,3335,1736,1348,1370,4504,2646,2841,3651,3995,10766,44958,7230,5004,10258,16187,8128,14515,97805
388.0,16160.0,24.765765765765767,16509.0,43838.0,53998.0,154.0,368.0,465.0,21.575000000142857,4.023076923076923,4.092307692307692,95076,246,38.8,23706.0,193277.0,19622.0,22294,214311,33873,8574,49,9794,691,4792,178832,119153,117452,10246,7557,11877,16206,3636,4146,3803,5860,9271,7717,124451,3656,3023,73972,16668,7617,27526,236605
56.0,2282.0,77.22727272727273,2281.0,4368.0,5017.0,37.0,94.0,115.0,22.467857142857145,17.992307692307694,8.877777777777778,8707,0,41.2,433.0,22249.0,333.0,1120,21895,273,2045,0,480,74,502,19641,11724,11291,642,284,230,275,793,639,762,835,1120,2845,9960,1353,2057,2080,3785,1800,3574,23015
3467.0,155157.0,40.58313253012048,75792.0,182832.0,235286.0,1105.0,2179.0,2658.0,21.57499999992857,12.376923076923076,5.65,399017,923,35.7,77147.0,910813.0,63590.0,75345,976205,76832,458669,407,36953,4084,18208,456397,542562,508988,35347,25446,33145,63884,29227,30056,27661,38670,50304,93639,580377,65559,34767,336094,95729,37253,123806,1051550
0.0,0.0,53.7,2399.0,4642.0,5322.0,66.0,167.0,199.0,22.13928571392857,15.176923076923078,8.64074074074074,11437,48,47.9,1178.0,29140.0,668.0,3637,27349,98,131,3,771,343,1098,28542,15512,15474,949,412,488,348,1278,812,953,1704,2001,3478,13444,1619,1971,2769,5523,2414,4513,30986
0.0,0.0,90.0,140.0,268.0,304.0,7.0,25.0,31.0,27.975757575878788,26.60625,29.102272727272727,1327,0,43.2,0.0,2984.0,0.0,49,2935,0,290,1,27,14,0,2652,1543,1441,108,3,45,25,125,101,86,130,140,355,1378,146,418,187,527,337,485,2984
300.0,12546.0,63.81818181818182,6444.0,18068.0,20463.0,146.0,394.0,441.0,21.792857142857144,16.507692307692306,8.422222222222222,34595,63,42.2,2271.0,80559.0,2178.0,5616,79392,1283,21640,94,3019,203,1151,57618,44968,40040,3007,2420,1782,1884,3171,3063,2946,3008,4119,8791,40995,6249,5491,11883,11655,5185,13798,85008
69.0,4315.0,72.28205128205128,6195.0,11844.0,13741.0,94.0,255.0,303.0,22.071428571785717,12.3,8.781481481481482,23811,69,38.4,3593.0,52689.0,1474.0,9302,48454,694,2348,77,2050,715,2912,48960,29436,28320,1361,1203,716,641,2287,2230,1705,1928,2326,6049,27435,3179,3756,4673,10155,6576,8621,57756
44.0,705.0,78.0,1486.0,3681.0,4168.0,44.0,108.0,114.0,22.27857142821429,21.04615384615385,7.655555555555555,9914,45,39.4,1251.0,23357.0,85.0,2811,21882,152,7203,11,1225,116,76,15910,12601,12092,689,434,337,263,871,858,717,925,1043,2979,11102,2333,1983,2023,4425,2152,3758,24693
0.0,0.0,60.1578947368421,1451.0,3145.0,3859.0,47.0,81.0,91.0,22.214285714285715,16.623076923076926,10.18148148148148,5917,17,50.7,552.0,16915.0,341.0,1091,16717,202,6146,4,273,0,697,10486,9008,8800,545,370,499,781,771,497,447,601,792,2068,7106,1240,1634,2121,2964,998,1919,17808
881.0,39446.0,45.001795332136446,81624.0,173329.0,215610.0,932.0,1804.0,2116.0,21.571428571428573,9.907692307692308,4.8,394715,1012,35.5,124491.0,692301.0,109622.0,196654,729760,112541,260366,412,49810,3619,79446,420220,474366,452048,33490,20990,25398,23426,24423,23862,22227,33333,42298,50236,484801,41951,23965,192183,107462,58883,140627,926414
137.0,1856.0,67.35483870967742,4553.0,8380.0,9620.0,139.0,256.0,288.0,22.210714285714285,13.323076923076922,8.4,17624,84,39.3,2333.0,41491.0,1380.0,7037,38167,977,1196,321,1939,73,2276,38422,23906,21298,1129,775,443,554,1401,1443,1499,1893,2010,4111,20052,2120,3073,4599,7837,3787,5819,45204
975.0,36461.0,52.53508771929825,24049.0,46542.0,55852.0,387.0,808.0,929.0,21.789285714285715,10.576923076923077,4.703846153846154,86252,433,37.2,23622.0,168224.0,9588.0,57471,143963,3836,14476,21,12173,518,8179,162231,101265,100169,6484,3990,4272,4111,6222,5484,5536,6921,9276,13259,99369,11251,6011,23154,27820,22420,28611,201434
0.0,0.0,93.33333333333331,811.0,1368.0,1635.0,58.0,87.0,91.0,22.50714285735714,28.753846153846155,11.662962962962965,2099,0,47.6,209.0,8277.0,14.0,130,8370,121,6140,12,38,0,101,2088,3586,4914,191,99,54,77,521,216,119,187,228,1380,2410,585,1467,412,2067,1317,1099,8500
0.0,0.0,69.23809523809524,1644.0,3445.0,3902.0,33.0,162.0,186.0,21.571428571785717,12.884615384615383,9.05925925925926,12677,124,40.4,155.0,29300.0,153.0,562,29046,248,1287,0,640,40,171,27222,15057,14551,921,621,866,346,824,1301,867,1180,1179,3349,14252,1426,2018,2967,5788,2187,4637,29608
0.0,0.0,46.45,2034.0,5124.0,5955.0,50.0,109.0,124.0,21.714285714,6.823076923076924,4.415384615384616,14790,0,43.3,238.0,34032.0,406.0,1309,33367,228,5545,2,1065,40,346,27450,17403,17273,1362,1254,1169,1056,687,909,902,1460,1733,1897,17280,1017,1563,5775,4510,894,6891,34676
0.0,0.0,67.84210526315789,1667.0,3193.0,3714.0,35.0,89.0,111.0,22.28928571464286,16.407692307692308,9.55925925925926,9577,91,44.3,248.0,25397.0,336.0,958,25023,251,5093,0,414,147,124,19952,13115,12866,877,237,413,197,1140,1079,777,1205,1203,3143,11060,1374,2269,2207,4473,2314,4131,25981
0.0,0.0,79.75,601.0,1471.0,1785.0,14.0,49.0,61.0,21.57857142821429,16.046153846153846,8.651851851851852,4534,39,42.4,137.0,11513.0,135.0,325,11460,97,998,16,415,0,37,10222,5969,5816,420,152,71,84,269,369,404,642,579,1659,5261,1012,1301,599,2680,951,1880,11785
376.0,15541.0,53.86666666666667,17499.0,45363.0,57241.0,254.0,655.0,757.0,21.571428571214287,8.592307692307692,5.369230769230769,98275,406,37.1,6186.0,212857.0,10951.0,16247,213747,7829,104872,0,8924,226,3670,104473,120396,109598,8689,5416,5681,4472,6649,7088,6150,9951,12559,11549,120088,12546,5173,37046,36774,8982,39485,229994
276.0,12395.0,67.0925925925926,9529.0,23026.0,29358.0,172.0,477.0,542.0,21.792857143107145,10.876923076923076,4.892307692307693,70305,46,35.6,4431.0,146326.0,4560.0,10203,145114,5211,48639,276,6533,935,1541,92182,80428,74889,6088,4076,4282,2614,4896,4046,4108,6475,8111,13346,79988,7714,6320,27222,19935,5045,30052,155317
64.0,676.0,90.25,669.0,1035.0,1140.0,16.0,45.0,57.0,22.539285714285715,20.91538461538461,9.751851851851852,3427,25,39.7,49.0,9246.0,84.0,385,8994,39,2707,0,17,34,18,6564,4324,5055,245,67,38,120,284,277,327,480,232,1407,4288,563,877,758,1737,836,1331,9379
0.0,0.0,52.7872340425532,8123.0,18506.0,21764.0,126.0,280.0,314.0,22.110714285357144,10.23076923076923,5.007692307692308,29851,151,38.4,1576.0,67108.0,1783.0,5708,64759,1255,4912,24,2422,11,1797,60046,35555,34912,2750,1880,1737,1139,1952,1846,2346,2562,3570,4486,34688,4303,2854,9116,12218,5367,10793,70467
0.0,0.0,70.4,646.0,1666.0,2052.0,18.0,68.0,82.0,21.575000000714287,13.069230769230767,8.696296296296296,5349,64,43.2,189.0,13764.0,121.0,548,13526,23,2772,0,262,15,409,10593,7202,6872,351,198,269,118,444,627,408,668,730,1513,6150,821,1398,1111,3012,986,2137,14074
0.0,0.0,91.75,1243.0,2326.0,2429.0,36.0,70.0,77.0,22.575,20.41538461538461,9.62962962962963,5186,0,36.8,86.0,14649.0,328.0,1848,13215,38,2463,0,576,0,551,11435,7732,7331,318,184,61,41,917,504,283,484,458,1889,5905,1179,1341,789,2593,1685,2288,15063
37.0,405.0,90.82352941176472,1545.0,2238.0,2397.0,55.0,107.0,121.0,22.32142857132143,20.984615384615385,10.437037037037037,5735,0,40.0,208.0,15140.0,141.0,603,14886,58,8210,0,173,21,257,6770,8026,7463,450,265,106,81,735,387,397,423,517,2222,6460,1330,1559,881,3334,1253,2310,15489
0.0,0.0,97.75,703.0,1071.0,1151.0,39.0,66.0,69.0,22.285714286,24.99230769230769,10.196296296296296,2711,0,41.9,257.0,8376.0,154.0,556,8231,63,3127,0,127,183,186,5101,4567,4220,141,23,9,3,291,216,183,407,114,2005,3430,739,1157,206,2307,832,1182,8787
0.0,0.0,93.85714285714286,779.0,1460.0,1668.0,40.0,72.0,86.0,22.57142857089286,23.36923076923077,8.596296296296297,3225,22,41.6,19.0,9659.0,39.0,251,9466,19,3291,0,167,0,36,6204,4228,5489,141,102,91,11,250,301,456,202,514,1415,4059,1024,911,347,2619,1203,1038,9717
0.0,0.0,68.61538461538461,1537.0,3716.0,4347.0,45.0,108.0,127.0,21.78214285667857,11.5,8.248148148148148,11800,0,40.4,153.0,28306.0,163.0,508,28114,175,7011,0,614,46,92,20684,14859,13763,1355,677,480,285,828,841,859,1070,1766,2753,13541,1646,1657,3410,5306,1056,4934,28622
0.0,0.0,74.5,1266.0,3278.0,3826.0,40.0,111.0,131.0,21.567857142857143,13.830769230769231,9.562962962962963,6589,0,38.5,106.0,18372.0,356.0,478,18356,103,5348,0,685,6,118,12574,9540,9294,411,298,312,162,567,754,640,681,829,2004,7896,1518,1240,1433,3551,1061,2989,18834
0.0,0.0,85.5,482.0,1091.0,1294.0,9.0,22.0,32.0,24.348275862068967,19.692307692307693,7.9,3380,0,37.0,139.0,10008.0,387.0,669,9865,50,2426,0,344,15,57,7642,5620,4914,271,84,58,80,352,285,270,213,429,1783,4365,977,946,1318,1990,635,1763,10534
140.0,8324.0,87.71794871794872,3627.0,8579.0,9777.0,139.0,290.0,328.0,22.289285714285715,20.907692307692308,9.329629629629627,16861,305,39.4,551.0,46423.0,430.0,1297,46107,520,17834,9,408,108,1140,27385,25017,22387,1090,547,458,581,1794,1619,1232,1319,1613,6906,18891,4497,5378,4322,9422,2790,7010,47404
0.0,0.0,61.8235294117647,1566.0,3839.0,4310.0,47.0,98.0,113.0,21.79642857082143,9.515384615384615,4.565384615384615,12765,12,37.1,192.0,28692.0,851.0,905,28830,676,6451,41,951,35,180,21401,14807,14928,1397,875,513,354,702,1037,916,1191,1770,1795,14589,2000,1119,4594,4357,1070,5643,29735
0.0,0.0,73.63636363636364,2880.0,10856.0,13746.0,53.0,143.0,166.0,21.782142856857146,16.646153846153847,8.374074074074075,25602,25,28.8,1709.0,58213.0,2117.0,7849,54190,1179,25241,324,5379,313,2482,27121,30723,31316,1648,971,769,389,2991,2875,2268,3067,3028,6047,31163,5174,2021,6085,8424,2052,13846,62039
0.0,0.0,78.71428571428571,492.0,858.0,938.0,22.0,35.0,40.0,22.107142857142858,17.5,9.2,2952,6,47.0,161.0,7743.0,25.0,160,7769,8,2382,3,102,4,73,5357,4128,3801,224,117,105,85,366,420,269,163,398,1130,3358,506,1339,471,1712,623,1133,7929
0.0,0.0,74.6,666.0,2219.0,2783.0,11.0,34.0,36.0,24.83,14.038461538461538,7.751851851851852,6908,14,31.6,470.0,18520.0,246.0,2189,17047,129,4832,67,1222,45,1194,11747,9545,9691,537,335,162,143,429,659,593,488,813,1847,8485,1597,639,1671,4013,1341,3415,19236
279.0,18355.0,75.59740259740259,7396.0,15157.0,18287.0,129.0,372.0,434.0,21.785714285714285,21.653846153846157,7.574074074074074,47499,84,30.6,2156.0,112458.0,1822.0,6803,109633,1711,42998,138,3492,623,2493,64981,59926,56510,2990,1710,1603,1243,3980,2786,3759,4197,4940,15547,54623,10009,8511,14529,17751,5427,16800,116436
24.0,934.0,56.75,2679.0,6534.0,8263.0,56.0,128.0,139.0,22.139285714285712,12.315384615384614,8.648148148148149,13895,0,36.3,680.0,31694.0,635.0,1629,31380,270,694,25,437,127,347,31109,17012,15997,808,930,369,448,1050,876,631,1331,1657,3766,16583,1093,1378,4539,4163,2179,4111,33009
25.0,628.0,78.44444444444444,1588.0,2972.0,3306.0,38.0,94.0,114.0,21.71428571392857,19.146153846153847,9.437037037037037,8147,0,38.2,264.0,20875.0,265.0,684,20720,91,8547,244,483,0,569,11470,11521,9883,629,271,264,133,1002,891,902,950,698,2498,9424,1889,2134,1607,4347,1517,3153,21404
0.0,0.0,65.78571428571429,603.0,1958.0,2250.0,13.0,35.0,39.0,21.78214285714285,21.46923076923077,8.08148148148148,5764,32,51.0,34.0,14015.0,168.0,59,14158,240,4920,0,181,13,0,8863,7089,7128,430,215,311,120,455,498,395,621,1224,2074,6699,615,1216,1191,3044,1049,2136,14217
46.0,16.0,93.5,586.0,1193.0,1420.0,23.0,48.0,54.0,22.28214285703572,26.00769230769231,10.011111111111113,3962,0,40.0,148.0,12943.0,16.0,563,12544,11,8111,0,127,0,458,4400,6160,6947,352,142,50,110,444,462,485,267,187,2149,4872,1221,1405,620,2319,1956,2260,13107
0.0,0.0,73.44444444444444,2641.0,5956.0,6815.0,40.0,99.0,123.0,21.78928571392857,14.546153846153846,7.966666666666667,12254,20,40.5,538.0,28746.0,340.0,1716,27908,377,2614,0,695,62,1105,24771,15168,14456,749,510,398,266,1149,1037,613,1426,1470,3004,14497,2297,1742,2951,5365,2393,4764,29624
0.0,0.0,82.6,381.0,955.0,1083.0,15.0,49.0,57.0,21.710714285714285,20.253846153846155,7.97037037037037,2999,0,44.8,137.0,8126.0,187.0,653,7797,101,2578,35,240,11,395,5090,4428,4022,257,49,144,71,346,218,589,401,274,1074,3518,315,1180,615,1476,692,1440,8450
0.0,0.0,84.57894736842105,1440.0,3246.0,4048.0,58.0,140.0,158.0,21.57499999992857,22.57692307692308,9.477777777777778,7704,3,42.2,70.0,20935.0,75.0,488,20592,52,8501,0,151,13,150,12213,10895,10185,409,288,105,202,1072,623,794,805,943,3014,8766,1564,2370,1131,4307,1641,3495,21080
0.0,0.0,84.2,620.0,1288.0,1486.0,7.0,30.0,31.0,22.503571428928574,23.4,15.363333333333332,2118,0,42.8,19.0,5700.0,6.0,31,5694,6,1777,28,24,12,0,3878,2961,2764,181,212,13,22,97,145,277,229,230,933,2497,491,969,556,704,310,1159,5725
0.0,0.0,88.33333333333333,1478.0,3101.0,3425.0,71.0,112.0,127.0,22.28928571407143,23.03076923076923,8.559259259259258,7611,5,39.1,493.0,21308.0,271.0,1029,21043,100,10159,55,767,76,296,10619,10669,11403,430,261,67,201,918,793,807,728,686,3127,9178,2706,1674,1253,4307,2261,3824,22072
0.0,0.0,59.16666666666666,1795.0,3891.0,4631.0,83.0,169.0,185.0,21.775,11.2,8.637037037037036,11235,45,42.9,237.0,27019.0,199.0,649,26806,172,6254,0,546,49,210,20224,13592,13863,1076,659,643,898,710,770,887,827,1022,2685,12529,859,1590,4074,4574,1595,3892,27455
0.0,0.0,86.85714285714286,710.0,1461.0,1590.0,19.0,49.0,56.0,22.753571428928574,20.03846153846154,9.648148148148149,3092,0,40.0,215.0,8664.0,190.0,623,8446,35,2379,0,103,0,453,6099,4515,4554,177,93,139,106,374,179,260,223,458,1052,3691,727,538,686,1730,625,1466,9069
0.0,0.0,46.30769230769231,1136.0,2898.0,3579.0,16.0,60.0,75.0,21.857142857857145,11.492307692307692,5.06923076923077,7912,23,44.1,235.0,18485.0,112.0,591,18241,13,4562,0,233,11,262,13751,9568,9264,783,595,375,470,503,658,481,816,1078,1281,9297,1180,1286,2341,3661,861,2733,18832
29.0,867.0,79.10714285714286,3907.0,9093.0,10565.0,72.0,178.0,205.0,21.789285714035717,14.753846153846156,9.31111111111111,16876,99,38.8,2081.0,36962.0,746.0,6037,33752,153,341,0,855,68,184,38188,20226,19563,917,527,359,440,1563,1381,1335,1681,2142,4175,19057,2981,2657,2238,7141,5295,6113,39789
804.0,29651.0,76.98484848484848,13069.0,31836.0,37706.0,339.0,773.0,925.0,21.72142857107143,18.93846153846154,8.892592592592592,73707,47,34.4,4493.0,185307.0,5618.0,15127,180291,4842,90798,292,10322,608,5570,82986,100181,95237,5367,3145,2812,2907,7156,6395,5288,7368,8426,24784,92638,17046,11184,28793,26275,10161,36466,195418
94.0,5629.0,63.16129032258065,6992.0,17967.0,23060.0,189.0,430.0,497.0,21.567857142857143,12.83846153846154,6.18076923076923,43929,141,36.5,3352.0,102544.0,3939.0,6331,103504,1320,50373,78,3012,307,1904,52841,57931,51904,3483,2414,1582,1287,3875,2826,3233,4757,5040,9046,53196,8302,3149,12084,17622,6533,19848,109835
0.0,0.0,29.52380952380953,2827.0,6900.0,8270.0,58.0,103.0,116.0,21.782142857107143,4.8769230769230765,3.807692307692308,16495,0,40.1,1138.0,36416.0,1640.0,2135,37059,1594,1927,34,1078,40,141,34380,19836,19358,1916,1222,1475,2046,999,1160,859,1127,1491,1478,19846,1024,903,10676,3230,863,5038,39194
0.0,0.0,74.46153846153847,1135.0,2369.0,2800.0,26.0,50.0,65.0,21.782142856785715,12.446153846153846,7.9296296296296305,6664,33,42.7,91.0,14909.0,40.0,736,14304,49,2578,0,347,3,115,11948,7395,7645,461,303,240,175,284,544,459,622,659,1730,7609,966,1376,1490,2976,1193,2094,15040
294.0,8448.0,53.97752808988764,10002.0,25891.0,32164.0,149.0,419.0,476.0,21.571428571571428,7.092307692307693,4.834615384615384,71364,158,36.3,4101.0,153924.0,6415.0,10969,153471,1768,33067,35,6809,362,2019,120380,84341,80099,7325,4287,4852,2237,4242,4522,5617,5970,8444,7497,84440,7575,3926,22450,26753,7323,33213,164440
0.0,0.0,73.47368421052632,1769.0,3673.0,4627.0,45.0,125.0,151.0,22.00357142857143,19.43846153846154,9.425925925925926,10057,82,38.0,885.0,25958.0,659.0,2128,25374,236,12231,49,445,122,950,13469,14172,13330,1085,571,310,371,667,535,800,845,1152,3879,12380,1981,1982,3057,4077,1898,4571,27502
52.0,3862.0,55.96,2388.0,5087.0,6083.0,56.0,159.0,194.0,21.564285714285717,10.207692307692309,4.9692307692307685,12882,36,46.1,425.0,31351.0,226.0,1002,31000,92,525,0,3130,265,7,27983,16161,15841,1336,723,573,584,909,1005,787,1519,2025,2668,15294,1393,1215,2999,5749,2049,5638,32002
0.0,0.0,84.0,1192.0,2797.0,2989.0,38.0,125.0,143.0,22.214285714285715,15.723076923076924,8.192592592592591,7420,15,39.0,321.0,18922.0,93.0,960,18376,0,1953,0,195,63,556,16569,9660,9676,493,243,258,157,658,668,645,874,768,2414,8423,1890,1568,1163,4288,1340,2917,19336
0.0,0.0,54.61538461538461,991.0,2734.0,3112.0,22.0,89.0,108.0,21.57142857107143,8.2,5.3538461538461535,7547,26,40.6,103.0,18217.0,245.0,315,18250,71,1644,0,320,0,181,16349,9477,9088,839,335,321,346,474,496,485,849,876,1142,8488,784,1147,2047,3614,998,3105,18565
0.0,0.0,80.4375,3787.0,9225.0,10760.0,73.0,187.0,214.0,22.010714285714283,17.2,8.437037037037037,17049,236,37.3,2092.0,39418.0,741.0,5594,36657,241,4794,16,1858,144,1609,33589,21576,20675,1096,642,680,289,1905,1415,1210,1527,1914,4747,19788,3585,2645,2746,8402,3956,6266,42251
151.0,697.0,83.0,593.0,1215.0,1438.0,30.0,72.0,84.0,22.035714286142856,19.515384615384612,7.866666666666666,3769,0,41.0,76.0,10953.0,156.0,322,10863,77,4327,0,20,45,19,6697,6354,4831,233,295,236,11,524,334,168,313,408,1281,4251,1075,1176,775,2126,1280,1972,11185
0.0,0.0,64.2,1695.0,3631.0,4341.0,50.0,101.0,114.0,22.13928571392857,17.346153846153847,9.314814814814817,7966,5,47.8,459.0,21212.0,235.0,1371,20535,41,5714,0,433,6,611,15101,11150,10756,705,566,382,516,1049,662,895,911,1124,2647,9076,1793,1773,2295,4025,1364,3108,21906
0.0,0.0,96.0,76.0,230.0,285.0,1.0,4.0,5.0,29.48484848478788,32.05,32.52916666666667,687,0,56.9,85.0,2172.0,33.0,29,2261,145,1076,12,65,0,0,992,1127,1163,17,9,33,27,85,131,88,73,55,440,893,144,332,139,391,270,262,2290
0.0,0.0,60.333333333333336,1444.0,2791.0,3162.0,37.0,92.0,106.0,22.71428571464286,15.669230769230769,9.255555555555556,5643,250,49.8,792.0,15869.0,198.0,1331,15528,286,340,2,204,0,553,15474,8645,8214,417,209,304,283,609,726,494,573,843,2564,6761,715,1398,2018,2597,1284,2362,16859
0.0,0.0,95.71428571428572,458.0,853.0,939.0,32.0,47.0,50.0,22.289285714285715,26.21538461538461,9.448148148148148,2096,10,39.9,37.0,6841.0,10.0,237,6651,3,4358,0,125,0,189,2213,3556,3332,44,5,58,8,561,211,148,112,175,1382,2658,1258,591,429,985,570,1087,6888
1453.0,62734.0,79.97350993377484,18888.0,36160.0,43059.0,365.0,848.0,971.0,21.71428571464286,20.85384615384616,8.95185185185185,76014,178,34.4,3429.0,195119.0,3630.0,10287,191891,3945,114637,384,6672,368,3214,72958,104330,97848,4405,2379,2354,1902,7427,6103,6655,7440,7916,25945,97835,20625,11020,24308,33053,13211,34188,202178
141.0,9829.0,60.53125,5579.0,14913.0,19644.0,136.0,312.0,350.0,21.57857142857143,13.346153846153848,9.32222222222222,35999,26,38.5,3348.0,81511.0,5296.0,9153,81002,1744,50392,162,3791,84,1690,32292,47653,42502,3155,2109,1501,1582,3094,2963,2731,3556,4446,6328,44162,6415,3661,13045,13980,4360,15620,90155
0.0,0.0,76.66666666666667,203.0,521.0,589.0,4.0,9.0,11.0,25.000000000333333,15.846153846153848,24.36764705882353,2027,0,39.1,32.0,5164.0,19.0,330,4885,0,1427,0,146,0,137,3505,2656,2559,131,36,75,19,177,203,101,301,236,582,2452,267,441,367,903,250,1117,5215
0.0,0.0,87.73333333333333,790.0,1811.0,2065.0,17.0,67.0,76.0,22.289285714285715,21.3,9.966666666666669,5208,0,41.9,33.0,13781.0,163.0,334,13643,109,5702,0,230,47,93,7796,7267,6710,401,164,134,129,799,276,323,477,554,1682,5985,1167,1244,1110,2839,1037,2303,13977
140.0,522.0,89.33333333333333,716.0,1643.0,1916.0,17.0,28.0,39.0,22.28928571392857,23.700000000000003,8.9,2590,26,45.1,0.0,8198.0,20.0,101,8117,94,2903,0,141,0,14,5066,4365,3853,236,123,79,38,435,316,245,189,274,1429,2951,720,1015,557,1516,538,1445,8218
160.0,6168.0,78.16666666666667,3724.0,10425.0,12163.0,135.0,397.0,450.0,21.571428571428573,21.607692307692307,9.762962962962964,25409,24,39.0,926.0,64044.0,1073.0,3121,62922,694,22567,0,1507,256,309,40710,34282,31761,1706,1188,855,957,3038,2160,2014,2961,2932,7882,28704,6253,5081,6147,13511,5350,8213,66043
50.0,1101.0,78.04347826086956,2885.0,5891.0,6790.0,72.0,139.0,183.0,22.50357142857143,17.007692307692306,8.92222222222222,9942,24,41.6,369.0,25162.0,403.0,958,24976,156,2920,2,707,29,609,21511,13797,12137,1092,271,257,120,1109,932,881,1162,917,3236,11603,2077,2232,2118,4837,2208,3239,25934
0.0,0.0,99.0,767.0,2073.0,2740.0,22.0,32.0,36.0,22.467857143178573,26.27692307692308,14.779310344827588,1665,30,39.2,1767.0,4621.0,58.0,1017,5429,198,3699,0,73,17,945,1514,2063,4383,80,33,36,48,351,143,139,62,149,804,1897,349,786,528,1500,1123,1003,6446
54.0,2968.0,83.54166666666667,1772.0,3903.0,4377.0,89.0,161.0,188.0,22.217857143214285,26.153846153846157,9.296296296296296,11448,52,35.7,1037.0,28297.0,380.0,1727,27987,397,15752,0,383,6,327,12849,15616,14098,654,477,295,232,1458,831,723,972,1250,4527,13366,3113,2826,2889,5030,1603,4419,29714
0.0,0.0,87.66666666666667,369.0,937.0,1091.0,17.0,31.0,35.0,22.357142857142858,25.515384615384612,8.825925925925926,2467,3,50.3,8.0,6199.0,38.0,49,6196,36,3538,0,72,4,48,2547,3239,3006,173,50,130,45,357,284,270,242,252,1088,2762,596,958,393,1489,388,902,6245
0.0,0.0,96.0,96.0,181.0,211.0,2.0,3.0,4.0,30.80285714288571,38.388888888888886,30.375,589,21,45.2,27.0,1540.0,29.0,70,1526,0,934,8,0,0,53,601,834,762,8,30,2,4,84,121,60,49,36,268,691,145,255,38,398,191,159,1596
0.0,0.0,86.16666666666667,1795.0,3432.0,3657.0,39.0,130.0,144.0,22.289285714285715,23.192307692307693,8.022222222222222,6664,4,37.7,1251.0,23914.0,227.0,3012,22380,35,7382,5,513,112,2623,14722,10456,14936,641,374,178,265,1006,829,730,643,859,2820,8878,1893,1606,2053,5716,3309,3461,25392
0.0,0.0,92.71428571428572,488.0,1139.0,1339.0,21.0,52.0,53.0,22.50357142860714,23.4,9.955555555555556,2798,0,44.0,224.0,7882.0,20.0,59,8067,275,3090,0,53,0,4,4704,4363,3763,112,94,63,78,305,377,180,152,378,1884,3298,695,1145,577,1675,790,1331,8126
0.0,0.0,92.33333333333331,698.0,1248.0,1382.0,43.0,81.0,90.0,22.63571428553572,26.707692307692305,11.04814814814815,4630,0,42.1,1587.0,14247.0,37.0,1815,14056,30,6236,0,366,13,895,8331,6514,9357,180,123,29,98,460,386,182,340,606,2077,4872,1051,2086,616,4403,2610,1361,15871
0.0,0.0,89.3,548.0,1187.0,1287.0,41.0,60.0,71.0,21.782142856928573,25.71538461538461,8.87037037037037,3069,0,40.3,247.0,8370.0,37.0,252,8402,267,5002,0,45,16,184,3140,4359,4295,358,47,31,49,438,198,297,274,294,1369,3684,1191,874,387,1376,962,1557,8654
328.0,7264.0,73.15384615384616,3459.0,8826.0,9662.0,107.0,204.0,235.0,22.07857142821429,18.76153846153846,8.440740740740742,18427,57,39.5,742.0,43460.0,343.0,1669,42876,120,16419,25,801,67,455,26658,23272,21273,1227,958,891,584,2149,1468,1353,1490,2045,5585,21258,4152,2778,5770,6513,2912,7250,44545
181.0,9047.0,79.75,3372.0,6266.0,6876.0,92.0,213.0,238.0,22.214285714285715,20.77692307692308,8.514814814814814,17124,36,36.1,1623.0,38390.0,577.0,4890,35700,511,11914,1,1547,92,1244,25281,20865,19725,911,707,521,425,1501,1281,1341,1350,1535,5296,18679,2511,4469,3688,6609,3094,6563,40590
57.0,4333.0,86.88888888888889,2801.0,5434.0,5992.0,88.0,193.0,216.0,22.610714285714288,23.03076923076923,9.596296296296297,9597,27,36.9,1031.0,25470.0,446.0,3125,23822,198,6972,0,756,7,1297,17717,14448,12499,683,454,532,178,1112,1101,493,794,883,3562,11247,2587,2062,1892,5162,1789,4304,26947
0.0,0.0,47.6,1029.0,2036.0,2688.0,40.0,104.0,127.0,22.924999999964285,16.223076923076924,9.248148148148148,4028,13,53.5,100.0,11497.0,218.0,339,11476,61,203,0,235,41,73,11202,6284,5531,394,137,278,122,534,621,562,617,480,1261,4673,304,899,1285,1338,454,1549,11815
0.0,0.0,96.14285714285714,625.0,1132.0,1273.0,19.0,59.0,71.0,22.571428571535712,22.607692307692307,9.85925925925926,2386,11,39.1,218.0,6540.0,29.0,126,6661,0,1967,0,29,0,0,4791,3133,3654,62,70,46,92,169,102,174,201,313,1166,2657,629,647,436,1468,727,727,6787
426.0,7644.0,75.78260869565217,5623.0,12052.0,14714.0,163.0,369.0,425.0,21.928571428571427,16.146153846153847,8.707407407407407,28189,44,36.7,1651.0,67482.0,962.0,2578,67517,1530,25631,0,1332,150,787,40665,36623,33472,2101,1029,794,976,2489,1859,2106,2409,2618,8601,32620,5777,4991,6920,12221,5198,11459,70095
0.0,0.0,93.0,584.0,1112.0,1274.0,30.0,55.0,65.0,22.285714285714285,25.569230769230767,9.25925925925926,2999,0,39.7,148.0,7577.0,195.0,385,7535,58,3146,0,149,0,50,4517,4210,3710,139,107,57,21,444,276,118,266,443,1337,3327,918,1050,432,1355,917,1380,7920
0.0,0.0,92.11111111111111,498.0,1041.0,1218.0,33.0,68.0,74.0,24.03103448275862,20.153846153846157,9.955555555555556,2714,5,47.2,151.0,8014.0,30.0,128,8067,13,3439,0,88,28,0,4627,4131,4064,112,121,120,40,262,340,187,176,531,1191,3111,539,869,475,1716,733,1481,8195
189.0,2503.0,57.42105263157895,1961.0,4284.0,5413.0,63.0,149.0,181.0,22.9321428575,15.415384615384616,8.74074074074074,7471,0,55.2,300.0,23403.0,296.0,833,23166,82,181,0,579,83,40,23034,12424,11575,599,339,282,552,951,988,843,1078,1397,3202,9056,1139,1746,2360,3904,1333,3248,23999
105.0,3547.0,86.9047619047619,1732.0,4148.0,5125.0,101.0,227.0,259.0,22.0678571425,19.153846153846157,9.407407407407408,10341,39,42.2,414.0,25683.0,232.0,618,25711,105,7285,201,394,164,275,17905,13769,12560,574,567,199,152,1163,950,674,1055,959,4106,11378,2119,2437,1766,5066,1827,4894,26329
0.0,0.0,76.07272727272728,6021.0,13463.0,15404.0,73.0,227.0,290.0,21.714285714285715,13.076923076923077,7.822222222222222,27180,3,41.7,439.0,68553.0,406.0,1646,67752,560,2669,9,2034,100,244,63782,35233,34165,1812,930,556,891,3441,2672,1652,3105,3380,7867,32807,4330,4689,7180,11783,5630,11383,69398
76.0,4139.0,51.62745098039216,7547.0,15848.0,19493.0,212.0,418.0,479.0,21.567857142142856,9.515384615384615,5.146153846153847,39018,97,39.1,1924.0,88407.0,2953.0,4343,88941,1527,16920,16,1610,68,1454,71689,48003,45281,3013,2097,2146,1544,2754,2733,3011,3299,5068,6429,45929,5024,3797,11339,16287,4890,15408,93284
138.0,6367.0,91.21875,2903.0,5957.0,6406.0,133.0,271.0,304.0,22.325,23.476923076923075,8.385185185185186,12454,10,39.3,309.0,35225.0,211.0,1477,34268,442,11038,43,743,90,468,22921,17652,18093,604,482,282,238,1643,1268,815,1394,1379,5552,13959,3674,3218,2962,7163,3327,4888,35745
0.0,0.0,96.0,363.0,652.0,748.0,11.0,29.0,35.0,22.49999999978571,26.49230769230769,10.84074074074074,2030,2,45.2,41.0,5209.0,9.0,0,5259,51,3202,0,21,0,0,1985,2789,2470,102,100,56,34,247,238,325,116,100,943,2244,607,959,301,1155,511,767,5259
109.0,377.0,87.53333333333333,1599.0,3232.0,3591.0,53.0,132.0,141.0,22.56428571392857,22.284615384615385,9.444444444444445,6739,0,41.0,242.0,19926.0,148.0,526,19790,142,10782,0,314,51,200,8827,9974,10342,422,230,157,125,1017,774,540,378,985,3091,7760,2132,1882,1530,5137,1322,2618,20316
88.0,2610.0,81.16666666666667,2582.0,5661.0,6467.0,70.0,202.0,222.0,22.22500000035714,22.069230769230767,8.955555555555556,10207,4,38.2,493.0,29285.0,181.0,1922,28037,146,6173,0,884,34,416,22306,14864,15095,628,313,617,179,1103,1072,842,837,1307,3581,11955,2455,2116,2000,6346,2341,4739,29959
0.0,0.0,96.0,98.0,251.0,280.0,4.0,8.0,10.0,31.41176470558824,33.96875,32.20434782608696,901,27,43.9,27.0,2451.0,109.0,322,2265,0,850,0,35,8,281,1413,1319,1268,57,6,63,12,115,85,25,81,135,536,1002,266,318,141,423,208,434,2587
0.0,0.0,98.5,453.0,931.0,994.0,21.0,38.0,39.0,22.753571428464284,26.13076923076923,15.320689655172414,2648,0,27.8,51.0,7841.0,5.0,397,7500,0,3073,0,19,0,5,4800,2773,5124,89,17,6,3,112,100,109,271,150,917,3021,585,926,590,1254,623,654,7897
0.0,0.0,57.8421052631579,2874.0,6252.0,7727.0,63.0,153.0,185.0,22.39642857214286,13.892307692307693,8.311111111111112,11763,0,46.7,147.0,29266.0,549.0,979,28983,181,735,1,459,184,191,28211,15412,14550,898,581,497,277,1553,1323,953,1180,2048,2417,14000,1229,2290,2659,4803,2207,5236,29962
221.0,7588.0,72.72727272727273,14285.0,27276.0,30450.0,214.0,414.0,492.0,21.77857142821429,12.46923076923077,9.037037037037036,44833,418,36.2,12939.0,85430.0,5753.0,36952,67170,1468,3605,18,4085,1022,4353,89571,52414,51708,2882,1449,932,1364,4533,3419,3265,4165,4170,10233,50364,5358,5569,8269,16385,14826,13376,104122
0.0,0.0,95.33333333333331,458.0,826.0,902.0,28.0,68.0,73.0,22.607142857000003,24.553846153846152,12.285714285714286,2519,3,40.7,261.0,8396.0,44.0,414,8287,0,3095,1,61,9,26,5509,3467,5234,145,85,54,28,280,194,171,275,298,1012,2899,617,850,495,2125,852,1410,8701
0.0,0.0,93.1818181818182,657.0,1118.0,1195.0,17.0,49.0,55.0,22.285714285714285,21.692307692307693,9.637037037037036,3588,0,45.8,232.0,9506.0,59.0,509,9288,0,4104,0,160,8,298,5227,4967,4830,236,105,58,62,369,207,418,475,353,1832,3977,650,1967,469,2246,722,1297,9797
0.0,0.0,95.44444444444444,715.0,1640.0,1887.0,26.0,55.0,67.0,22.499999999642856,22.29230769230769,9.125925925925928,3073,0,43.0,182.0,8743.0,20.0,262,8683,0,3492,3,113,8,39,5290,4731,4214,214,75,77,64,310,277,211,311,335,1427,3507,844,946,518,2198,462,1312,8945
0.0,0.0,84.11764705882354,1155.0,2340.0,2584.0,57.0,112.0,128.0,21.785714286214283,20.361538461538466,8.492592592592594,8217,21,42.6,136.0,19981.0,229.0,454,19892,178,5724,7,359,65,97,13916,10589,9757,565,259,366,155,729,669,757,776,1197,2509,9451,1456,1991,971,4731,1210,3403,20346
338.0,11520.0,30.2421875,2294.0,25982.0,41413.0,53.0,182.0,209.0,22.353571428464285,14.415384615384616,8.040740740740741,75369,540,42.8,13922.0,174522.0,12906.0,26579,174771,45650,1301,24173,59434,809,4152,65831,101428,99922,6490,5126,5309,4496,5780,5098,5198,7048,10013,17189,96118,16939,10257,28535,32468,6446,34184,201350
1909.0,61360.0,10.656634746922023,22174.0,164664.0,257707.0,356.0,998.0,1184.0,21.710714285321423,8.0,3.7961538461538464,388085,2270,38.2,74146.0,788693.0,116843.0,98422,881260,417316,24048,97942,228490,1908,12075,197903,486148,493534,36516,26642,35747,40179,19426,20789,19284,31245,42729,44371,527022,45896,28157,188709,125112,27782,165854,979682
72.0,2875.0,11.479166666666666,186.0,11532.0,18599.0,1.0,29.0,37.0,22.36071428567857,10.884615384615383,8.225925925925926,30508,110,42.3,5089.0,60519.0,6341.0,8181,63768,23301,349,6566,17914,334,636,22849,36314,35635,2988,2329,2088,2031,1395,1642,1671,1805,3090,4292,37881,3570,2449,10373,12161,1857,12701,71949
219.0,8536.0,11.03921568627451,2500.0,29666.0,42275.0,35.0,133.0,150.0,22.078571428464283,10.223076923076924,7.714814814814815,71441,658,41.8,13964.0,136235.0,16458.0,19382,147275,48237,1016,18746,39068,380,2928,56282,83752,82905,6748,4223,5780,5963,3621,3641,3393,5512,8155,8584,88904,7662,5655,23692,28956,5648,30314,166657
979.0,42209.0,35.49085365853659,47519.0,131902.0,160373.0,440.0,996.0,1139.0,21.710714285714285,6.523076923076923,4.0346153846153845,204853,650,37.2,12334.0,442531.0,14608.0,39526,429947,12075,5976,924,20654,2694,7531,419619,234388,235085,18977,11442,11971,14740,15160,14298,15224,21002,25644,31250,252735,14609,16555,102364,50237,11761,85862,469473
0.0,0.0,48.2,332.0,694.0,819.0,4.0,15.0,16.0,22.71785714282143,18.857142857142858,17.879310344827587,1232,0,55.3,32.0,4161.0,7.0,158,4042,0,14,17,110,49,5,4005,2019,2181,79,39,17,142,191,174,216,143,238,487,1784,90,245,330,715,170,822,4200
177.0,7407.0,65.85714285714286,8034.0,20746.0,24459.0,97.0,242.0,273.0,21.785714285178567,10.0,7.5851851851851855,31665,113,34.1,1791.0,83660.0,1291.0,7707,79035,1738,575,116,3706,2254,2004,76349,43402,43340,2601,1439,1491,830,3558,3200,2774,3307,3992,8477,38871,5531,3321,11460,11369,2981,16998,86742
0.0,0.0,68.28571428571429,361.0,908.0,1155.0,2.0,15.0,19.0,22.78214285725,11.069230769230767,23.75588235294118,2245,11,39.4,60.0,5908.0,86.0,261,5793,29,18,0,151,52,94,5710,3014,3040,174,138,70,67,206,300,199,281,398,622,2710,233,279,514,950,167,1119,6054
0.0,0.0,63.55555555555556,632.0,2034.0,2770.0,7.0,40.0,45.0,22.3178571425,13.13846153846154,10.907407407407408,3146,0,46.0,31.0,9120.0,80.0,365,8866,21,36,65,307,823,16,7963,4568,4663,176,89,139,86,370,473,367,340,468,1056,3879,472,651,762,1699,457,1496,9231
8.0,396.0,61.4375,4381.0,9735.0,11205.0,63.0,150.0,175.0,22.142857142857142,10.169230769230769,7.574074074074074,17669,114,34.1,1382.0,43911.0,953.0,8401,37845,187,102,40,1940,2941,3378,37658,23098,23148,1561,771,824,507,1595,1248,1569,1768,2057,3712,21193,3423,1787,4288,6993,2259,7883,46246
0.0,0.0,22.05263157894737,2199.0,5721.0,7310.0,17.0,30.0,33.0,22.60714285760714,7.730769230769231,4.515384615384615,9879,0,43.7,2148.0,19188.0,1393.0,5210,17519,117,141,52,1024,212,665,20518,11156,11573,949,434,476,547,527,1072,511,1056,1161,1585,12625,1361,718,4172,3051,1720,3058,22729
0.0,0.0,48.25,314.0,1067.0,1297.0,2.0,13.0,14.0,23.065517241206894,16.364285714285714,5.484615384615385,2652,7,54.4,180.0,7340.0,105.0,373,7252,91,24,9,265,40,48,7148,3777,3848,370,189,152,132,380,458,224,426,267,753,3445,102,441,1178,1172,248,1445,7625
0.0,0.0,43.86363636363637,3027.0,8579.0,10275.0,34.0,176.0,201.0,22.250000000035715,12.13076923076923,9.796296296296296,15540,0,47.9,515.0,43546.0,627.0,1483,43205,298,121,33,1509,467,292,41968,22470,22218,1431,637,771,645,1775,1959,1473,2069,2184,5054,19380,1828,2986,5297,6677,1923,8329,44688
419.0,13462.0,56.88311688311688,12792.0,30808.0,35614.0,150.0,282.0,305.0,21.78214285714285,8.176923076923076,3.630769230769231,46159,157,33.0,3282.0,111274.0,2414.0,15543,101427,1080,542,139,3902,771,6633,103903,58394,58576,3803,2559,2103,2120,3550,4000,3489,4701,5810,8811,55440,8203,3076,17210,13701,4774,20020,116970
0.0,0.0,50.66666666666666,824.0,2038.0,2416.0,10.0,57.0,69.0,22.6428571425,13.923076923076923,10.07777777777778,4017,17,43.8,302.0,11671.0,183.0,624,11532,157,36,81,260,155,98,11369,6052,6104,280,130,64,220,713,404,326,427,664,1368,4843,673,712,929,2551,444,1726,12156
0.0,0.0,76.0,200.0,476.0,555.0,1.0,9.0,12.0,22.142857142714288,26.9,29.21914893617021,825,11,46.8,4.0,2599.0,0.0,102,2501,0,3,0,10,0,0,2590,1199,1404,52,49,52,31,60,48,82,69,92,431,1056,144,142,213,441,110,623,2603
0.0,0.0,71.0,70.0,149.0,182.0,0.0,2.0,2.0,31.526470587941176,19.34,19.266,377,0,44.5,19.0,1036.0,14.0,28,1041,0,0,0,30,0,0,1039,573,496,22,18,4,40,93,13,15,28,39,119,501,22,72,121,212,122,154,1069
295.0,14320.0,53.7,24958.0,61216.0,70696.0,279.0,674.0,738.0,21.714285714285715,8.669230769230769,8.737037037037037,87541,221,33.8,10293.0,206265.0,7332.0,56751,167139,1849,789,789,12075,2205,25653,180530,112760,111130,7252,3661,2527,2160,7680,7704,7924,9877,10113,16596,105948,16510,7533,21833,32265,15222,38754,223890
0.0,0.0,66.57142857142857,630.0,1476.0,1664.0,12.0,24.0,35.0,22.28928571457143,9.623076923076924,4.665384615384616,2904,9,37.9,237.0,6699.0,92.0,446,6582,4,0,0,156,18,258,6592,3366,3662,307,148,110,62,292,162,244,275,325,637,3374,227,241,577,1145,322,1286,7028
0.0,0.0,64.52631578947368,2877.0,4904.0,5610.0,25.0,52.0,58.0,22.50357142857143,11.03076923076923,7.7629629629629635,9372,7,33.3,1463.0,21696.0,688.0,6519,17328,171,50,20,1073,240,1019,21274,11666,12181,689,343,316,260,737,933,851,896,838,1969,10765,1085,845,2283,3010,1697,4018,23847
0.0,0.0,83.0,54.0,108.0,118.0,0.0,0.0,1.0,32.83611111138889,24.295,15.332,284,5,37.7,197.0,655.0,33.0,347,538,0,8,0,0,41,87,749,395,490,15,2,11,0,52,26,54,13,30,129,353,48,72,64,139,171,66,885
0.0,0.0,65.91666666666667,1009.0,2278.0,2693.0,12.0,32.0,40.0,22.289285713964286,15.53076923076923,11.962962962962964,2476,2,50.8,268.0,8373.0,94.0,369,8366,54,39,23,252,198,58,8111,3901,4834,144,130,75,94,594,256,306,415,451,1082,3162,299,618,703,1599,279,1844,8735
0.0,0.0,54.0,235.0,524.0,707.0,3.0,8.0,9.0,22.717857143214285,18.307142857142857,20.409375,1018,12,53.0,18.0,4175.0,0.0,299,3894,3,6,0,469,23,63,3629,2076,2117,120,81,52,8,89,243,101,266,172,757,1677,149,258,473,400,126,702,4193
0.0,0.0,67.94444444444444,1643.0,6978.0,9096.0,12.0,69.0,74.0,22.139285714285712,11.692307692307692,7.833333333333333,11353,63,31.8,1366.0,24234.0,1443.0,4696,22347,772,735,184,1595,595,704,22458,12858,14185,622,340,370,113,1479,1370,686,1327,1371,3207,13089,1433,1456,2695,3775,1282,5670,27043
0.0,0.0,48.5,1088.0,2330.0,2594.0,15.0,29.0,31.0,21.792857142642852,7.06923076923077,6.544444444444444,5672,17,33.5,197.0,13421.0,118.0,927,12809,15,16,2,363,111,316,12913,6664,7072,353,313,369,190,292,547,533,436,552,847,6274,428,376,1038,2658,616,1928,13736
0.0,0.0,61.333333333333336,1040.0,2149.0,2415.0,14.0,26.0,30.0,22.21428571464286,11.453846153846154,7.522222222222222,4626,18,37.8,714.0,12237.0,160.0,1600,11511,21,31,73,389,27,230,12340,6293,6818,399,217,171,81,588,331,444,664,570,999,5683,926,568,1187,1802,752,2567,13111
0.0,0.0,55.833333333333336,1702.0,3629.0,4263.0,33.0,79.0,86.0,21.714285714285715,10.261538461538462,8.707407407407407,6979,8,45.0,537.0,17012.0,222.0,1526,16245,99,15,0,814,161,977,15705,9004,8767,538,213,268,258,656,765,633,934,756,1801,8010,862,889,1697,2854,1267,2742,17771
0.0,0.0,67.38461538461539,1273.0,3166.0,3932.0,25.0,55.0,61.0,22.57142857107143,11.576923076923077,7.192592592592592,5932,21,38.6,1512.0,13158.0,610.0,4490,10790,140,5,29,972,120,365,13649,7434,7846,263,243,205,172,723,585,299,949,679,1497,7238,924,1087,1190,2490,1594,1940,15280
0.0,0.0,60.42857142857143,1165.0,2926.0,3601.0,17.0,51.0,59.0,22.28571428603572,13.26923076923077,9.714814814814815,5183,16,50.5,55.0,16314.0,142.0,568,15943,88,34,4,304,605,99,15377,7814,8697,500,160,190,150,838,613,596,637,723,2055,6617,423,1305,1589,2639,696,2727,16511
0.0,0.0,50.75,2559.0,6032.0,6853.0,22.0,62.0,69.0,21.7892857145,6.746153846153846,3.680769230769231,11416,11,31.9,760.0,28188.0,290.0,3077,26161,144,4,5,839,352,1543,26351,14405,14833,878,413,493,449,511,840,1114,1100,1582,1445,13969,1066,565,3535,3170,1224,5643,29238
0.0,0.0,60.47368421052632,2515.0,5770.0,7118.0,22.0,64.0,68.0,22.496428571071423,12.461538461538462,7.488888888888888,10256,11,32.8,3385.0,20048.0,641.0,8831,15243,184,41,142,1258,144,991,21314,11909,12165,501,391,248,317,932,562,789,1334,949,1981,11871,1559,1250,1660,3577,2693,3659,24074
361.0,15931.0,36.5959595959596,16872.0,39901.0,47262.0,190.0,583.0,669.0,21.789285714285715,7.6692307692307695,5.550000000000001,65423,214,40.3,1486.0,157968.0,2222.0,7776,153900,1342,605,161,6882,2065,1669,148952,81597,80079,6963,3676,3583,2385,6062,6501,5993,8296,7741,13275,78194,9371,5858,20833,22098,4633,34500,161676
0.0,0.0,46.66666666666666,2833.0,6668.0,7725.0,8.0,48.0,57.0,22.07500000007143,9.069230769230767,7.148148148148148,14843,12,29.5,1189.0,38041.0,822.0,1777,38275,865,485,28,1508,498,200,36468,19590,20462,1104,670,584,768,1533,1518,1419,1569,1955,4617,21295,1209,1225,7877,3196,541,5842,40052
0.0,0.0,60.875,506.0,1251.0,1796.0,9.0,25.0,28.0,22.714285714285715,14.884615384615383,9.785185185185185,2590,23,53.4,91.0,7762.0,76.0,264,7665,8,2,2,354,36,93,7434,3845,4084,233,105,42,75,495,353,299,310,373,1432,3382,202,627,927,868,288,1591,7929
0.0,0.0,72.0,381.0,1126.0,1406.0,6.0,28.0,32.0,22.49285714285714,19.214285714285715,33.06279069767442,1187,0,48.7,26.0,3782.0,42.0,185,3665,49,21,1,172,278,112,3217,1956,1894,80,50,36,29,192,151,135,206,183,587,1453,302,450,344,470,194,745,3850
0.0,0.0,69.0,488.0,1068.0,1300.0,11.0,15.0,15.0,24.23448275896552,17.75,23.918181818181814,2402,49,35.8,662.0,4460.0,220.0,1653,3689,30,0,0,392,33,156,4731,2519,2823,114,94,23,25,279,153,237,277,201,401,2736,418,366,298,808,621,986,5342
65.0,2136.0,52.25806451612903,6512.0,12649.0,13800.0,22.0,50.0,58.0,22.135714285571428,11.623076923076924,6.12962962962963,15432,99,23.5,1187.0,37913.0,625.0,3066,36659,579,100,101,1383,67,998,36497,19527,20198,1094,497,214,423,1077,1011,1258,694,1115,4475,20570,3351,388,5538,1896,660,6015,39725
0.0,0.0,67.25,2294.0,4039.0,4821.0,30.0,62.0,71.0,22.503571428214286,12.092307692307692,8.151851851851852,8589,34,35.2,1981.0,17607.0,1229.0,7331,13486,79,29,35,1141,175,812,18546,10393,10424,653,317,224,177,795,644,961,775,814,2096,9767,1238,1227,1449,2892,2265,3123,20817
130.0,3302.0,54.80555555555556,3390.0,8880.0,10618.0,52.0,143.0,161.0,21.785714285392856,11.084615384615384,7.45925925925926,16677,37,40.4,201.0,39681.0,586.0,1721,38747,354,23,25,1183,2394,204,36285,20440,20028,1358,958,943,581,1810,1272,1195,1559,2565,4307,19798,1812,2428,5221,5702,1406,7936,40468
0.0,0.0,59.0,332.0,798.0,956.0,3.0,11.0,12.0,22.49999999967857,15.528571428571428,29.345454545454547,1681,5,39.5,138.0,4252.0,39.0,195,4234,0,4,0,76,17,33,4299,2202,2227,109,58,54,54,226,194,111,304,211,394,1909,130,152,512,653,131,684,4429
0.0,0.0,68.22222222222223,1021.0,2259.0,2613.0,26.0,52.0,56.0,21.710714285714285,12.638461538461538,12.186206896551724,4232,20,40.4,838.0,10656.0,230.0,3050,8674,16,63,0,669,321,1557,9098,5565,6159,286,168,80,147,599,322,434,581,467,1345,5283,1025,845,644,1713,1443,1713,11724
0.0,0.0,60.875,2393.0,5516.0,6793.0,32.0,85.0,92.0,22.21428571464286,11.407692307692308,9.007407407407406,9552,0,39.4,1025.0,22124.0,556.0,4145,19560,214,14,10,1458,143,1722,20144,11928,11777,1133,336,117,342,1352,1114,668,1254,910,1860,10845,1676,1120,1997,4136,1641,3550,23705
0.0,0.0,70.57142857142857,632.0,1463.0,1660.0,9.0,20.0,20.0,22.035714285714285,11.323076923076922,8.207407407407409,2875,0,38.8,666.0,6519.0,450.0,2596,5039,0,2,0,198,491,848,6096,3799,3836,177,52,135,69,466,302,210,443,282,557,3754,899,339,583,1069,821,1060,7635
0.0,0.0,77.82352941176471,1016.0,2637.0,3119.0,32.0,75.0,80.0,22.353571428214284,16.884615384615383,11.18888888888889,4345,52,46.8,89.0,12547.0,64.0,469,12231,2,110,17,377,341,33,11820,6421,6279,220,127,202,72,775,457,545,616,508,1914,5574,896,1039,730,2499,708,2354,12700
0.0,0.0,28.27777777777778,1106.0,2693.0,2937.0,4.0,8.0,9.0,22.64285714239286,8.476923076923077,10.096428571428572,5008,4,37.1,687.0,10851.0,238.0,1936,9840,0,0,0,443,114,626,10593,5735,6041,573,334,656,126,210,302,345,588,398,758,6680,127,228,2842,1054,495,2170,11776
217.0,10536.0,59.78947368421053,9054.0,22842.0,28733.0,123.0,285.0,315.0,22.360714285714288,11.876923076923076,7.492592592592593,36514,55,35.0,4964.0,78423.0,2811.0,14344,71854,1586,703,21,3936,658,2937,76357,43775,42423,2617,1339,1328,899,3374,3134,3298,3683,4072,8014,41855,4629,3505,9542,10890,5224,15972,86198
0.0,0.0,35.714285714285715,806.0,2566.0,3146.0,6.0,16.0,18.0,22.467857142857145,9.107692307692307,7.203846153846154,3767,19,50.4,18.0,10967.0,100.0,520,10565,11,9,0,100,44,47,10874,5542,5543,343,182,393,156,239,279,374,430,483,1041,4808,150,247,1791,1367,485,1947,11085
0.0,0.0,69.2,1178.0,2362.0,2645.0,21.0,56.0,61.0,22.28571428607143,13.73076923076923,8.625925925925925,3033,16,45.0,493.0,9373.0,262.0,1712,8416,29,5,26,397,56,878,8737,5115,5013,301,113,81,91,510,429,452,376,371,1539,4195,749,825,800,1461,525,1820,10128
347.0,12933.0,73.13793103448276,8046.0,22231.0,26914.0,148.0,238.0,225.0,22.35714285664286,11.692307692307692,7.748148148148148,29676,21,41.4,211.0,64843.0,616.0,1079,64591,483,2698,9,1425,120,213,60722,33429,32241,2422,1217,1176,1119,2695,2705,2435,2774,3765,6891,34243,3635,4419,9087,9927,2159,11407,65670
0.0,0.0,96.44444444444444,453.0,1272.0,1523.0,9.0,15.0,16.0,22.139285714214285,25.23846153846154,10.414814814814816,1657,0,46.6,2.0,5995.0,14.0,62,5949,2,2107,28,65,6,0,3803,3134,2877,47,60,54,41,247,287,212,175,152,977,2105,692,860,341,1079,387,1129,6011
28.0,580.0,73.07692307692308,1919.0,4299.0,5144.0,30.0,41.0,31.0,21.571428571428573,11.2,8.266666666666666,6215,0,42.5,121.0,16269.0,130.0,593,15927,52,1124,0,119,241,51,14933,7829,8691,667,295,249,154,752,623,472,718,849,1580,7283,688,1270,1728,2778,875,3357,16520
0.0,0.0,60.096774193548384,5964.0,13721.0,17017.0,82.0,126.0,124.0,21.71071428535714,9.2,10.855555555555556,23416,3,38.7,2811.0,48536.0,1946.0,11825,41468,530,1466,0,1911,93,3695,45598,26775,26518,1960,1512,1437,1352,2091,1187,1201,2111,2524,3424,27835,2980,1824,7188,7833,3563,8200,53293
0.0,0.0,80.0,670.0,2393.0,2787.0,12.0,20.0,17.0,22.635714285714283,26.775,27.983783783783785,2085,0,38.9,52.0,6410.0,137.0,441,6158,0,1199,0,96,42,117,5145,2419,4180,228,113,81,36,224,133,141,257,340,537,2381,224,443,511,1461,668,1208,6599
0.0,0.0,80.4054054054054,3355.0,8304.0,10000.0,92.0,150.0,130.0,22.350000000464288,12.384615384615383,9.27037037037037,14316,24,44.2,640.0,31638.0,600.0,3067,29811,259,262,3,801,79,930,30544,16725,16153,1374,720,542,468,1522,1393,1178,1419,1941,3244,16684,1611,2088,3528,5390,1308,5940,32878
0.0,0.0,70.0,484.0,1516.0,1845.0,5.0,9.0,6.0,23.727586206724137,20.125,12.089285714285714,1761,0,46.8,6.0,4743.0,33.0,61,4721,52,29,0,50,15,2,4634,2360,2422,296,140,69,82,124,125,144,154,156,371,2123,181,428,466,781,80,1014,4782
0.0,0.0,80.83333333333333,1583.0,4225.0,4917.0,36.0,49.0,53.0,22.57142857107143,13.976923076923075,8.9,5762,4,48.0,74.0,14191.0,133.0,546,13852,71,304,0,219,7,60,13737,7171,7227,469,456,251,147,585,675,581,691,830,1826,6844,391,972,1452,2479,620,2494,14398
0.0,0.0,85.35714285714286,1898.0,4590.0,5425.0,31.0,47.0,37.0,22.28214285714285,11.653846153846152,8.437037037037037,5221,14,39.4,1079.0,10896.0,349.0,2368,9956,9,518,72,331,23,497,10874,6237,6087,453,250,141,77,328,534,495,635,726,1429,6174,820,889,995,2349,1017,1802,12324
657.0,29841.0,66.07534246575342,18350.0,61718.0,83083.0,139.0,308.0,305.0,21.785714285285717,10.323076923076922,7.666666666666667,78492,130,30.4,17506.0,184076.0,8424.0,12770,197236,22869,28236,90,8049,273,1886,148603,105163,104843,7313,4391,4860,4922,7562,6078,6575,7081,8967,25310,108078,10066,7357,45367,18575,4583,27087,210006
0.0,0.0,82.08333333333333,3346.0,10107.0,12529.0,90.0,140.0,116.0,22.207142857142856,12.261538461538462,8.822222222222221,13675,13,43.7,229.0,32293.0,183.0,528,32177,228,504,96,272,70,2,31533,16102,16603,969,629,677,284,1611,1121,1364,1640,1892,3790,15414,1680,2341,3179,6446,1771,5877,32705
0.0,0.0,80.6,1691.0,4818.0,5715.0,39.0,61.0,54.0,22.285714285464284,11.792307692307691,9.392592592592592,6823,32,41.9,67.0,15523.0,12.0,245,15357,51,83,0,259,14,62,15133,7816,7786,653,395,313,140,658,646,634,723,1112,1452,7831,688,1141,1897,2737,380,2817,15602
0.0,0.0,86.1,1442.0,4731.0,5761.0,46.0,70.0,74.0,22.575,14.092307692307692,9.41851851851852,5417,7,42.1,12.0,13163.0,42.0,33,13184,72,58,0,334,33,3,12717,6653,6564,268,453,190,195,514,614,515,613,690,1555,6402,1004,795,1122,2505,541,2423,13217
46.0,1361.0,67.03846153846153,5596.0,11849.0,13766.0,99.0,129.0,118.0,21.57142857171429,7.761538461538462,4.592307692307693,16462,37,40.6,369.0,36973.0,207.0,1189,36360,215,1215,0,815,65,222,35017,18023,19526,1659,1010,967,690,1225,1185,1115,1731,2120,2894,19047,1108,2285,4967,5936,1584,7879,37549
120.0,6804.0,83.11363636363636,5274.0,15164.0,18430.0,95.0,173.0,185.0,22.357142857321428,14.96923076923077,8.107407407407408,21035,21,36.6,584.0,50118.0,363.0,1371,49694,601,2015,19,963,69,176,47222,26326,24739,1465,960,768,528,2188,2160,1607,2163,2364,6769,26922,3377,2962,6640,7105,2074,8335,51065
14043.0,544513.0,45.65994454247542,480487.0,1116353.0,737082.0,10084.0,14895.0,7342.0,21.57142857107143,12.1,9.874074074074075,1699070,5483,37.0,517743.0,4091042.0,560732.0,1308432,3861085,386119,1202260,1951,255059,16072,495853,2812203,2659831,2509686,185292,130634,156747,200431,154374,143161,136051,180776,244249,459759,2756348,326316,241540,1207336,598783,304556,716570,5169517
0.0,0.0,84.26315789473684,2016.0,6165.0,7579.0,44.0,67.0,48.0,22.428571428571427,12.83846153846154,9.033333333333331,7229,12,42.2,124.0,18630.0,79.0,430,18403,21,1095,0,199,8,41,17469,8751,10082,546,447,364,267,665,849,688,695,953,2230,8295,915,1229,1712,2723,1395,4444,18833
0.0,0.0,78.81818181818181,1213.0,3337.0,3917.0,30.0,50.0,39.0,22.646428570857143,11.453846153846154,9.262962962962964,5044,0,42.2,57.0,10688.0,42.0,103,10684,19,11,0,232,6,80,10439,5325,5462,377,237,214,147,466,366,279,510,612,1021,5798,468,757,1036,2070,312,2052,10787
98.0,6542.0,56.421875,8403.0,23099.0,25481.0,121.0,201.0,207.0,21.57142857207143,11.015384615384615,8.674074074074074,46181,69,31.3,4112.0,97778.0,2698.0,11947,92641,2242,7843,34,4198,137,3572,86562,52799,51789,3466,2748,2715,1846,3068,3083,2929,4374,4831,9556,58015,5779,3067,15958,11837,3485,17378,104588
0.0,0.0,76.2,1286.0,4299.0,5069.0,32.0,54.0,41.0,22.0321428575,10.607692307692307,8.685185185185185,7108,2,44.2,79.0,15561.0,124.0,445,15319,4,150,0,305,1,65,15239,7974,7790,857,141,231,250,718,653,538,748,1029,1567,8140,1096,1057,1814,2933,544,2908,15764
0.0,0.0,74.52631578947368,2486.0,6432.0,7706.0,39.0,60.0,59.0,22.28214285714285,9.6,8.31111111111111,8037,27,38.2,294.0,18952.0,305.0,1432,18119,121,181,17,502,102,105,18523,9835,9716,1031,362,275,293,705,666,663,861,957,1787,9891,769,1605,1994,2886,1584,3105,19551
1639.0,88827.0,30.00485436893204,78207.0,206722.0,233636.0,1285.0,1763.0,1805.0,21.57857142875,5.292307692307692,4.8769230769230765,384594,356,39.5,73629.0,746613.0,105763.0,132736,793269,112867,45544,394,42123,1638,33054,690385,470956,455049,40408,29940,40279,53260,19348,22027,21397,30506,44631,42518,512642,27438,20704,261937,80065,29436,120829,926005
0.0,0.0,87.47368421052632,1577.0,5122.0,6334.0,62.0,90.0,60.0,22.285714285714285,14.007692307692308,8.833333333333334,7315,33,45.8,44.0,17060.0,168.0,217,17055,95,158,3,135,25,89,16767,8735,8537,568,303,121,163,675,1016,564,776,1360,2305,8494,703,1398,1694,3064,704,3292,17272
0.0,0.0,88.0,529.0,1749.0,2081.0,12.0,29.0,29.0,22.928571428464288,13.430769230769233,8.64074074074074,2580,0,44.1,15.0,6392.0,24.0,88,6343,18,28,0,114,28,12,6231,3271,3160,243,108,102,27,283,271,244,280,501,697,3090,451,422,429,1004,223,1510,6431
133.0,3189.0,65.84,4507.0,10581.0,12544.0,82.0,152.0,146.0,22.492857142964287,9.923076923076923,8.62962962962963,15187,3,39.5,464.0,33412.0,275.0,723,33428,125,236,0,450,47,279,33014,17148,17003,1283,772,803,730,1172,1284,1234,1609,1723,3246,17748,1745,1992,4645,5288,917,6687,34151
0.0,0.0,85.31818181818181,3069.0,7059.0,8446.0,57.0,103.0,101.0,22.139285714285712,14.669230769230769,9.085185185185184,7967,13,42.0,150.0,21048.0,220.0,384,21034,114,944,38,201,33,10,20078,10097,11321,728,338,269,127,880,774,575,779,880,2568,9199,1177,1698,1365,3931,1407,4404,21418
0.0,0.0,81.8,1612.0,4385.0,5358.0,57.0,83.0,70.0,21.785714285785712,10.23076923076923,8.04814814814815,5782,3,43.2,80.0,12998.0,77.0,466,12689,94,143,0,198,67,274,12379,6668,6487,457,324,241,203,695,601,452,560,702,1589,6680,1048,856,1582,2135,583,2425,13155
0.0,0.0,90.70731707317071,4170.0,12249.0,15028.0,82.0,184.0,180.0,22.27857142892857,16.476923076923075,10.122222222222222,14350,10,43.0,180.0,38285.0,223.0,677,38011,201,263,17,611,67,154,37375,19611,19077,1151,657,496,228,1554,1538,1323,1432,1879,5949,17203,3130,3125,3433,6027,1691,8305,38688
81.0,1824.0,84.0,2934.0,9987.0,12278.0,52.0,133.0,136.0,22.2178571425,14.453846153846154,9.355555555555556,13478,0,43.9,208.0,34236.0,210.0,1066,33588,68,1286,24,563,135,180,32398,16708,17946,1257,714,579,520,1407,1393,1361,1372,1591,3878,15842,1831,2455,3437,5992,1804,6839,34654
0.0,0.0,92.0,441.0,1394.0,1802.0,5.0,17.0,20.0,22.50357142825,17.33076923076923,9.22222222222222,1805,5,45.9,6.0,4967.0,10.0,54,4929,6,18,0,153,0,14,4792,2554,2429,105,118,54,75,271,163,250,184,258,796,2136,452,629,305,863,257,1020,4983
0.0,0.0,87.13333333333334,1389.0,3580.0,4204.0,49.0,66.0,48.0,22.14285714282143,13.4,8.337037037037037,5404,41,42.5,22.0,12951.0,15.0,156,12832,14,195,4,138,1,65,12571,6434,6554,477,290,128,160,503,518,439,521,572,1376,6226,861,968,1087,2923,418,2282,12988
89.0,3041.0,51.108108108108105,5245.0,12548.0,15719.0,69.0,141.0,148.0,21.564285714464287,5.776923076923077,6.996153846153846,23050,14,38.1,828.0,48953.0,1017.0,5178,45620,428,632,19,1379,21,1129,47190,25402,25396,2243,1709,1886,1224,1579,1534,1460,2309,3060,3067,26643,2272,1930,7297,7925,1458,10177,50798
0.0,0.0,78.6,797.0,2163.0,2604.0,18.0,36.0,32.0,22.539285713571427,14.407692307692308,8.703703703703704,2935,0,44.3,38.0,8024.0,89.0,123,8028,55,26,30,106,0,51,7883,4153,3998,284,189,170,93,244,241,339,445,378,983,3593,320,897,988,1037,375,1688,8151
0.0,0.0,84.22727272727273,1685.0,4362.0,5174.0,42.0,61.0,51.0,22.53928571392857,12.76923076923077,8.922222222222222,7291,7,45.7,33.0,17626.0,161.0,280,17540,59,86,0,442,1,17,17215,8958,8862,543,349,269,219,652,666,675,815,1278,2076,8676,1062,1426,2054,2853,396,3366,17820
0.0,0.0,89.5,350.0,1049.0,1402.0,13.0,22.0,20.0,22.871428571785717,27.65714285714285,17.803333333333335,1304,0,48.8,10.0,3873.0,7.0,30,3860,0,97,0,16,10,0,3767,1866,2024,115,55,46,33,141,151,180,194,145,455,1518,190,355,191,726,235,894,3890
0.0,0.0,85.0,505.0,1147.0,1482.0,17.0,24.0,19.0,22.6464285715,14.13076923076923,8.996296296296295,2947,4,50.8,31.0,6647.0,59.0,123,6614,45,11,0,135,0,0,6546,3404,3333,263,166,71,40,249,338,283,356,493,769,3456,231,589,600,1308,217,1189,6737
0.0,0.0,74.42307692307692,4369.0,12585.0,15351.0,87.0,147.0,127.0,21.71071428578572,8.576923076923077,8.522222222222222,21458,61,43.4,352.0,48299.0,381.0,2868,46164,233,897,0,1142,52,1131,45577,24743,24289,2219,1124,1027,861,2167,1559,1555,1960,2807,4717,24227,2339,3238,6476,7500,1555,8864,49032
60.0,502.0,78.6896551724138,2799.0,7115.0,8600.0,65.0,114.0,129.0,22.2178571425,10.669230769230769,8.685185185185185,11358,36,44.5,502.0,26565.0,370.0,1943,25494,100,232,0,630,22,1144,25309,14079,13358,907,542,524,348,1166,1281,958,1284,1708,3127,13341,1460,1928,2181,4759,1568,5074,27437
175.0,9601.0,81.19607843137256,4637.0,15447.0,19515.0,71.0,140.0,136.0,22.07499999992857,19.246153846153845,7.248148148148148,20390,33,32.1,2277.0,54220.0,1020.0,2541,54976,1972,8615,116,1906,164,1007,43737,29124,28393,1217,888,1176,919,2508,2206,1459,1696,2480,9659,27000,3719,3181,9096,6042,1660,9178,57517
0.0,0.0,78.61538461538461,1114.0,2670.0,3147.0,20.0,30.0,32.0,22.56785714275,10.930769230769233,8.807407407407409,3980,0,44.1,78.0,9468.0,1.0,60,9487,10,34,0,195,3,17,9288,4751,4796,460,152,250,84,389,356,357,468,383,892,4750,616,616,951,1698,248,1922,9547
171.0,8749.0,82.0,4011.0,11011.0,13087.0,119.0,179.0,181.0,22.503571428214286,14.653846153846152,9.003703703703703,14920,8,41.2,231.0,37092.0,451.0,1069,36705,453,2972,7,1553,74,121,32594,18357,19417,1154,641,506,521,1423,1657,1240,1560,1990,4100,17475,2712,2289,3438,5875,1883,8083,37774
46.0,936.0,64.05882352941177,2505.0,6174.0,7599.0,69.0,92.0,76.0,21.578571429071427,8.453846153846154,8.914814814814815,9330,1,43.0,115.0,21565.0,96.0,319,21457,74,98,0,574,16,35,20979,11115,10661,947,658,584,549,739,640,509,745,1060,1727,11019,593,1500,3038,3513,490,3898,21776
0.0,0.0,65.29629629629629,1620.0,3991.0,4985.0,26.0,40.0,45.0,22.285714285785712,9.392307692307693,8.733333333333334,8966,5,50.4,268.0,20944.0,217.0,662,20767,127,119,7,318,69,59,20730,10660,10769,875,433,513,376,1162,821,846,1181,1599,2263,10941,887,1416,2534,3418,635,3487,21429
0.0,0.0,76.4,1357.0,4435.0,5441.0,18.0,52.0,42.0,22.52857142857143,12.907692307692308,10.251851851851852,3404,0,43.8,132.0,12189.0,70.0,382,12009,44,1304,0,65,16,57,10905,5576,6815,478,176,137,95,335,432,398,423,568,1132,3992,569,1005,1091,1988,1191,2226,12391
1041.0,43570.0,44.424615384615386,51415.0,124908.0,159592.0,784.0,1167.0,1184.0,21.571428571428573,7.6692307692307695,5.865384615384615,229169,1357,37.7,48262.0,439875.0,43619.0,169901,361855,21223,28706,271,30334,2727,70866,377629,266933,264823,22109,14793,18015,19652,12706,12243,12526,17119,25656,27026,284919,29360,16103,98837,58096,39987,78630,531756
469.0,14480.0,69.20481927710843,12655.0,28658.0,35247.0,199.0,374.0,381.0,21.78214285714285,11.684615384615386,9.92962962962963,44690,272,38.2,3112.0,104312.0,2500.0,11681,98243,915,16405,3,3656,217,2917,85811,55726,54198,4153,2631,2141,1528,3449,3613,3211,4290,5225,10056,53849,7713,6410,12105,17787,5610,18949,109924
0.0,0.0,37.84615384615385,11242.0,30614.0,40641.0,99.0,170.0,170.0,21.567857142678573,4.161538461538462,5.323076923076924,57292,444,35.5,6083.0,114687.0,6813.0,24737,102846,4263,10105,0,6575,178,6316,100146,64607,62976,6279,4327,5031,4177,1469,2260,3129,4179,6856,3691,68997,6416,2591,25733,15180,4668,22178,127583
83.0,3856.0,85.78181818181818,5028.0,12484.0,15630.0,167.0,238.0,234.0,22.07499999964286,13.984615384615385,8.585185185185185,18693,11,42.0,1283.0,48494.0,275.0,2993,47059,540,4541,0,1130,135,813,42893,24608,25444,1301,897,670,393,2308,1882,1572,2075,2426,6904,22077,3017,3878,4967,7808,2660,8761,50052
818.0,43413.0,40.29256594724221,60407.0,147801.0,201227.0,1020.0,1435.0,1499.0,21.57857142875,6.769230769230769,5.380769230769231,292441,496,38.5,62325.0,568802.0,68555.0,153498,546184,56152,47324,349,33212,2775,51109,508761,350168,349514,26451,19407,25657,43942,14682,14956,14850,20911,30730,37098,380190,27764,16711,170069,67929,31683,89303,699682
97.0,3459.0,72.32673267326733,10967.0,28701.0,30531.0,281.0,440.0,449.0,21.932142856892856,12.5,9.937037037037037,47040,37,42.1,2109.0,105023.0,1866.0,10751,98247,903,2962,16,2613,110,2812,99582,54114,54884,4374,2526,2542,1581,4877,3509,3607,5614,5942,10517,55327,6789,5779,10981,18609,5526,21293,108998
0.0,0.0,88.29411764705883,2328.0,5480.0,6579.0,34.0,53.0,45.0,22.574999999607144,17.73846153846154,9.07777777777778,5870,2,41.6,162.0,15626.0,42.0,446,15384,20,1522,0,440,37,37,13774,6969,8861,588,239,296,219,705,539,563,605,717,1695,6722,966,1067,1094,3101,1396,3211,15830
80.0,2750.0,70.65714285714286,3415.0,8722.0,11023.0,84.0,120.0,89.0,22.00714285714286,11.938461538461535,8.559259259259258,13796,73,43.5,487.0,33254.0,463.0,2192,32012,228,1821,17,992,57,374,30715,16043,18161,1279,577,828,517,1239,1140,922,1544,2071,3517,15581,1605,2264,3652,5709,1956,7064,34204
42.0,1455.0,76.0,4279.0,10648.0,12724.0,93.0,156.0,142.0,21.999999999964285,10.692307692307692,8.396296296296295,13918,101,41.6,386.0,35107.0,264.0,1707,34050,285,1400,0,760,3,505,32804,17489,18268,1469,821,695,408,1368,973,1283,1568,2087,3694,16797,1976,2345,3019,7214,1715,6381,35757
0.0,0.0,78.55555555555556,3319.0,9408.0,11905.0,70.0,101.0,96.0,22.21785714260714,12.1,8.466666666666667,11029,108,40.0,258.0,28372.0,188.0,997,27821,112,2133,7,831,55,119,25561,14591,14227,821,647,723,444,1235,1050,894,1118,1569,2457,13223,1410,1863,2995,4806,1586,5497,28818
45.0,1110.0,86.59375,2342.0,7147.0,8791.0,53.0,106.0,108.0,22.364285714607146,16.123076923076923,8.15925925925926,11252,18,33.7,441.0,29108.0,558.0,860,29247,701,1475,0,846,32,146,26907,15538,14569,882,606,464,306,912,902,856,1025,1105,4515,14797,881,2215,4429,3521,441,4408,30107
343.0,20703.0,41.75257731958763,24763.0,75198.0,94789.0,296.0,505.0,512.0,21.571428570964287,4.507692307692308,5.457692307692308,142001,99,40.2,12266.0,279824.0,15201.0,41218,266073,8278,4470,4,10905,278,4680,278676,154401,152890,13890,11198,12360,12120,7137,7331,7140,11175,16661,14257,172188,9282,5680,61936,39157,9778,53561,307291
370.0,13214.0,63.74358974358975,14820.0,49179.0,62206.0,201.0,341.0,325.0,21.785714285642857,8.961538461538462,7.985185185185185,73866,44,33.3,6850.0,160652.0,4662.0,8690,163474,8890,14295,17,4997,347,1251,142367,88481,83683,6091,4731,5636,4622,5052,4513,4573,5949,9124,15934,89496,6701,6668,38562,17448,2440,23811,172164
385.0,11343.0,82.54455445544555,9601.0,30298.0,38552.0,197.0,364.0,363.0,21.782142856857146,15.238461538461538,9.077777777777778,41904,59,41.1,1122.0,102193.0,1373.0,2451,102237,1215,16581,63,5224,191,549,80865,54696,49992,3350,2002,1999,1835,4301,4259,3360,5037,5451,12216,49914,8092,6957,12523,16114,3918,18923,104688
0.0,0.0,78.9,4407.0,12677.0,15490.0,114.0,186.0,146.0,21.574999999785717,12.723076923076924,8.670370370370371,18100,9,43.9,190.0,44809.0,244.0,572,44671,178,449,0,715,141,159,43601,22820,22423,1730,1145,936,376,1682,1778,1308,2107,2534,4981,21453,2840,3201,4506,8456,1822,8334,45243
595.0,19727.0,71.73157894736842,28360.0,69906.0,85398.0,559.0,914.0,844.0,21.56428571421429,9.76923076923077,8.844444444444445,115127,116,40.3,2407.0,258357.0,3639.0,8885,255518,2681,22987,27,7366,324,1845,229173,135581,128822,11018,7507,6940,5779,8688,8296,8871,12443,13797,25090,135956,13082,11879,41316,36532,8913,52868,264403
124.0,3169.0,88.81395348837209,4291.0,11817.0,14026.0,120.0,220.0,220.0,21.928571428571427,14.36923076923077,9.54074074074074,14930,0,42.4,197.0,37120.0,207.0,795,36729,213,1283,2,1173,56,368,34429,19190,18334,1494,488,464,399,1855,1466,1234,1939,2034,4753,17992,3477,2484,3249,5911,1740,7875,37524
0.0,0.0,79.75,855.0,2744.0,3380.0,18.0,36.0,33.0,21.71071428592857,9.153846153846152,8.803703703703704,4624,4,46.4,93.0,11378.0,91.0,349,11213,15,41,0,278,3,92,11133,5824,5738,547,238,209,98,370,467,414,503,725,1351,5386,486,810,1159,1917,322,2308,11562
0.0,0.0,86.8,1293.0,3879.0,4626.0,43.0,65.0,66.0,22.28928571457143,13.961538461538462,9.97037037037037,5414,47,45.4,27.0,13390.0,69.0,157,13329,30,59,0,254,17,37,13089,6820,6666,479,302,206,234,663,514,542,604,654,1719,6498,1159,958,1180,2596,558,2426,13486
0.0,0.0,86.23076923076923,1300.0,3851.0,4493.0,41.0,78.0,71.0,22.50357142857143,18.32307692307692,9.233333333333334,5320,30,43.7,108.0,13875.0,58.0,426,13615,27,777,0,521,8,0,12708,7430,6611,519,289,132,55,479,577,434,670,743,1721,5990,955,1400,1099,2189,774,3087,14041
0.0,0.0,58.5,1049.0,3485.0,4407.0,13.0,24.0,25.0,21.785714286,8.615384615384615,4.788461538461538,5555,0,43.4,46.0,12129.0,86.0,191,12070,48,78,0,235,16,7,11877,6272,5989,809,384,383,208,445,333,339,647,868,795,6490,563,674,1448,2013,235,2578,12261
0.0,0.0,78.42105263157895,1294.0,3977.0,4821.0,34.0,52.0,51.0,21.710714285821428,9.523076923076925,9.062962962962963,6703,0,44.8,107.0,15164.0,232.0,394,15109,59,70,0,363,22,46,14943,7726,7777,684,370,283,138,694,574,657,680,946,1451,7658,575,941,1549,2871,499,2864,15503
0.0,0.0,43.1578947368421,4099.0,9437.0,11084.0,89.0,129.0,135.0,21.567857142714285,3.261538461538461,4.269230769230769,16366,14,42.3,88.0,33973.0,383.0,550,33894,379,91,0,249,26,129,33570,17477,16967,1726,1299,1524,1388,1027,800,761,1380,1897,1774,18961,466,1415,7739,3908,467,6207,34444
0.0,0.0,82.55555555555556,3553.0,9751.0,11819.0,78.0,113.0,109.0,22.207142856785712,12.723076923076924,10.11111111111111,10373,2,43.0,133.0,28239.0,226.0,519,28079,83,1049,0,450,27,126,26863,13532,15066,996,626,495,272,811,895,1040,1160,1726,3598,12230,1110,2096,2880,5333,1969,4930,28598
0.0,0.0,79.15151515151516,3631.0,9397.0,11899.0,98.0,152.0,134.0,22.071428571428573,13.223076923076924,8.018518518518519,13391,5,40.9,373.0,33450.0,189.0,878,33134,225,2350,1,856,84,212,30284,16914,17098,1298,640,598,413,1506,1189,1047,1492,1677,3700,16033,1559,2616,3712,6490,1628,5102,34012
0.0,0.0,73.85714285714286,1507.0,4048.0,4879.0,32.0,52.0,51.0,22.2821428575,9.669230769230769,8.362962962962964,5857,33,40.6,56.0,14453.0,48.0,219,14338,23,121,0,155,45,45,14168,7445,7112,627,195,309,227,501,588,490,675,1138,1293,7001,614,1149,1572,2390,836,2247,14557
0.0,0.0,66.82222222222222,5118.0,13887.0,16902.0,84.0,138.0,137.0,22.00000000064286,8.407692307692308,6.488461538461538,22113,7,42.5,1086.0,48781.0,926.0,5258,45535,219,529,33,1865,147,974,47026,25611,25182,2281,1075,1291,771,1780,1844,1804,2767,2936,4418,26191,2125,2978,6097,8303,2005,9649,50793
1087.0,41236.0,74.95890410958904,17083.0,46138.0,57975.0,283.0,539.0,562.0,21.72142857167857,14.23076923076923,8.877777777777778,71391,330,37.6,5438.0,170899.0,4774.0,8939,172172,7696,32104,2,7707,440,2721,130441,93303,87808,5875,3511,4673,3818,6680,6098,6521,7190,9026,20127,87250,12353,10852,30752,23801,6767,29795,181111
0.0,0.0,85.95238095238095,3082.0,7408.0,8793.0,70.0,110.0,99.0,22.4321428575,15.261538461538462,9.911111111111111,7354,0,41.9,134.0,20819.0,139.0,666,20426,131,1803,0,500,12,191,18455,9500,11592,894,351,279,153,691,788,608,972,1059,2709,8426,1544,1447,1268,3807,1787,4449,21092
0.0,0.0,65.05882352941177,1354.0,4362.0,5344.0,21.0,30.0,23.0,21.78571428589286,5.707692307692308,4.630769230769231,7628,17,42.1,117.0,16210.0,85.0,231,16181,93,181,0,222,3,36,15877,8298,8114,866,555,462,299,605,752,511,527,1147,1031,8557,617,903,2783,2411,386,2799,16412
0.0,0.0,88.9,1705.0,5001.0,5994.0,53.0,82.0,70.0,22.56785714325,14.16153846153846,8.262962962962964,5916,13,42.2,42.0,15488.0,41.0,203,15368,50,141,107,195,23,32,15023,7866,7705,453,260,269,185,684,586,434,683,698,2006,7136,1076,1320,1159,2938,690,2838,15571
0.0,0.0,83.0,288.0,950.0,1220.0,5.0,10.0,9.0,27.07,27.8625,16.736666666666668,1018,8,56.8,18.0,4112.0,47.0,125,4052,35,239,0,42,0,0,3861,2016,2161,173,53,57,15,255,128,144,82,187,524,1221,170,589,353,941,160,651,4177
0.0,0.0,96.14285714285714,672.0,1717.0,2002.0,7.0,21.0,24.0,22.64642857178572,23.59230769230769,10.503703703703705,1632,0,45.5,30.0,5376.0,8.0,132,5282,6,1655,0,174,7,13,3559,2777,2637,70,43,36,26,259,164,119,327,209,797,1946,520,921,288,1005,229,1112,5414
0.0,0.0,68.0,425.0,1124.0,1369.0,4.0,11.0,11.0,22.360714286107143,19.3,6.796153846153846,2533,10,47.3,23.0,5622.0,75.0,333,5387,58,33,0,65,0,70,5494,2804,2916,247,216,106,59,211,209,197,327,369,494,2927,211,319,552,994,195,1153,5720
0.0,0.0,79.125,3992.0,10398.0,12461.0,90.0,131.0,133.0,22.139285714285712,14.023076923076925,8.455555555555556,11958,0,42.2,362.0,31366.0,245.0,1032,30941,133,3378,2,448,67,301,27644,14007,17966,1110,620,394,325,1141,962,1193,1238,1921,3143,13868,2166,2017,2060,6082,2744,6313,31973
81.0,1218.0,81.73333333333333,1640.0,5149.0,6087.0,47.0,89.0,77.0,22.710714285535715,14.146153846153847,8.862962962962964,6653,7,42.5,135.0,15439.0,103.0,272,15405,108,100,0,276,28,154,15011,7979,7698,669,213,266,184,710,596,463,688,1012,1726,7748,1180,778,1760,2068,498,3405,15677
409.0,13274.0,75.78947368421052,13264.0,32932.0,40925.0,331.0,516.0,508.0,21.7071428575,14.761538461538462,8.448148148148148,59257,155,40.1,6573.0,131595.0,4633.0,18650,124151,3504,14980,214,7094,622,4270,112117,72422,70379,5537,3442,2947,2084,5817,5061,5671,6453,7986,15609,71041,10231,7362,17663,19299,7814,26135,142801
763.0,32451.0,73.35532994923858,25874.0,63271.0,66565.0,533.0,786.0,800.0,21.56785714292857,12.330769230769231,9.477777777777776,111514,370,39.1,3879.0,253157.0,4150.0,11025,250161,3770,77934,51,10019,438,3959,165015,135053,126133,8660,6144,7267,5195,9288,8625,7157,10670,12973,28652,133012,18871,16185,42334,36149,9461,49158,261186
68.0,775.0,87.72413793103448,2352.0,7818.0,10058.0,68.0,116.0,105.0,22.39642857178572,18.253846153846155,9.492592592592594,8802,12,42.2,58.0,23553.0,124.0,418,23317,104,521,57,877,78,81,22017,12128,11607,630,305,438,342,1007,1136,653,922,1143,3564,10683,1851,2509,2546,3016,1393,5362,23735
871.0,37928.0,70.98882681564245,16328.0,54418.0,73374.0,264.0,435.0,431.0,21.789285714214287,13.092307692307692,8.411111111111111,82092,52,40.6,2929.0,189990.0,3044.0,4622,191341,3974,24939,149,6746,255,764,159136,102026,93937,8537,5034,5528,4615,7358,7078,6368,7878,11667,20030,98218,11228,10681,35938,25685,7031,32731,195963
0.0,0.0,81.33333333333333,683.0,1940.0,2406.0,17.0,29.0,17.0,22.571428571142857,12.86923076923077,8.292592592592591,2562,8,48.0,71.0,6792.0,34.0,59,6838,10,358,0,84,2,3,6440,3131,3766,175,121,106,59,325,369,196,279,478,622,3070,160,369,823,1138,277,1425,6897
0.0,0.0,82.5,451.0,1244.0,1499.0,1.0,12.0,14.0,22.64285714239286,18.635714285714283,9.196296296296296,2128,0,45.0,36.0,4908.0,38.0,58,4924,22,21,30,42,8,17,4842,2549,2433,199,123,104,37,133,261,150,238,264,464,2444,255,317,573,1132,124,708,4982
30.0,246.0,78.92,2170.0,6166.0,7463.0,37.0,85.0,80.0,22.28928571464286,10.66153846153846,8.555555555555555,9615,23,45.1,76.0,21391.0,156.0,241,21382,67,139,10,230,12,7,21158,11016,10607,921,380,362,175,824,813,903,1189,1463,2128,10863,838,1848,1872,4447,446,3890,21623
0.0,0.0,85.75,545.0,1508.0,1836.0,23.0,32.0,39.0,21.721428571785715,11.576923076923077,9.103703703703705,2137,0,45.1,56.0,5299.0,38.0,106,5287,53,32,0,104,0,11,5193,2740,2653,191,82,93,56,212,208,190,258,358,656,2553,318,395,526,979,273,872,5393
100.0,2699.0,81.47826086956522,4139.0,11430.0,14385.0,98.0,181.0,178.0,22.071428571035717,12.761538461538462,8.937037037037037,18036,50,45.5,373.0,43753.0,557.0,1858,42825,367,4271,0,1972,76,219,37778,23079,21604,1725,742,746,545,1975,1879,1887,2106,2206,5930,22083,3709,3156,4718,6617,1287,8861,44683
45.0,1606.0,66.50561797752809,13735.0,36363.0,44665.0,283.0,514.0,502.0,21.72142857160714,8.069230769230769,8.685185185185185,56161,34,41.3,1219.0,130218.0,1087.0,3201,129323,1470,1547,28,2378,198,471,126432,67324,65200,5815,3687,3359,2660,4425,5220,4178,6277,7791,10585,65015,5166,6859,18839,19790,3704,25682,132524
0.0,0.0,79.75,2211.0,5340.0,6699.0,46.0,74.0,67.0,22.435714285714287,15.538461538461538,9.84074074074074,6294,7,43.8,197.0,16363.0,269.0,888,15941,53,226,32,646,12,128,15732,8331,8498,421,325,335,216,692,478,657,718,904,2067,7285,940,1973,2010,2945,831,2822,16829
103.0,4036.0,88.4090909090909,8683.0,27831.0,33919.0,138.0,310.0,313.0,21.79285714225,17.361538461538462,9.296296296296296,28159,56,40.8,731.0,75197.0,776.0,3956,72748,746,10898,27,1837,136,379,62681,38502,38202,2607,1166,994,653,3521,3129,2312,3363,3530,9738,33326,6690,5715,5830,14967,3611,13260,76704
0.0,0.0,86.78571428571429,1306.0,3697.0,4616.0,17.0,33.0,30.0,22.49642857139286,13.915384615384616,8.955555555555556,4843,0,44.3,143.0,11118.0,129.0,255,11135,204,21,0,236,5,32,10892,5780,5610,407,262,145,166,625,384,280,431,655,1425,5552,810,812,1222,1437,391,2699,11390
0.0,0.0,83.9047619047619,1666.0,3978.0,4879.0,49.0,86.0,87.0,22.389285714285712,12.623076923076924,8.325925925925926,6786,0,39.8,510.0,16091.0,380.0,1657,15324,218,685,0,281,177,706,14914,8738,8243,472,414,256,223,731,691,589,870,984,1559,8692,848,889,1847,2430,863,2725,16981
0.0,0.0,71.83333333333333,1591.0,3409.0,4000.0,30.0,43.0,36.0,22.14285714292857,8.853846153846153,7.777777777777778,6359,0,44.5,41.0,13791.0,135.0,203,13764,109,91,6,138,16,84,13523,7035,6932,682,325,420,109,578,447,510,570,1121,1258,7459,646,869,1667,2099,263,3162,13967
0.0,0.0,85.84210526315789,1694.0,5268.0,6409.0,51.0,84.0,91.0,22.571428571428573,13.884615384615383,8.685185185185185,6496,3,43.6,97.0,16189.0,23.0,256,16053,41,152,0,162,20,108,15826,8251,8058,525,169,291,93,705,763,677,802,1010,2079,7531,816,1549,1273,2437,898,3399,16309
0.0,0.0,91.0,1625.0,4391.0,5238.0,35.0,62.0,53.0,22.28571428607143,15.207692307692309,8.044444444444444,5516,34,44.8,40.0,13584.0,88.0,207,13505,29,120,3,171,37,32,13320,6988,6724,424,229,222,159,694,596,567,613,677,1859,6303,855,1158,1276,2084,440,3042,13712
98.0,3690.0,76.44262295081967,5981.0,15246.0,18859.0,197.0,272.0,242.0,22.071428571035717,13.061538461538465,8.818518518518518,23771,17,43.6,1008.0,53905.0,670.0,6809,48774,352,716,85,1983,93,562,51792,27795,27788,2373,1296,964,731,2329,2475,1794,2500,3252,5511,27298,2956,3332,5625,9852,1924,10196,55583
936.0,39478.0,42.963800904977376,66220.0,160321.0,209917.0,995.0,1601.0,1660.0,21.571428571142857,6.515384615384615,6.065384615384615,302937,677,38.1,35252.0,606305.0,48147.0,122209,567495,38332,77945,539,32537,2585,41027,496739,347565,342139,28803,22630,27292,25610,13716,14293,14491,21669,32985,30906,371404,31676,17209,135219,88832,28326,112316,689704
208.0,7298.0,78.67272727272727,6896.0,22443.0,27811.0,135.0,265.0,267.0,22.07142857132143,13.592307692307692,8.71111111111111,26398,39,41.0,633.0,65781.0,515.0,1807,65122,801,2635,30,2052,133,812,60466,33583,33346,2639,1264,1123,982,2753,2784,2195,2501,3766,7930,31408,3617,4764,9462,9597,2212,13832,66929
773.0,33910.0,78.0813953488372,28502.0,75982.0,97215.0,482.0,844.0,877.0,21.7178571425,13.307692307692308,10.01851851851852,118302,538,39.8,13198.0,258782.0,11655.0,37130,246505,7706,37642,36,13324,446,6722,217759,145155,138480,9759,6774,5912,4528,11704,9634,9895,12167,14329,31066,142751,24013,14625,33335,42165,17027,51548,283635
0.0,0.0,59.42857142857143,3747.0,10293.0,12249.0,74.0,139.0,118.0,21.71785714267857,5.830769230769231,4.492307692307692,16681,26,40.3,226.0,37812.0,465.0,721,37782,198,233,0,664,20,173,37215,19287,19216,1415,1024,1335,1310,982,1221,1245,1488,2216,2416,19303,1124,1698,7213,4628,893,6442,38503
0.0,0.0,71.26666666666667,3617.0,7593.0,7602.0,51.0,112.0,112.0,22.21428571464286,14.107692307692307,8.41851851851852,13944,661,33.2,194.0,35198.0,152.0,1626,33918,91,352,0,480,34,673,33914,17800,17744,1047,595,357,187,1518,1358,1161,1431,1804,3054,15985,1280,2916,2501,6187,2534,4634,35544
1592.0,78241.0,73.11721611721612,36376.0,103487.0,103712.0,671.0,1167.0,1173.0,21.707142857035716,11.3,8.625925925925927,165590,679,36.0,13112.0,349892.0,12516.0,28676,346844,15692,42609,139,16668,750,8470,291192,191922,183598,12488,7605,6985,5908,14568,13997,13065,16476,20671,35280,193501,22704,16253,57899,50508,18570,63310,375520
266.0,9199.0,62.741379310344826,7572.0,21283.0,21330.0,153.0,247.0,249.0,21.78571428603572,7.6923076923076925,4.373076923076924,36100,48,38.0,7178.0,74528.0,1574.0,6018,77262,6579,1538,0,2878,104,2540,69641,41538,41742,3126,1963,2180,1710,3055,2221,2391,3593,4760,6773,42094,3924,4000,15955,12080,4195,11083,83280
0.0,0.0,83.18181818181819,926.0,2468.0,2475.0,13.0,21.0,21.0,21.77857142892857,9.815384615384614,8.166666666666666,3628,10,40.8,100.0,8556.0,39.0,473,8222,7,50,13,178,2,20,8425,4363,4332,262,70,236,70,422,351,386,391,389,858,4277,577,480,845,1593,378,1506,8695
0.0,0.0,90.0909090909091,1220.0,3120.0,3122.0,27.0,69.0,69.0,22.27857142846429,13.8,9.355555555555556,4420,19,44.5,76.0,11776.0,74.0,207,11719,39,52,0,229,29,0,11577,6083,5843,308,142,172,74,564,535,459,508,582,1761,5283,742,824,874,2496,474,2058,11926
104.0,2037.0,45.48780487804878,6240.0,15124.0,15189.0,96.0,175.0,181.0,21.56428571467857,4.184615384615385,3.726923076923077,29163,11,38.1,1661.0,63821.0,1393.0,2108,64767,2122,1177,0,1760,74,296,61446,33740,33135,2633,2132,2754,3917,1523,1748,1907,1903,3721,3584,36037,1449,2236,18972,5810,1926,8781,66875
0.0,0.0,51.0,953.0,2583.0,2586.0,40.0,62.0,62.0,21.57142857132143,9.353846153846153,4.938461538461539,6476,9,49.3,65.0,14922.0,106.0,272,14821,41,184,0,254,0,38,14576,7631,7462,852,382,398,337,568,428,532,461,959,1455,7764,447,911,2292,2559,440,2536,15093
0.0,0.0,74.10526315789474,1776.0,4211.0,4222.0,21.0,65.0,67.0,21.782142856785715,8.246153846153847,8.103703703703705,9046,13,43.2,254.0,19674.0,209.0,867,19270,51,116,0,271,22,419,19258,9990,10147,686,514,406,244,1053,683,732,905,990,1910,9836,497,1514,1688,3935,1038,3527,20137
37.0,1421.0,84.44736842105263,5511.0,11617.0,11654.0,102.0,161.0,163.0,22.067857142857143,12.046153846153846,8.588888888888889,16715,6,40.6,2172.0,34518.0,1037.0,5922,31805,608,443,18,1313,131,3618,31596,18949,18778,1268,449,480,166,1799,1492,1139,1634,2136,4387,18637,1974,2834,2543,7360,2847,6543,37727
168.0,7520.0,66.63440860215054,12134.0,30949.0,31060.0,190.0,386.0,395.0,21.56428571442857,9.03076923076923,4.811538461538462,53137,44,39.1,2558.0,112993.0,1859.0,6450,110960,1090,7408,16,5388,144,1201,102163,60319,57091,4500,2157,2158,1344,4462,5290,4039,5142,6425,9507,61190,4108,7915,13720,21124,5689,22580,117410
0.0,0.0,79.6923076923077,2423.0,6816.0,6826.0,44.0,87.0,87.0,21.78214285742857,11.107692307692307,5.8538461538461535,11333,23,42.1,85.0,25959.0,187.0,393,25838,66,151,6,517,41,71,25379,13364,12867,934,504,495,190,1226,1007,851,1256,1808,2183,12597,1338,1590,2445,5269,1181,4506,26231
0.0,0.0,77.41379310344827,3994.0,9175.0,9188.0,58.0,120.0,124.0,22.135714286071423,9.984615384615385,8.35925925925926,13354,56,37.6,1843.0,29945.0,398.0,5174,27012,92,185,23,794,6,1990,29096,16200,15986,931,540,354,165,1306,1215,1253,1315,1993,3072,15824,1805,2281,2356,6749,2257,4545,32186
0.0,0.0,89.1,928.0,2538.0,2548.0,14.0,37.0,38.0,22.285714285714285,15.96923076923077,9.57037037037037,3981,22,42.7,0.0,10557.0,25.0,169,10413,0,40,0,235,31,27,10249,5191,5391,225,64,84,60,582,371,338,677,379,1337,4430,992,1437,527,2429,1010,1367,10582
68.0,1271.0,72.16666666666667,2866.0,7457.0,7469.0,98.0,150.0,151.0,22.49642857142857,12.484615384615385,7.507407407407407,13253,638,34.4,618.0,32458.0,201.0,1777,31500,76,571,8,965,0,816,30841,16526,16751,1142,594,568,239,771,1145,1156,1253,1261,3225,15268,1207,2742,2067,4914,3894,4658,33277
61.0,3517.0,58.5945945945946,5540.0,13404.0,13431.0,73.0,136.0,139.0,21.5678571425,6.769230769230769,5.196153846153846,22819,119,42.6,258.0,49110.0,244.0,667,48945,275,347,34,575,32,76,48273,24969,24643,2337,1354,1169,943,1498,1141,1397,2126,3118,4196,25830,2011,2154,7427,9161,2262,7014,49612
0.0,0.0,68.04761904761905,2772.0,7051.0,7061.0,94.0,145.0,145.0,22.067857142464284,10.061538461538465,5.0346153846153845,12135,7,39.6,315.0,26079.0,193.0,550,26037,492,39,0,417,42,103,25494,13340,13247,1134,484,390,311,887,1078,914,1431,1447,2165,13798,1239,1656,2937,5788,980,3731,26587
64.0,1613.0,72.88571428571429,3896.0,11315.0,11342.0,83.0,148.0,149.0,22.07499999985714,8.561538461538461,5.507692307692308,20258,24,38.5,156.0,42701.0,336.0,1240,41953,196,165,0,736,19,183,41894,21630,21563,1633,687,693,485,1988,1561,1578,2052,2708,3519,22416,1679,2672,4247,9187,1754,7102,43193
330.0,15009.0,86.64077669902913,9945.0,24722.0,24805.0,186.0,432.0,440.0,21.789285714357145,13.576923076923077,8.618518518518519,45104,154,35.7,1492.0,111914.0,1055.0,2873,111588,1637,7780,105,3766,104,568,100501,59228,55233,3547,1503,1060,1373,4941,4012,3788,4769,5645,15994,56484,7096,6433,13349,16281,4530,17340,114461
128.0,3238.0,63.61290322580645,5952.0,12832.0,12857.0,113.0,165.0,165.0,22.424999999642857,7.715384615384615,3.957692307692308,20727,156,40.3,1475.0,40515.0,544.0,3380,39154,308,503,0,866,113,942,39802,21376,21158,1844,1011,934,468,1384,1432,1626,1947,2505,3540,22374,979,2276,5993,7548,1920,6048,42534
353.0,14153.0,68.6734693877551,25706.0,54069.0,54150.0,435.0,725.0,728.0,21.785714285714285,10.438461538461535,8.881481481481481,88494,470,35.6,10295.0,188926.0,5963.0,33339,171845,1892,10906,125,10070,565,6637,174989,103730,101454,7309,3488,3362,2566,7364,6758,6532,8212,10272,16499,103271,10355,10055,19411,33458,19147,28349,205184
0.0,0.0,87.64,2869.0,6859.0,6871.0,59.0,145.0,146.0,22.28928571457143,14.423076923076923,10.203703703703704,9544,13,42.9,145.0,22850.0,73.0,297,22771,10,601,0,428,44,85,21900,11778,11290,826,277,169,94,810,1029,918,975,1431,3157,10780,1595,1870,1808,4964,1572,3191,23068
258.0,12106.0,60.51851851851852,7285.0,18841.0,18913.0,178.0,291.0,297.0,21.567857143142856,7.923076923076923,4.530769230769231,34552,91,39.9,832.0,76005.0,1042.0,2664,75215,869,4021,11,2655,196,290,69837,40177,37702,2528,2045,2095,1874,2176,2496,2222,3566,4286,5976,40320,3071,5188,13047,11438,3441,13312,77879
0.0,0.0,80.73684210526316,2036.0,5376.0,5404.0,43.0,99.0,101.0,22.28571428535714,11.03076923076923,8.844444444444445,6525,37,43.0,154.0,16160.0,142.0,427,16029,86,65,0,223,29,20,16033,8228,8228,529,226,156,148,769,630,742,869,1004,1909,7856,798,1067,1347,3376,652,2936,16456
0.0,0.0,61.11764705882353,1622.0,4389.0,4400.0,36.0,64.0,65.0,21.857142857142858,7.730769230769231,9.062962962962963,10151,0,42.0,83.0,22556.0,111.0,267,22483,87,32,0,471,2,47,22111,11473,11277,952,597,497,356,702,447,673,1035,1654,1954,11899,735,1803,2554,4659,844,3387,22750
0.0,0.0,78.18181818181819,1805.0,4892.0,4914.0,38.0,102.0,102.0,22.567857143214287,12.569230769230767,9.088888888888889,8171,15,41.6,409.0,19406.0,254.0,1060,19009,43,135,7,501,32,559,18792,10146,9923,638,374,354,97,962,759,716,712,1088,2140,9825,955,1343,1437,3703,1172,3558,20069
0.0,0.0,74.58064516129032,4080.0,11611.0,11631.0,88.0,143.0,145.0,21.99642857142857,10.092307692307692,8.007407407407406,15476,11,40.6,491.0,33054.0,166.0,568,33143,122,785,0,918,6,231,31649,16728,16983,1387,652,702,308,1578,1517,1058,1686,1729,2934,17224,1204,2009,3336,6587,1107,5973,33711
171.0,5920.0,82.78181818181818,6897.0,17649.0,17684.0,167.0,344.0,345.0,21.996428571785717,16.807692307692307,8.992592592592594,24196,111,40.2,508.0,64998.0,549.0,2938,63117,595,4772,0,2234,176,660,57618,34585,31470,2638,1132,662,410,3381,2585,2427,2602,2826,8233,31341,4505,4140,6092,11173,3283,10835,66055
0.0,0.0,83.25,2647.0,7183.0,7205.0,84.0,138.0,139.0,22.042857143214285,14.392307692307693,9.28888888888889,13075,14,43.1,192.0,31896.0,86.0,531,31643,50,110,20,637,4,86,31267,16119,16055,772,625,372,305,1339,1099,1401,1505,1760,3810,15143,1294,2975,2754,6265,1667,5914,32174
572.0,27654.0,35.905325443786985,32631.0,81517.0,81765.0,416.0,648.0,656.0,21.57500000007143,2.9153846153846152,3.376923076923077,150188,423,37.6,13530.0,301755.0,15170.0,13662,316793,20014,12919,102,10036,514,2682,284188,168977,161478,14618,10293,16054,19950,6518,6703,8109,13253,15582,11986,181249,5153,4450,109869,21879,4460,39043,330455
95.0,3027.0,54.97674418604651,7511.0,20619.0,20657.0,138.0,257.0,258.0,21.5714285715,4.6,4.215384615384616,35399,49,40.1,757.0,74920.0,937.0,1931,74683,701,2088,0,1674,0,461,71690,38524,38090,3523,2211,2323,1936,2186,2258,2401,3431,5030,4328,40887,1488,2768,14140,11256,2193,12666,76614
0.0,0.0,64.83333333333333,4058.0,10764.0,10806.0,68.0,136.0,138.0,21.578571428178574,7.461538461538462,4.842307692307693,16510,27,42.6,262.0,39695.0,207.0,805,39359,214,219,0,556,47,438,38690,20159,20005,1362,661,793,383,1472,1280,1460,1600,2355,3168,18793,1395,3299,4098,8474,1674,7023,40164
286.0,14001.0,48.11,16053.0,40698.0,40758.0,323.0,549.0,552.0,21.57142857117857,4.069230769230769,3.819230769230769,78178,168,37.9,3244.0,158532.0,5030.0,6831,159975,4869,11982,17,4786,245,2035,142872,83444,83362,7589,6412,5869,4187,3733,4477,5093,5918,10372,6657,91849,4247,4214,36659,20972,4524,26297,166806
48.0,2437.0,81.38095238095238,5461.0,12941.0,12979.0,97.0,227.0,229.0,21.932142856964283,15.038461538461538,8.955555555555556,18390,40,42.0,107.0,47897.0,154.0,916,47242,163,1234,7,790,125,310,45529,22864,25294,1511,686,585,290,1800,2099,1774,2152,2461,5029,20932,2657,3192,4297,10658,2016,8264,48158
242.0,9271.0,76.47692307692307,9166.0,25350.0,25399.0,207.0,437.0,445.0,21.789285714250003,10.923076923076923,9.45925925925926,33787,66,41.4,748.0,80780.0,958.0,2877,79609,1113,6713,18,2144,443,657,71398,42698,39788,3150,1958,1497,1044,3858,3098,3107,3902,4553,8465,39506,4943,4687,9184,14356,3553,14281,82486
36.0,1550.0,79.375,3532.0,11473.0,11493.0,80.0,153.0,155.0,22.21428571439285,10.346153846153848,8.637037037037036,16388,39,41.4,351.0,35803.0,197.0,905,35446,238,343,57,498,100,411,34704,18377,17974,1561,449,497,353,1468,1479,1363,1794,2053,3773,18740,1698,2462,4196,7046,1450,5997,36351
81.0,2148.0,75.57142857142857,4666.0,12490.0,12513.0,68.0,126.0,130.0,22.075,12.046153846153846,8.35925925925926,19496,86,39.2,1773.0,41754.0,550.0,3238,40839,1074,596,19,720,119,2126,39423,22235,21842,1348,1037,768,510,1925,1649,1475,1920,2096,4195,21931,1931,3447,4298,8990,2264,7407,44077
0.0,0.0,65.70370370370371,3213.0,8983.0,9015.0,45.0,145.0,147.0,21.571428571392858,7.784615384615384,5.326923076923077,13586,48,40.5,451.0,32638.0,344.0,2050,31383,81,294,0,1282,5,905,30866,16699,16734,1328,690,516,425,849,1288,1042,1506,2037,2995,15802,997,1707,2703,6981,1538,5528,33433
0.0,0.0,85.30434782608695,1803.0,4844.0,4851.0,30.0,77.0,78.0,22.28928571417857,14.33076923076923,8.414814814814815,8292,49,40.2,138.0,20429.0,130.0,666,20031,95,64,1,230,101,243,19963,10318,10379,694,198,196,100,1082,1138,652,912,1030,2291,9897,1018,1782,1305,4512,1019,3236,20697
61.0,2627.0,72.8695652173913,2968.0,9340.0,9349.0,74.0,153.0,154.0,22.07499999964286,11.376923076923076,8.692592592592591,12998,37,41.1,236.0,31777.0,154.0,918,31249,169,705,0,662,79,216,30336,16813,15354,1046,500,433,343,1422,1003,1311,1180,1880,3715,14833,1510,2354,2987,6766,1696,5177,32167
0.0,0.0,76.3,2184.0,6939.0,6946.0,47.0,104.0,108.0,22.210714285857144,12.284615384615384,9.62962962962963,13075,0,39.4,145.0,27345.0,149.0,728,26911,14,277,0,478,105,207,26558,13656,13983,1017,710,390,188,974,1047,1061,1401,1814,2174,14540,863,1688,1999,6377,1341,4743,27639
49.0,2091.0,55.576470588235296,16604.0,42244.0,42309.0,379.0,603.0,610.0,21.57499999953572,6.146153846153847,4.080769230769231,71605,0,37.6,3372.0,149503.0,3273.0,5711,150437,5861,4027,47,3433,381,1296,141103,79344,76804,6392,4462,4358,3752,4901,3900,4782,6723,8833,9769,82777,5185,5338,29169,22322,6091,23861,156148
144.0,4051.0,83.23809523809524,3580.0,10716.0,10741.0,86.0,149.0,153.0,22.210714286428573,13.253846153846156,7.966666666666668,16017,13,39.2,380.0,36263.0,190.0,834,35999,305,1062,19,836,21,371,34219,18194,18639,1164,509,560,625,1790,1589,1146,1390,1981,4432,18409,1980,2368,3144,5969,2057,6847,36833
72.0,2983.0,64.01538461538462,8642.0,19712.0,19737.0,116.0,235.0,236.0,22.07499999928572,9.069230769230767,4.911538461538462,35417,193,38.9,2529.0,75473.0,1154.0,6386,72770,1195,518,30,2583,278,1084,73468,39630,39526,3155,1765,1463,1215,2858,3177,2659,3915,4811,6444,41759,3107,4559,9777,12629,5317,12163,79156
0.0,0.0,50.14814814814815,2435.0,5843.0,5849.0,72.0,102.0,102.0,22.289285714285715,8.515384615384615,5.280769230769232,13082,649,31.8,426.0,38867.0,244.0,1639,37898,40,63,0,816,7,154,38457,19531,20006,1202,650,636,495,1119,1132,983,1920,2382,2028,17475,889,4464,2262,4882,7406,3100,39537
1929.0,69817.0,72.30788804071247,48913.0,105765.0,106154.0,931.0,1797.0,1813.0,21.567857142857143,12.4,9.55185185185185,195072,497,39.1,14208.0,453317.0,18458.0,94064,391919,6840,114826,145,23552,1268,42797,296555,250786,235197,17976,11306,10307,7814,18167,15679,14750,19378,24409,48860,236095,36294,28435,61452,82226,22722,82790,485983
195.0,11856.0,69.53012048192771,9877.0,25331.0,25421.0,204.0,361.0,365.0,21.78214285714285,12.007692307692308,9.666666666666666,43418,109,40.3,1880.0,106323.0,1823.0,7510,102516,744,11736,26,4733,319,2345,90123,53353,56673,3112,2806,2237,1237,4059,4008,3405,5039,5985,10837,51040,7012,6811,10842,22200,5865,18914,110026
0.0,0.0,74.8,4205.0,11812.0,11840.0,118.0,255.0,258.0,22.13928571392857,12.153846153846152,9.666666666666666,19313,67,43.5,339.0,44844.0,369.0,766,44786,242,197,7,885,88,417,43716,23167,22385,1752,878,695,478,1875,1659,1679,2236,2955,4761,21915,2042,3759,4426,8648,2100,7813,45552
281.0,10958.0,81.82727272727273,11868.0,32586.0,32665.0,345.0,639.0,647.0,21.674999999642857,13.553846153846154,8.822222222222221,52206,134,40.5,1503.0,127200.0,783.0,5492,123994,659,10385,1,4025,294,1673,112449,64738,64748,4431,2349,1466,1065,5472,4464,4494,6001,6478,15056,61196,8001,7840,12137,26074,6724,21775,129486
4180.0,166882.0,72.18389261744966,91763.0,224368.0,224957.0,1732.0,2938.0,2966.0,21.564285713928573,13.253846153846156,8.485185185185186,412063,785,34.4,62197.0,865340.0,29800.0,100911,856426,34007,270534,234,41117,2023,36846,572576,496234,461103,28967,18001,16759,17220,42593,35748,31838,37705,42937,105927,498091,68348,52721,170291,134902,65832,140057,957337
0.0,0.0,69.21052631578948,5473.0,12299.0,12328.0,106.0,193.0,195.0,22.210714285714285,8.753846153846153,5.407692307692307,19053,121,39.7,1598.0,44054.0,684.0,4731,41605,242,338,0,1035,119,843,43759,23183,23153,1635,891,619,345,1923,1683,1635,1841,2571,4287,22178,1883,4182,4603,8157,3460,6562,46336
0.0,0.0,74.6,806.0,2161.0,2164.0,15.0,25.0,25.0,22.425,11.776923076923076,8.296296296296296,4289,6,41.8,7.0,10130.0,32.0,247,9922,32,82,0,132,106,5,9812,5016,5153,335,236,128,52,390,437,438,444,636,999,4957,298,889,661,2014,623,1838,10169
0.0,0.0,83.65714285714286,3599.0,9234.0,9261.0,64.0,158.0,159.0,22.21071428575,14.546153846153846,9.533333333333331,14277,30,39.8,411.0,35155.0,118.0,1225,34459,219,1591,0,981,214,574,32105,16887,18797,991,586,360,313,1604,1415,1186,1628,1773,3675,16347,2059,2355,2576,7629,2422,6034,35684
302.0,12958.0,56.54347826086956,10477.0,27488.0,27629.0,166.0,277.0,279.0,21.78214285732143,12.123076923076924,7.433333333333333,57461,178,29.9,8499.0,135273.0,3546.0,5169,142149,9650,4844,8,5802,359,613,126042,74105,73213,4448,3228,2533,2918,4623,5659,4280,5558,6306,16846,78771,4057,4321,31095,13242,4132,17916,147318
40.0,982.0,74.27272727272727,3937.0,10629.0,10665.0,85.0,163.0,164.0,22.075000000035715,11.007692307692308,7.966666666666667,16774,24,40.6,735.0,37036.0,524.0,1872,36423,262,367,14,1056,38,352,36206,18941,19354,1403,942,605,555,1513,1418,1492,1864,1973,3853,19766,1748,1978,4309,7385,1840,5709,38295
80.0,2238.0,61.5,6171.0,16426.0,16468.0,134.0,278.0,286.0,21.571428571785717,8.223076923076924,4.723076923076923,30736,7,41.4,535.0,69126.0,480.0,1176,68965,591,201,0,1302,14,324,67709,35368,34773,3014,1779,1558,1302,2440,2122,2233,3078,4266,4668,35845,2372,2906,7187,14079,4059,11654,70141
0.0,0.0,79.38461538461539,972.0,2552.0,2561.0,35.0,68.0,68.0,21.575000000035715,11.084615384615384,8.977777777777776,5520,22,44.1,343.0,13479.0,159.0,953,13028,0,181,0,231,19,379,13171,6935,7046,509,215,134,181,567,565,484,853,858,1233,6758,834,645,965,3181,1012,2147,13981
31.0,1867.0,72.55555555555556,5150.0,13035.0,13064.0,81.0,156.0,156.0,22.214285714285715,9.653846153846152,6.019230769230769,21132,216,38.9,1659.0,45080.0,901.0,4974,42666,327,301,33,1405,26,362,45186,23690,23950,1501,1034,680,417,1703,1826,1778,2735,2566,3893,23929,1978,3071,3743,9297,4040,7312,47640
0.0,0.0,67.0,543.0,1442.0,1444.0,11.0,19.0,19.0,23.99655172413793,13.542857142857144,10.45,2618,0,47.8,19.0,5829.0,42.0,80,5810,29,31,0,127,5,36,5662,2962,2928,396,105,153,28,263,205,201,268,414,590,2928,121,484,497,1174,326,1124,5890
0.0,0.0,83.2,1720.0,5027.0,5035.0,54.0,96.0,96.0,22.14642857107143,14.807692307692308,9.603703703703705,8243,32,42.3,93.0,19202.0,257.0,145,19407,100,494,0,285,16,36,18621,9735,9817,603,315,234,202,923,528,682,852,1222,2427,9280,1118,1626,1224,4206,1581,2844,19552
0.0,0.0,77.84210526315789,1853.0,5811.0,5835.0,56.0,114.0,118.0,21.7821428575,11.476923076923075,9.025925925925923,8915,0,45.3,112.0,20625.0,117.0,271,20583,101,64,0,493,108,1,20087,10107,10747,618,349,268,72,942,854,826,1210,1221,2470,10348,1314,1657,1629,4398,1605,3327,20854
0.0,0.0,80.44444444444444,1416.0,3606.0,3605.0,16.0,49.0,49.0,22.21071428535714,15.146153846153847,8.848148148148148,5407,59,43.2,70.0,16749.0,93.0,265,16647,0,225,0,453,38,64,16132,8931,7981,443,315,260,126,718,376,622,794,811,1540,6803,948,1649,1077,3118,1467,2967,16912
0.0,0.0,78.875,1753.0,4651.0,4665.0,37.0,68.0,68.0,22.39285714260714,12.392307692307693,8.737037037037036,7562,3,42.2,74.0,18935.0,82.0,281,18810,113,519,0,385,30,52,17992,8912,10179,691,274,298,127,760,871,674,792,1125,2101,8475,729,1384,1673,4370,746,3261,19091
0.0,0.0,80.6923076923077,1287.0,3719.0,3728.0,33.0,48.0,49.0,22.285714286,10.66153846153846,8.025925925925925,5292,0,44.3,39.0,12234.0,91.0,181,12183,69,94,0,123,0,176,11902,6260,6104,384,425,300,31,717,648,374,694,611,1110,5867,421,1377,977,2584,713,1967,12364
252.0,11521.0,51.47572815533981,16157.0,37335.0,37589.0,294.0,554.0,558.0,21.571428571142857,7.8307692307692305,4.9,71390,141,39.4,2567.0,163114.0,3801.0,17335,152147,2257,6625,78,5830,323,2549,151820,85716,83766,8012,4989,4561,4310,5020,5309,4847,6501,9631,11973,84527,5783,7364,26933,28906,4875,28464,169482
0.0,0.0,63.66666666666666,2622.0,6520.0,6528.0,32.0,56.0,58.0,21.710714285642855,7.746153846153846,4.230769230769231,11343,3,42.7,72.0,25271.0,137.0,314,25166,74,480,0,298,14,251,24363,12791,12689,1277,764,865,254,979,902,760,1232,1298,2030,12739,767,1320,3518,4230,813,4681,25480
0.0,0.0,80.0,1084.0,3064.0,3070.0,44.0,85.0,86.0,22.139285714285712,11.738461538461538,8.374074074074075,5229,6,41.4,108.0,12265.0,109.0,391,12091,58,21,39,350,31,178,11805,6221,6261,323,250,220,41,668,699,457,575,578,1302,6177,602,878,892,2433,763,2168,12482
0.0,0.0,68.51851851851852,3374.0,9290.0,9323.0,60.0,125.0,127.0,21.567857142857143,9.7,8.844444444444445,14049,30,38.0,951.0,36252.0,216.0,753,36666,1001,943,8,559,65,148,34695,17776,19643,1299,728,670,269,1150,1251,1250,1851,2206,2977,17370,1199,1907,3140,7735,1984,5922,37419
0.0,0.0,84.63333333333334,2309.0,5920.0,5935.0,78.0,143.0,147.0,22.289285714285715,14.076923076923077,8.914814814814815,10518,20,42.9,407.0,24166.0,121.0,899,23795,92,109,0,642,18,485,23348,12559,12135,852,424,184,241,1195,903,1042,1293,1474,2750,12233,1364,1876,2038,4820,1295,4075,24694
0.0,0.0,65.6086956521739,3285.0,8268.0,8283.0,64.0,137.0,138.0,22.146428571464288,9.2,5.31923076923077,13384,0,40.6,183.0,28099.0,175.0,526,27931,270,96,0,358,36,138,27559,14406,14051,1313,567,525,405,1124,982,905,1249,1567,2606,14992,1411,1917,3059,5527,1179,4518,28457
0.0,0.0,73.76470588235294,1722.0,4898.0,4906.0,23.0,58.0,58.0,22.142857142857142,11.36923076923077,8.42962962962963,6809,5,42.5,73.0,16518.0,41.0,283,16349,17,312,0,106,3,38,16156,8440,8192,775,212,151,138,763,508,701,755,1156,1489,7863,900,1325,1293,3867,907,2522,16632
731.0,30811.0,74.86147186147186,30576.0,70351.0,70553.0,535.0,855.0,863.0,21.71071428575,12.084615384615384,8.851851851851851,111371,157,36.7,10210.0,253798.0,6873.0,24153,246728,6828,34809,146,13876,1256,7259,206707,139002,131879,8544,5839,4347,4511,9950,9765,8492,11626,12650,28656,136207,16435,15489,43039,37492,12847,40959,270881
0.0,0.0,81.8,2535.0,7851.0,7864.0,52.0,105.0,106.0,21.810714285357143,13.515384615384615,8.977777777777776,9127,24,41.8,147.0,23603.0,35.0,574,23211,66,42,0,373,161,170,22973,12073,11712,650,209,545,121,920,936,705,890,1098,3154,10446,1209,2152,1772,5100,2136,3426,23785
46.0,2614.0,68.67567567567568,5594.0,14649.0,14677.0,102.0,180.0,181.0,21.571428571428573,8.476923076923077,4.846153846153846,19756,0,40.6,835.0,43440.0,284.0,1984,42575,221,465,7,890,25,1005,41946,22611,21948,1456,842,957,627,1399,1631,1716,2308,2722,4244,22803,1619,2977,4855,9669,2251,6651,44559
0.0,0.0,73.52631578947368,2204.0,5213.0,5221.0,30.0,60.0,60.0,22.499999999964285,9.069230769230767,8.544444444444444,9246,0,44.3,125.0,20043.0,196.0,604,19760,73,131,0,316,17,120,19707,10110,10254,754,620,370,238,852,841,643,718,1279,2006,10410,646,1990,1975,4225,706,3521,20364
15.0,473.0,80.36363636363636,1905.0,4720.0,4746.0,53.0,94.0,96.0,22.21071428535714,14.176923076923078,9.94814814814815,8561,3,41.6,151.0,22614.0,231.0,919,22077,58,166,0,382,70,57,22263,11547,11449,597,400,254,131,1125,837,645,840,1347,2314,9821,1524,1796,1449,4849,1601,3739,22996
0.0,0.0,63.625,3419.0,9616.0,9623.0,59.0,120.0,120.0,22.496428571178573,11.007692307692308,5.680769230769231,15392,44,43.6,356.0,34054.0,181.0,1288,33303,193,130,0,938,14,196,33120,16924,17667,1391,863,626,465,1594,1534,1460,1673,2079,2764,18095,1425,2031,3695,6307,1390,5612,34591
0.0,0.0,85.38095238095238,2045.0,5264.0,5276.0,40.0,74.0,76.0,21.789285714285715,13.507692307692308,8.637037037037036,8191,0,41.3,37.0,20428.0,182.0,368,20279,157,792,6,546,30,127,18989,9705,10942,568,322,260,133,878,807,732,865,984,2257,9040,1068,1815,1485,4735,1185,3916,20647
0.0,0.0,76.75,757.0,2306.0,2310.0,8.0,19.0,20.0,22.27857142821429,15.23076923076923,8.318518518518518,4316,21,40.7,0.0,10527.0,200.0,211,10516,73,63,82,164,0,45,10300,5189,5538,233,199,142,121,420,404,209,694,648,1360,4850,692,1196,562,2632,801,1318,10727
384.0,22096.0,66.75925925925925,20330.0,49731.0,49917.0,209.0,384.0,392.0,21.785714285607146,11.107692307692307,7.618518518518518,77423,407,28.4,16913.0,170451.0,5938.0,16372,176930,15654,10855,71,5427,440,5427,155428,94533,98769,6213,3435,3443,3072,6889,6168,5285,7412,8123,21646,99133,7691,5566,35705,20869,6408,22421,193302
0.0,0.0,69.82352941176471,1510.0,3512.0,3528.0,44.0,87.0,87.0,21.964285713892856,8.192307692307692,5.253846153846154,6998,0,44.9,148.0,14947.0,59.0,458,14696,80,8,0,322,3,157,14584,7694,7460,818,422,319,190,599,602,403,641,1173,1193,7989,622,846,2250,2750,606,2111,15154
0.0,0.0,74.42857142857143,707.0,2044.0,2046.0,11.0,21.0,21.0,21.928571428571427,11.3,10.907142857142857,3322,0,44.0,113.0,6985.0,42.0,155,6985,132,19,0,70,0,6,6913,3636,3504,302,167,51,93,378,267,354,261,443,532,3681,313,552,677,1606,366,1054,7140
921.0,45348.0,75.1523178807947,21394.0,57121.0,57248.0,388.0,620.0,621.0,21.71428571442857,12.176923076923078,7.733333333333333,79579,125,38.6,3225.0,175975.0,2348.0,5034,176514,2424,17292,353,5555,105,2031,153788,93442,88106,5493,3252,3399,2513,8289,7010,7437,6694,10167,21840,92827,10740,9818,26672,27094,8509,31640,181548
0.0,0.0,85.66666666666667,1619.0,4057.0,4069.0,43.0,74.0,74.0,21.785714285607146,10.923076923076923,9.674074074074074,5978,0,42.8,115.0,15331.0,39.0,208,15277,44,109,8,198,28,75,15023,7751,7734,561,235,156,100,756,693,561,624,1213,1658,7354,1071,896,1164,3246,606,2824,15485
448.0,18333.0,81.20879120879121,11740.0,28799.0,28832.0,243.0,405.0,410.0,21.78928571392857,16.25384615384615,8.692592592592591,43372,61,36.4,2138.0,103934.0,1233.0,2971,104334,2116,7763,73,3315,175,939,92924,52846,54459,2590,1789,1601,1314,4454,3937,3801,4410,4811,13950,52270,7030,5668,12524,16163,5313,17840,107305
0.0,0.0,78.65625,3347.0,8697.0,8718.0,76.0,151.0,154.0,22.210714285714285,11.153846153846152,9.125925925925928,12838,0,42.5,234.0,30702.0,262.0,832,30366,162,330,11,334,268,407,29686,15935,15263,974,568,480,217,1426,1190,1065,1743,1996,3046,15133,1501,1882,2837,6033,1513,4581,31198
0.0,0.0,72.77777777777777,763.0,2076.0,2089.0,15.0,29.0,30.0,22.503571428392856,10.246153846153844,5.096153846153846,3685,0,44.9,7.0,8180.0,32.0,166,8053,19,52,0,131,0,19,7998,4096,4123,523,168,106,110,236,331,365,289,588,667,4195,347,429,798,1578,205,1615,8219
98.0,5213.0,56.09803921568628,7471.0,20212.0,20248.0,156.0,235.0,237.0,21.71428571425,6.130769230769231,4.226923076923077,28531,32,41.5,1357.0,59689.0,1562.0,1213,61395,1768,1147,4,1006,54,714,57915,32048,30560,2983,2076,1478,1963,1903,1811,1820,2278,4387,3908,32632,1310,2431,11705,8192,1551,10875,62608
0.0,0.0,76.96,2139.0,5978.0,5990.0,28.0,79.0,81.0,21.560714285714287,10.992307692307692,8.814814814814815,11299,25,41.2,50.0,27719.0,173.0,374,27568,96,18,0,444,10,67,27307,14147,13795,928,657,310,200,1207,1008,969,1149,1251,3141,13191,1301,2557,1954,6322,1743,4672,27942
231.0,12239.0,82.41818181818182,7061.0,19166.0,19198.0,195.0,330.0,334.0,22.353571428214284,15.223076923076924,8.996296296296295,26994,102,40.5,1085.0,64522.0,569.0,2065,64111,851,3380,1,2016,235,608,59085,34043,32133,2144,953,761,670,3205,2822,2361,2917,3145,8457,32053,3748,4685,6716,11777,3473,10906,66176
54.0,1059.0,70.65384615384616,2637.0,6513.0,6523.0,80.0,132.0,132.0,21.71785714303571,7.261538461538462,4.519230769230769,13191,18,40.7,181.0,27602.0,227.0,873,27137,107,228,0,788,57,222,26608,14285,13725,1340,376,484,299,1158,1330,846,1316,1596,2377,14614,1322,1921,2836,5349,856,4902,28010
0.0,0.0,75.34482758620689,2992.0,6821.0,6853.0,54.0,92.0,94.0,22.2821428575,10.776923076923076,8.807407407407409,10103,91,42.8,782.0,23065.0,316.0,2083,22080,79,159,8,404,141,1449,21923,12071,12092,833,509,358,192,929,1085,850,1249,1331,2456,11584,826,1528,2126,4283,1397,4119,24163
30.0,1950.0,64.26666666666667,3538.0,9632.0,9649.0,39.0,83.0,83.0,21.71428571464286,6.523076923076923,4.996153846153846,15413,27,41.8,163.0,33432.0,304.0,726,33173,146,128,0,880,65,41,32639,17050,16849,1460,616,685,496,1448,1447,969,2025,2231,2445,17884,1164,1656,4169,6030,1076,6262,33899
0.0,0.0,78.66666666666667,818.0,1581.0,1794.0,31.0,50.0,52.0,22.4964285715,10.86923076923077,13.096551724137932,3049,0,45.2,71.0,6931.0,46.0,157,6891,55,34,0,117,0,22,6820,3538,3510,334,150,114,42,299,342,278,297,542,819,3631,361,667,729,1259,133,1403,7048
0.0,0.0,85.5,319.0,815.0,931.0,4.0,13.0,14.0,22.93214285746429,24.1875,30.49302325581396,1462,0,47.2,9.0,3600.0,24.0,53,3580,23,4,0,49,8,34,3515,1842,1791,76,82,54,46,210,140,124,249,220,426,1764,198,282,352,693,100,669,3633
0.0,0.0,71.27272727272727,1456.0,2846.0,3212.0,48.0,59.0,67.0,22.285714285464284,11.1,8.362962962962964,5795,10,44.2,323.0,13174.0,264.0,945,12816,69,164,0,192,151,56,13129,6824,6937,670,221,104,240,536,517,537,690,804,1628,7001,652,1366,1257,2185,728,2361,13761
0.0,0.0,89.0,1235.0,2900.0,3403.0,47.0,66.0,80.0,22.57857142825,15.615384615384617,8.018518518518519,4415,62,45.8,39.0,12389.0,34.0,264,12198,35,77,0,235,49,15,12051,6372,6090,228,148,178,94,772,414,404,502,596,1860,5256,768,1088,1095,1972,531,2369,12462
0.0,0.0,87.28571428571429,477.0,1099.0,1299.0,9.0,19.0,24.0,22.503571427892854,16.114285714285714,16.62258064516129,2517,20,48.5,14.0,5506.0,8.0,45,5483,2,2,0,161,0,20,5343,2784,2744,176,103,49,60,400,289,240,348,342,684,2904,336,495,523,810,192,1123,5528
0.0,0.0,61.05555555555556,2424.0,5995.0,7143.0,54.0,75.0,82.0,21.749999999964285,6.530769230769232,3.942307692307693,12018,11,43.1,89.0,25362.0,107.0,394,25164,100,94,0,487,40,186,24651,12798,12760,1216,762,530,385,852,849,834,1190,1630,2058,13786,703,1461,2952,4330,498,5291,25558
440.0,14799.0,68.44444444444444,15015.0,32562.0,38500.0,295.0,463.0,520.0,21.782142857071427,9.930769230769233,7.381481481481482,59597,126,35.4,5539.0,122988.0,3286.0,5952,125861,3558,12674,367,3801,523,1412,109478,67098,64715,4478,2929,2457,2389,5241,5147,4498,5766,6632,13784,71996,8550,7004,18950,16424,4815,21851,131813
0.0,0.0,63.0,2455.0,5440.0,6446.0,30.0,53.0,67.0,22.20714285725,7.576923076923077,3.465384615384615,12741,34,42.1,189.0,25923.0,269.0,719,25662,68,299,69,379,133,174,25259,13174,13207,1267,865,468,479,1148,818,873,1181,1700,2002,14548,830,1302,3743,4041,720,5369,26381
0.0,0.0,58.47368421052632,2716.0,5465.0,6323.0,56.0,79.0,87.0,21.78928571432143,5.292307692307692,3.284615384615385,10894,26,39.2,232.0,24597.0,203.0,407,24625,279,263,15,381,66,86,23942,12625,12407,1317,758,644,314,712,805,818,1144,1648,1520,13500,691,1077,4340,2621,334,4275,25032
0.0,0.0,65.47368421052632,1789.0,4565.0,5467.0,30.0,57.0,67.0,22.289285714142856,10.015384615384615,7.688888888888889,9256,27,39.0,85.0,20994.0,62.0,344,20797,73,30,2,456,44,3,20533,10665,10476,875,506,441,311,623,623,586,803,1476,1783,11002,984,1321,2491,3365,508,3870,21141
0.0,0.0,75.3125,4137.0,6423.0,6865.0,37.0,56.0,65.0,22.5,10.546153846153846,6.903703703703703,8541,0,35.0,2839.0,15728.0,1383.0,5179,14771,2099,450,332,857,12,1482,14718,10047,9903,524,361,510,189,747,1205,589,895,950,1614,10795,1359,921,1812,2490,2454,2692,19950
0.0,0.0,76.5,1593.0,3195.0,3774.0,32.0,52.0,61.0,22.49642857185714,8.584615384615384,7.9111111111111105,6247,1,43.9,78.0,14327.0,103.0,210,14298,82,122,12,138,25,29,14100,7278,7230,555,296,242,163,571,691,607,632,999,1397,7270,548,1157,1433,2172,354,3054,14508
0.0,0.0,82.6,1301.0,2587.0,3039.0,11.0,23.0,26.0,22.78214285721429,11.761538461538462,7.444444444444445,3851,10,44.5,66.0,9499.0,91.0,196,9460,36,153,0,187,18,66,9196,4657,4999,413,146,106,186,399,425,297,388,635,1108,4426,364,540,1001,1588,212,1933,9656
142.0,1576.0,71.07692307692308,2677.0,4912.0,5629.0,49.0,65.0,82.0,22.714285714107145,9.23076923076923,6.862962962962963,9574,8,42.5,217.0,19739.0,194.0,525,19625,134,103,0,537,84,236,19056,10115,10035,858,569,561,223,902,785,637,723,1318,2075,10877,594,1350,2521,2605,380,4170,20150
0.0,0.0,81.2,1302.0,2946.0,3267.0,52.0,76.0,87.0,22.28214285714285,13.223076923076924,7.251851851851852,5480,15,45.2,150.0,12826.0,14.0,381,12609,43,79,17,146,36,92,12577,6544,6446,418,227,221,199,507,581,472,682,859,1735,6511,738,1030,1594,1828,700,2219,12990
0.0,0.0,60.35,1738.0,4123.0,4991.0,23.0,35.0,46.0,22.292857142785717,7.176923076923076,3.692307692307693,8502,17,42.8,111.0,18181.0,183.0,398,18077,117,150,0,177,41,16,17974,9381,9094,973,430,359,254,529,612,552,963,1357,1443,10043,502,1158,2230,3260,312,3670,18475
223.0,8361.0,72.3170731707317,5028.0,11034.0,12665.0,83.0,161.0,180.0,22.350000000214287,10.884615384615383,7.28888888888889,19295,79,44.2,398.0,41725.0,549.0,2143,40529,488,906,91,870,154,285,39878,21857,20815,1732,865,625,979,2007,2075,1942,1982,2751,4494,22805,1940,3024,5178,7038,1119,8027,42672
0.0,0.0,73.85714285714286,1476.0,2955.0,3534.0,37.0,60.0,73.0,22.285714285678573,9.415384615384616,7.277777777777778,5071,0,45.9,38.0,11131.0,112.0,94,11187,125,344,0,325,0,8,10479,5608,5673,545,256,205,244,458,553,482,549,707,1298,6032,518,871,1195,1863,416,2026,11281
0.0,0.0,72.75,1200.0,2667.0,3134.0,15.0,31.0,37.0,22.292857143035715,7.684615384615385,4.86923076923077,5588,9,43.7,162.0,11730.0,78.0,338,11632,12,65,2,126,16,53,11696,5899,6071,447,336,214,117,626,447,386,649,845,1040,6538,326,844,1187,2306,288,1971,11970
0.0,0.0,74.5,956.0,2252.0,2657.0,21.0,35.0,42.0,22.2928571425,10.86923076923077,7.877777777777777,3937,2,39.9,454.0,8728.0,201.0,1425,7958,5,11,0,247,33,41,9046,4669,4714,283,198,217,85,285,278,543,382,567,1112,4583,608,759,815,1730,759,1419,9383
64.0,1308.0,74.42857142857143,1872.0,4084.0,4750.0,25.0,42.0,52.0,22.49642857185714,9.715384615384616,7.314814814814815,6983,20,41.6,153.0,15809.0,176.0,622,15516,110,19,0,419,16,149,15425,8210,7928,653,289,268,159,795,658,523,745,1122,2169,8425,984,954,2112,2066,438,3223,16138
0.0,0.0,72.26315789473684,1603.0,3451.0,3986.0,54.0,72.0,80.0,22.507142857035717,9.830769230769231,8.15925925925926,7768,22,48.2,223.0,17079.0,225.0,352,17175,74,138,0,165,42,61,17047,8674,8853,660,347,255,227,717,897,556,961,1171,1772,9323,826,1301,1503,3577,700,2791,17527
107.0,3201.0,75.6875,5038.0,11485.0,13727.0,87.0,143.0,167.0,22.071428571214284,10.984615384615385,7.988888888888888,19110,30,42.8,443.0,46023.0,268.0,1491,45243,311,1338,3,1265,118,76,43623,23880,22854,1729,890,771,455,1972,1884,1856,2057,2550,5313,22610,2654,3635,4957,7770,2116,8688,46734
0.0,0.0,81.23529411764706,2552.0,4511.0,4987.0,35.0,53.0,59.0,22.50357142857143,11.238461538461538,7.388888888888889,7194,12,36.4,2057.0,13908.0,1033.0,4847,12151,387,528,23,694,95,1424,13847,8512,8486,680,275,245,219,682,448,694,568,918,1659,8406,819,1138,1187,2630,1765,2475,16998
0.0,0.0,38.66666666666666,10287.0,22900.0,26604.0,93.0,139.0,157.0,21.714285714321427,4.123076923076924,2.8846153846153846,42723,12,35.4,4045.0,82659.0,3714.0,5583,84835,4163,1720,104,3243,95,776,80317,45761,44657,3497,3722,3984,4334,1623,2435,2640,3588,4948,4612,50452,2203,2242,26461,7365,2193,12380,90418
0.0,0.0,73.5,766.0,1589.0,1809.0,23.0,29.0,35.0,22.678571428571427,11.646153846153847,4.780769230769231,3298,13,36.5,19.0,8847.0,111.0,137,8840,51,0,0,116,38,19,8753,4499,4478,390,227,160,143,226,281,300,269,549,637,4275,488,1037,782,980,813,1474,8977
0.0,0.0,89.0,574.0,1508.0,1823.0,9.0,24.0,28.0,22.932142857142857,17.146153846153847,10.12857142857143,2985,13,36.0,131.0,7720.0,57.0,252,7656,75,96,14,238,0,34,7451,3933,3975,245,92,83,61,384,288,270,514,308,997,3778,318,551,885,1225,295,826,7908
0.0,0.0,67.88888888888889,1865.0,3996.0,4718.0,40.0,68.0,71.0,22.278571428535717,8.584615384615386,3.9538461538461536,8151,55,43.7,44.0,16981.0,82.0,266,16841,85,40,0,298,16,109,16559,8420,8687,642,571,338,249,734,584,519,1022,892,1364,9553,310,1053,1657,3426,539,2832,17107
357.0,5248.0,77.52,4299.0,9083.0,11061.0,61.0,130.0,160.0,22.353571428892856,13.353846153846153,8.15925925925926,16822,81,42.7,522.0,38473.0,232.0,1318,37909,363,2375,2,1127,44,132,35184,20224,19003,1347,861,763,636,1962,1542,1533,1695,1941,4570,19650,3019,2976,3870,5827,1165,8434,39227
44.0,1109.0,52.89473684210526,2057.0,4121.0,4660.0,40.0,72.0,77.0,22.496428571785717,7.846153846153846,4.430769230769231,8174,9,48.2,227.0,16934.0,99.0,375,16885,171,31,0,274,30,58,16696,8681,8579,810,450,436,470,823,928,826,829,1303,1604,9412,394,1007,2753,1877,321,3400,17260
262.0,10522.0,59.54430379746835,12475.0,25837.0,30647.0,196.0,293.0,325.0,21.78214285728572,6.861538461538462,3.876923076923077,44360,117,38.5,1486.0,94527.0,1180.0,2511,94682,1144,3042,577,2419,231,451,89329,49243,47950,4148,2626,1730,2073,3398,3384,3141,3894,6203,8058,52646,4386,4198,16103,13743,2544,15552,97193
0.0,0.0,81.2,1157.0,2344.0,2648.0,40.0,51.0,55.0,22.571428571785717,12.26923076923077,7.174074074074074,3966,0,42.8,300.0,8809.0,213.0,907,8415,26,200,0,189,12,214,8681,4631,4691,384,135,135,118,489,408,381,540,536,897,4898,302,614,867,1260,415,1946,9322
0.0,0.0,82.4090909090909,1799.0,4069.0,4885.0,36.0,71.0,86.0,22.285714285785712,11.261538461538462,7.792592592592593,8087,17,43.8,191.0,19356.0,57.0,511,19093,87,299,1,567,26,29,18595,9762,9842,631,343,174,258,887,806,806,820,1061,2429,9647,858,1526,1860,3639,667,3265,19604
0.0,0.0,78.82352941176471,1491.0,3518.0,4150.0,41.0,61.0,69.0,22.57500000007143,11.923076923076923,8.07037037037037,6523,3,44.3,77.0,15148.0,488.0,574,15139,240,241,107,340,87,47,14651,7864,7849,630,243,184,313,845,621,526,725,948,1864,7957,803,1250,1707,2413,580,2711,15713
0.0,0.0,82.54545454545455,1098.0,2502.0,2922.0,20.0,41.0,48.0,22.57499999989286,11.692307692307692,7.374074074074074,4008,3,43.5,366.0,9688.0,37.0,1305,8786,0,133,0,247,5,18,9688,5032,5059,342,190,124,88,428,400,497,438,600,1088,4809,486,879,910,1669,556,1778,10091
0.0,0.0,77.625,565.0,1373.0,1617.0,9.0,24.0,29.0,22.435714285892857,17.228571428571428,15.27,2973,9,46.1,62.0,6778.0,55.0,201,6694,0,58,0,123,18,85,6611,3469,3426,208,182,154,93,281,289,208,389,442,706,3468,311,434,721,1081,155,1509,6895
0.0,0.0,82.16666666666667,736.0,1712.0,2028.0,10.0,21.0,28.0,22.285714285857143,10.984615384615385,7.014814814814815,3953,13,44.2,90.0,8749.0,84.0,264,8659,47,33,0,218,13,72,8540,4562,4361,309,171,194,86,515,537,326,427,556,916,4680,669,485,953,1418,283,1642,8923
0.0,0.0,65.71428571428571,1327.0,2549.0,3011.0,31.0,40.0,50.0,21.785714285642857,11.578571428571427,3.476923076923077,5353,21,42.4,56.0,12099.0,107.0,164,12098,40,85,0,136,9,0,11992,6194,6068,626,294,313,304,407,468,399,628,924,801,6388,390,684,1810,1538,255,2471,12262
0.0,0.0,69.625,1103.0,2345.0,2745.0,28.0,44.0,48.0,21.714285714321427,8.0,3.853846153846154,4747,5,45.8,128.0,10545.0,29.0,295,10407,27,26,0,245,14,103,10287,5376,5326,555,187,230,240,487,315,299,509,639,1017,5577,481,637,1106,1686,272,2103,10702
0.0,0.0,78.375,1741.0,3471.0,3951.0,42.0,72.0,87.0,22.28571428517857,8.907692307692308,7.781481481481482,6420,0,42.6,305.0,14270.0,330.0,922,13983,405,184,40,267,26,93,13890,7532,7373,623,264,237,193,510,533,579,810,949,1424,7531,426,934,1904,2015,522,2993,14905
0.0,0.0,78.88888888888889,1384.0,2830.0,3244.0,31.0,46.0,51.0,22.56785714278572,9.223076923076924,7.4148148148148145,4968,9,44.5,130.0,10526.0,53.0,499,10210,41,143,0,140,30,114,10241,5360,5349,411,242,146,146,457,314,489,597,983,1002,5832,433,751,1311,1741,315,1897,10709
0.0,0.0,83.63157894736842,1709.0,4105.0,5002.0,39.0,59.0,70.0,22.282142857107143,10.223076923076924,7.4222222222222225,7268,40,44.5,235.0,16478.0,211.0,760,16164,64,225,19,394,102,113,16007,8377,8547,676,339,166,151,667,546,693,882,1066,1999,8584,706,1586,1850,2591,601,3295,16924
0.0,0.0,71.64285714285714,1678.0,3416.0,3805.0,70.0,93.0,101.0,21.717857142714283,9.015384615384615,3.7,6534,8,43.5,31.0,13977.0,35.0,267,13776,37,41,19,230,34,16,13666,6999,7044,671,424,219,228,499,443,516,740,988,1366,7551,448,1029,1537,2294,492,2801,14043
0.0,0.0,76.76190476190476,2802.0,5540.0,6435.0,37.0,70.0,82.0,22.43571428603571,11.8,8.062962962962963,8321,11,40.3,349.0,19121.0,419.0,989,18900,545,446,9,574,68,156,18091,9806,10083,830,289,261,135,804,699,753,829,1132,1859,9702,1060,1329,2266,3577,683,3344,19889
0.0,0.0,78.71428571428571,1000.0,2035.0,2288.0,22.0,34.0,37.0,22.496428571357143,10.430769230769233,7.337037037037038,3660,1,40.9,95.0,9074.0,32.0,153,9048,48,33,2,151,1,1,8965,4590,4611,394,91,180,73,467,366,447,498,514,724,4805,196,620,769,1615,346,1656,9201
0.0,0.0,80.36363636363636,1141.0,2609.0,3035.0,25.0,37.0,43.0,22.58214285732143,10.1,3.838461538461538,4133,3,41.9,159.0,9309.0,50.0,433,9085,79,26,0,204,13,50,9146,4754,4764,500,189,113,153,367,382,484,394,516,1097,4818,515,744,974,1505,305,1895,9518
0.0,0.0,81.85714285714286,838.0,1796.0,2099.0,32.0,48.0,51.0,22.50000000014285,15.12857142857143,19.209375,2902,11,42.7,74.0,6765.0,23.0,191,6671,5,114,0,60,5,44,6634,3440,3422,235,134,135,100,272,366,212,278,486,754,3542,315,479,616,1053,235,1303,6862
0.0,0.0,66.64285714285714,1411.0,3663.0,4297.0,23.0,49.0,53.0,22.35714285692857,7.1923076923076925,3.765384615384616,7539,106,42.6,75.0,15986.0,94.0,483,15672,61,89,0,437,4,56,15508,8051,8104,682,429,409,232,488,641,784,691,1021,1269,8794,405,974,1996,2565,371,3318,16155
0.0,0.0,71.45454545454545,2108.0,4594.0,5481.0,39.0,68.0,74.0,22.27857142882143,11.353846153846153,8.148148148148149,8468,22,43.6,85.0,19143.0,120.0,296,19052,82,138,106,301,3,43,18675,9621,9727,766,417,585,244,893,661,612,846,1176,1983,10121,941,1420,2130,3480,459,3509,19348
48.0,696.0,69.02777777777777,3903.0,8616.0,10313.0,67.0,106.0,124.0,22.21785714267857,8.5,4.726923076923077,15953,21,41.8,588.0,36147.0,297.0,899,36133,211,555,0,844,86,99,35237,18024,19008,1505,981,610,520,1248,1435,1370,1794,1857,3324,18709,2289,2276,3859,7158,935,7173,37032
0.0,0.0,77.92307692307692,1286.0,3465.0,4334.0,34.0,50.0,60.0,22.532142857107143,13.623076923076924,7.4185185185185185,6713,11,42.9,1879.0,15784.0,490.0,573,17580,2037,432,0,367,8,103,15206,9229,8924,569,271,97,266,686,719,502,807,796,2142,9029,894,942,3008,2276,733,3149,18153
1016.0,36584.0,46.81318681318681,13205.0,33776.0,44353.0,76.0,140.0,173.0,21.785714285642857,8.938461538461539,2.911538461538462,62945,620,30.4,12033.0,133382.0,5404.0,8634,142185,9346,11509,74,5415,271,2510,121694,76013,74806,6124,3697,4185,4795,5229,4139,3934,5571,7121,15635,86738,5249,4042,40434,9552,2924,18869,150819
0.0,0.0,69.66666666666667,2856.0,5432.0,6403.0,55.0,72.0,82.0,21.750000000357144,8.307692307692308,7.592592592592593,8142,9,43.2,110.0,20346.0,119.0,422,20153,183,453,0,460,37,0,19442,9970,10605,751,345,336,328,1007,774,782,669,1503,1691,10296,682,1482,2073,3949,613,3848,20575
0.0,0.0,83.6923076923077,926.0,2045.0,2459.0,29.0,47.0,54.0,22.50357142860714,12.253846153846156,7.622222222222223,4194,0,43.4,76.0,10061.0,26.0,205,9958,12,40,2,141,9,77,9882,4973,5190,358,173,203,136,418,463,361,434,566,1218,5012,544,809,993,1820,289,1816,10163
0.0,0.0,79.17647058823529,1989.0,3766.0,4313.0,55.0,87.0,97.0,22.71071428567857,10.753846153846156,7.140740740740741,6099,10,44.8,188.0,14606.0,70.0,469,14395,89,174,1,202,23,67,14308,7459,7405,453,443,214,198,564,723,553,776,995,1656,7444,627,1015,1372,2129,323,3148,14864
50.0,826.0,80.15,3547.0,7820.0,9102.0,54.0,138.0,148.0,22.350000000214287,13.492307692307692,9.059259259259258,14044,13,43.3,179.0,33533.0,234.0,1241,32705,216,1015,6,839,92,141,31637,16870,17076,1006,668,526,296,1336,1512,1264,1845,1859,4026,16450,2174,2328,3289,6193,1091,6719,33946
549.0,21859.0,61.95625,19551.0,51685.0,63854.0,319.0,567.0,654.0,21.746428571321427,7.753846153846154,3.95,106152,401,37.7,5744.0,215368.0,4489.0,7647,217954,5114,12595,352,8298,429,1429,197384,114489,111112,9169,5599,6719,5902,7841,8392,7604,9464,13698,16916,124803,10182,8426,43229,26223,5381,41937,225601
0.0,0.0,76.6,1231.0,2473.0,2919.0,47.0,60.0,67.0,22.432142857142857,11.292307692307691,7.966666666666668,5058,8,41.5,726.0,10089.0,310.0,1774,9351,389,134,0,225,26,612,9739,5398,5727,406,218,198,179,406,420,324,509,734,949,5703,385,738,999,1865,851,1952,11125
0.0,0.0,80.4,728.0,1742.0,2151.0,21.0,32.0,33.0,22.289285714607143,13.915384615384616,13.33103448275862,3679,0,44.2,176.0,8306.0,74.0,189,8367,0,24,0,107,4,23,8398,4218,4338,267,145,191,102,282,345,316,441,593,1036,4177,670,675,708,1585,252,1589,8556
0.0,0.0,61.30769230769231,1460.0,2721.0,3117.0,41.0,48.0,55.0,22.417857142142857,7.023076923076923,2.838461538461538,5192,0,37.8,175.0,11565.0,60.0,335,11465,47,12,33,204,40,124,11340,5800,6000,542,208,249,94,435,465,387,637,818,758,6166,490,548,1158,1888,260,2175,11800
0.0,0.0,51.333333333333336,1463.0,3137.0,3644.0,18.0,38.0,45.0,21.710714285857144,5.623076923076923,4.119230769230769,7600,7,40.8,11.0,16014.0,123.0,354,15794,157,90,0,203,35,7,15656,8108,8040,762,539,476,459,460,508,517,673,938,1287,9285,635,971,2312,2447,319,3216,16148
0.0,0.0,78.85714285714286,2166.0,4876.0,5723.0,46.0,85.0,95.0,22.496428571285715,11.792307692307691,7.699999999999999,9643,3,38.8,193.0,21918.0,240.0,510,21841,287,356,50,435,28,126,21069,11076,11275,975,396,251,204,796,694,836,960,1435,2400,11488,1320,1348,2473,4139,731,3506,22351
0.0,0.0,65.3076923076923,3442.0,7514.0,8799.0,72.0,120.0,133.0,22.28571428557143,7.661538461538461,3.811538461538461,14392,73,39.6,262.0,32567.0,364.0,676,32517,343,350,11,584,59,127,31719,16613,16580,1518,905,646,731,1145,1155,1439,1438,1946,2609,17133,1382,1858,5364,4791,692,5289,33193
27.0,897.0,76.48780487804878,4669.0,9375.0,11247.0,73.0,109.0,131.0,22.064285714285717,10.246153846153844,8.303703703703704,16906,97,38.3,3436.0,34734.0,1634.0,9050,30754,1475,482,15,1689,87,2437,33619,19886,19918,1595,871,638,385,1166,1462,1465,1877,2201,3728,19860,2497,2632,3747,5865,3228,6303,39804
0.0,0.0,56.833333333333336,1494.0,3331.0,3971.0,20.0,42.0,46.0,21.71428571439285,6.753846153846154,3.3884615384615384,6435,0,42.9,113.0,14806.0,104.0,500,14523,58,72,0,223,86,101,14483,7551,7472,627,432,410,365,385,356,419,652,894,902,7852,730,528,2150,2212,411,2828,15023
0.0,0.0,73.0,1218.0,2460.0,2794.0,40.0,50.0,50.0,22.57142857082143,10.284615384615384,7.014814814814814,4542,5,42.5,52.0,10474.0,62.0,163,10425,44,47,0,85,28,22,10362,5359,5229,419,283,226,114,418,451,350,581,626,1004,5545,406,621,1266,1560,388,1764,10588
0.0,0.0,85.5,770.0,1715.0,2050.0,29.0,48.0,53.0,22.289285714214284,11.792307692307691,7.770370370370371,3552,0,47.1,2.0,8646.0,27.0,191,8484,0,28,36,181,111,5,8314,4545,4130,313,237,113,125,446,338,368,447,500,1101,4318,414,783,683,1481,237,1721,8675
0.0,0.0,75.625,902.0,1878.0,2173.0,28.0,48.0,52.0,22.57857142828572,11.323076923076922,8.148148148148149,3327,21,42.0,4.0,7709.0,48.0,178,7583,22,2,0,260,0,1,7476,3930,3831,450,223,49,86,273,336,295,317,492,722,3954,415,617,845,1292,328,1384,7761
0.0,0.0,80.0909090909091,971.0,2200.0,2566.0,36.0,52.0,59.0,22.289285713857144,12.023076923076925,7.44074074074074,4454,6,44.7,2.0,9954.0,60.0,403,9613,9,15,0,232,116,29,9615,5111,4905,503,243,92,176,373,296,494,511,529,1262,5059,761,822,954,1629,341,1878,10016
13.0,903.0,69.57142857142857,4279.0,9514.0,11155.0,93.0,131.0,139.0,22.071428571428573,9.830769230769231,7.703703703703703,19331,32,38.2,1519.0,39775.0,1409.0,7742,34961,379,1011,12,1649,109,1576,37967,21612,21091,1580,1116,905,548,1535,1632,1575,1607,2572,3473,22008,2411,2208,4783,7401,2028,7152,42703
0.0,0.0,77.0,1843.0,3407.0,3833.0,58.0,71.0,73.0,22.574999999821426,10.63076923076923,6.877777777777777,6320,13,41.8,211.0,13401.0,184.0,711,13085,114,245,4,203,29,167,13034,6923,6873,520,238,213,187,637,513,524,567,1147,1430,7281,403,857,1580,2155,412,2489,13796
0.0,0.0,80.0,684.0,1392.0,1547.0,15.0,22.0,23.0,22.571428571785717,15.80714285714286,23.517142857142854,2578,14,44.5,190.0,5726.0,100.0,499,5517,26,55,3,215,13,96,5608,2950,3066,198,160,93,74,183,326,260,474,361,535,3190,431,314,492,972,304,1177,6016
0.0,0.0,83.83333333333333,1791.0,3326.0,3796.0,19.0,46.0,54.0,22.49642857117857,14.7,7.433333333333333,6305,21,44.4,177.0,14886.0,142.0,554,14651,160,340,26,387,52,51,14189,7182,8023,508,216,268,109,603,673,599,794,801,1843,7449,725,981,1545,2650,511,3069,15205
0.0,0.0,77.8,1024.0,2027.0,2367.0,22.0,37.0,41.0,22.571428570892856,11.461538461538462,6.992592592592593,4194,7,42.5,96.0,8765.0,80.0,268,8673,13,134,0,292,32,31,8439,4435,4506,429,126,122,123,400,328,334,393,574,883,4815,369,650,1165,1117,259,1689,8941
0.0,0.0,58.0,3705.0,6304.0,7026.0,79.0,99.0,112.0,22.0321428575,6.707692307692308,3.1115384615384616,11701,21,40.5,629.0,24245.0,267.0,1353,23788,171,383,0,221,135,470,23761,12779,12362,1351,656,597,523,914,869,828,1135,1765,1660,13778,713,1219,2895,3827,701,4888,25141
0.0,0.0,84.125,811.0,1575.0,1907.0,19.0,27.0,31.0,22.78928571432143,12.292307692307691,14.996666666666666,2873,0,46.2,131.0,6515.0,79.0,273,6452,54,28,32,102,11,43,6455,3435,3290,322,97,87,85,352,263,277,371,461,812,3473,361,492,522,1035,350,1300,6725
1575.0,77259.0,58.506024096385545,52419.0,124161.0,145914.0,566.0,1066.0,1201.0,21.72142857114286,8.23076923076923,3.757692307692308,226242,608,35.7,24516.0,441309.0,19593.0,41226,444192,23235,33808,417,17358,1180,8538,400882,246180,239238,20703,13451,14339,12811,16574,16442,15024,20825,26971,33985,270986,28741,18225,102196,58460,20070,78402,485418
251.0,11143.0,68.6086956521739,9925.0,24138.0,27734.0,148.0,309.0,349.0,21.71071428535714,10.169230769230769,3.780769230769231,42137,62,39.6,2018.0,89790.0,1670.0,7470,86008,723,1561,11,2581,365,1564,86673,47397,46081,3582,2053,1964,1421,3444,3172,3080,4154,5237,8768,48642,5008,5548,10942,14278,4627,17332,93478
33.0,1237.0,67.8125,1488.0,3558.0,4579.0,30.0,60.0,65.0,22.571428571357146,10.538461538461538,7.514814814814815,7455,0,41.2,371.0,17908.0,112.0,604,17787,423,245,0,459,2,100,17162,9478,8913,725,326,342,529,661,727,750,673,982,2112,9871,498,1170,2434,2965,455,2387,18391
0.0,0.0,78.66666666666667,511.0,1127.0,1310.0,20.0,33.0,42.0,22.93571428557143,20.692857142857143,31.46,1797,0,44.3,48.0,4871.0,3.0,129,4793,38,5,0,62,10,99,4708,2522,2400,141,98,75,68,210,175,133,183,298,462,2240,362,342,454,792,86,819,4922
0.0,0.0,79.5,1199.0,2392.0,2832.0,18.0,32.0,42.0,22.789285714357145,10.907692307692308,3.838461538461538,4271,12,46.2,90.0,9529.0,92.0,337,9374,38,70,0,98,0,53,9452,4907,4804,345,208,220,152,377,544,414,491,629,964,5043,533,770,783,1543,275,2008,9711
441.0,18076.0,62.58778625954199,17247.0,40894.0,48359.0,215.0,377.0,439.0,21.717857143142854,10.4,4.338461538461538,76718,125,38.4,3647.0,165426.0,3865.0,12031,160907,4827,12765,21,7589,505,1509,145722,88125,84813,6856,4299,4299,4369,5869,5850,5530,6820,8929,14616,88612,9436,9247,30470,24238,4979,29814,172938
0.0,0.0,73.4,1185.0,2705.0,3120.0,34.0,50.0,56.0,22.282142857071427,8.192307692307692,6.803703703703703,5027,13,46.5,151.0,11283.0,110.0,353,11191,37,115,0,147,20,131,11094,5901,5643,488,320,279,283,544,514,341,461,705,1131,6132,411,911,1395,1586,355,2235,11544
0.0,0.0,55.16,4817.0,7975.0,8792.0,69.0,85.0,96.0,22.49999999978571,6.438461538461539,3.1115384615384616,15457,54,33.6,1319.0,33027.0,554.0,3805,31095,206,143,16,1035,92,787,32621,17314,17586,1360,744,631,623,700,1070,986,1521,2661,2083,19272,610,1041,5070,3977,1135,5207,34900
199.0,8356.0,53.51470588235294,9704.0,19671.0,22987.0,46.0,84.0,101.0,21.785714285678573,8.453846153846154,6.307407407407408,39298,126,26.8,7064.0,87903.0,2388.0,3487,93868,7825,2119,0,3208,145,1106,82952,46456,50899,3593,2552,2101,2037,2956,3038,2870,4017,4327,10506,54550,1940,2516,21510,5526,1104,11571,97355
0.0,0.0,75.7,2032.0,3840.0,4595.0,68.0,88.0,100.0,22.282142857464287,12.115384615384617,8.074074074074074,7252,22,41.7,462.0,16152.0,348.0,1790,15172,57,106,6,589,1354,130,14720,8610,8352,555,338,283,175,561,677,698,671,1021,1757,8591,870,1155,1305,2942,683,3200,16962
0.0,0.0,85.375,641.0,1317.0,1519.0,12.0,21.0,25.0,22.785714285857143,13.053846153846154,19.066666666666663,2713,10,43.6,167.0,5894.0,99.0,492,5668,9,1,0,178,9,155,5808,3087,3073,230,105,116,105,312,241,184,299,391,584,3162,190,473,461,938,275,1179,6160
0.0,0.0,81.0,1196.0,2712.0,3144.0,31.0,49.0,54.0,22.28571428535714,12.023076923076925,7.4111111111111105,4982,30,40.6,101.0,12094.0,108.0,378,11925,204,21,8,175,0,116,11779,6318,5985,399,262,212,110,525,437,428,489,722,1615,6138,484,739,1346,1743,653,2215,12303
0.0,0.0,86.55555555555556,538.0,1377.0,1681.0,18.0,26.0,28.0,22.7821428575,15.292307692307691,10.885714285714286,2507,46,45.6,28.0,6998.0,78.0,117,6987,34,21,0,110,0,25,6914,3460,3644,191,114,69,83,292,325,302,320,400,873,3269,365,737,535,1178,372,1326,7104
120.0,1978.0,83.97297297297297,4090.0,8926.0,10321.0,111.0,193.0,220.0,22.364285714642858,13.884615384615383,8.155555555555555,14820,22,39.6,1593.0,32319.0,1190.0,3844,31258,507,1298,303,1069,86,1322,30517,17629,17473,1129,613,519,235,1708,1511,1161,1600,1469,4459,17227,2799,2704,3546,5660,2235,6363,35102
0.0,0.0,48.61290322580645,5189.0,12436.0,14388.0,77.0,134.0,152.0,21.714285714035714,4.353846153846154,3.4269230769230767,23471,41,38.5,237.0,50066.0,564.0,1503,49364,388,301,141,1094,24,325,48594,25885,24982,2393,1689,1654,1193,1044,1243,1424,1847,3465,3368,27935,1813,2105,8752,6750,905,9156,50867
0.0,0.0,62.526315789473685,2396.0,5608.0,6732.0,48.0,76.0,88.0,21.78928571432143,7.784615384615384,3.369230769230769,9914,27,40.5,567.0,21136.0,397.0,1432,20668,97,147,6,436,45,579,20790,11169,10931,1013,504,326,283,935,927,772,1144,1496,1476,11881,820,1134,2652,3732,855,3570,22100
0.0,0.0,89.66666666666667,477.0,1263.0,1506.0,21.0,33.0,34.0,22.92857142892857,15.738461538461538,21.28181818181818,2405,25,41.8,31.0,6361.0,34.0,105,6321,5,12,0,178,31,35,6165,3293,3133,185,82,84,44,399,320,216,364,278,648,2858,503,642,440,1156,348,1009,6426
44.0,2988.0,80.1891891891892,4970.0,10310.0,11996.0,88.0,156.0,185.0,22.357142857357143,13.076923076923077,7.5,14976,81,39.3,699.0,35350.0,299.0,1978,34370,494,1567,5,1079,114,573,32516,17481,18867,1188,750,587,374,1786,1077,1470,1800,1929,4644,17622,1851,2558,3946,5502,1377,7013,36348
0.0,0.0,82.84615384615384,1310.0,2942.0,3433.0,31.0,45.0,47.0,22.574999999785717,11.069230769230767,7.614814814814815,4713,0,41.9,87.0,10241.0,146.0,520,9954,132,162,0,147,31,82,9920,5272,5202,407,251,159,75,500,561,297,465,696,1122,5657,396,684,1230,1422,298,1912,10474
0.0,0.0,56.68421052631579,1844.0,3795.0,4453.0,30.0,46.0,55.0,22.717857142785714,8.446153846153846,4.1923076923076925,8434,12,41.9,268.0,19681.0,141.0,463,19627,183,183,2,154,67,154,19347,10130,9960,697,568,351,349,745,643,790,976,1349,1797,11710,553,1260,2786,2836,144,3322,20090
379.0,14582.0,72.22857142857143,13925.0,28742.0,32721.0,215.0,329.0,356.0,21.78571428535714,13.323076923076922,7.162962962962962,47249,145,35.8,4505.0,93644.0,4538.0,17583,85104,2664,3860,413,5594,1872,2669,85615,51803,50884,4362,2204,1847,1561,3462,2909,3251,4092,6033,9802,54520,7493,5428,12216,14256,6492,17582,102687
0.0,0.0,78.77777777777777,668.0,1750.0,2028.0,8.0,14.0,17.0,22.64285714282143,15.921428571428573,7.988888888888888,3565,0,43.6,19.0,7366.0,37.0,226,7196,31,60,2,225,0,39,7065,3641,3781,275,179,175,128,344,308,289,287,570,644,4157,160,587,795,1274,192,1512,7422
0.0,0.0,86.6923076923077,1748.0,3608.0,4009.0,31.0,62.0,70.0,22.57142857164286,11.923076923076923,7.655555555555555,5000,0,42.3,342.0,12157.0,145.0,1584,11060,12,19,0,402,2,380,11829,6347,6297,412,270,167,115,763,537,491,752,647,1428,5848,519,1157,1104,1961,435,2479,12644
0.0,0.0,89.53846153846153,1163.0,3951.0,5021.0,17.0,46.0,53.0,22.710714285714285,16.476923076923075,8.11111111111111,5426,2,42.0,195.0,12132.0,176.0,466,12037,120,77,133,501,68,0,11604,6395,6108,264,175,128,63,602,443,653,478,716,1603,6079,530,970,996,2137,428,2388,12503
0.0,0.0,81.57142857142857,820.0,2106.0,2540.0,19.0,27.0,29.0,22.142857142857142,11.623076923076924,11.228571428571428,2865,17,39.7,33.0,7804.0,40.0,172,7705,3,46,0,185,56,0,7587,3980,3897,303,102,90,107,232,143,251,473,367,1086,3557,506,688,770,1333,371,1131,7877
0.0,0.0,80.2,1536.0,4260.0,4949.0,13.0,33.0,34.0,22.064285714642857,12.36923076923077,8.77037037037037,6839,0,37.1,81.0,15922.0,207.0,499,15711,69,495,0,1003,59,153,14431,8371,7839,598,310,141,143,668,694,435,589,824,1637,8130,615,1286,1468,2990,457,2490,16210
0.0,0.0,90.2,368.0,1038.0,1211.0,7.0,8.0,8.0,22.932142857357142,17.135714285714286,33.13488372093023,1988,0,43.1,42.0,4433.0,18.0,253,4240,28,22,0,77,69,8,4289,2175,2318,149,108,67,58,212,220,145,231,201,540,2196,92,357,363,729,177,850,4493
29.0,1158.0,83.5909090909091,2579.0,6480.0,7553.0,48.0,86.0,96.0,22.496428571071423,15.13846153846154,7.0851851851851855,11689,51,39.5,972.0,24673.0,564.0,3947,22262,83,293,83,1117,281,542,23810,13485,12724,763,490,441,216,1209,1144,924,1089,1250,3102,13304,755,1800,2594,3590,1484,5048,26209
0.0,0.0,87.21428571428571,1293.0,4380.0,5438.0,24.0,46.0,52.0,22.1357142855,14.9,7.818518518518518,5613,14,39.7,93.0,14382.0,64.0,405,14134,47,428,0,622,18,139,13285,7398,7141,500,83,165,68,551,599,492,699,811,1953,6712,750,1076,1424,2132,610,2572,14539
0.0,0.0,86.6,1220.0,2680.0,3115.0,37.0,47.0,46.0,22.285714285214286,13.407692307692308,7.251851851851852,3790,12,41.7,30.0,9526.0,19.0,482,9093,20,71,4,369,919,34,8158,4935,4640,273,140,123,72,630,344,332,447,512,884,4652,539,790,928,1664,300,1718,9575
78.0,2834.0,62.09803921568628,7255.0,18864.0,22135.0,85.0,166.0,184.0,21.710714286214284,7.653846153846154,4.623076923076924,27812,99,38.7,993.0,65046.0,851.0,3376,63514,814,1659,21,2179,526,370,61321,33198,33692,2844,1961,1417,1030,2457,1940,1865,2458,3840,5021,32327,2630,3654,11200,8491,2183,12028,66890
0.0,0.0,84.0,248.0,673.0,785.0,3.0,7.0,7.0,22.575000000035715,24.605555555555554,31.34,943,0,45.2,38.0,2539.0,27.0,134,2470,4,34,0,73,20,29,2444,1276,1328,115,24,8,32,101,128,135,97,123,319,1200,143,250,277,361,61,492,2604
0.0,0.0,97.0,261.0,839.0,981.0,6.0,17.0,17.0,22.64642857142857,21.32857142857143,31.336585365853654,1162,0,47.4,24.0,3247.0,9.0,135,3145,11,38,0,227,139,8,2857,1545,1735,43,18,26,40,210,156,115,158,148,504,1422,208,419,254,495,174,668,3280
36.0,386.0,91.95238095238096,2374.0,6134.0,7257.0,49.0,84.0,84.0,22.289285714285715,14.238461538461538,8.185185185185185,7953,3,42.1,117.0,19864.0,36.0,562,19455,35,63,105,1367,404,46,17997,10250,9767,520,226,220,81,1166,696,673,722,997,2653,8966,1062,1828,2074,3134,1020,3663,20017
0.0,0.0,90.0,356.0,660.0,724.0,13.0,14.0,14.0,22.928571428857143,26.56875,23.808000000000003,991,2,46.1,79.0,2538.0,22.0,183,2456,0,0,0,22,17,78,2522,1320,1319,111,24,32,49,139,117,108,148,93,442,1279,67,202,303,361,95,437,2639
0.0,0.0,89.0,244.0,493.0,568.0,7.0,7.0,8.0,24.758620689344827,28.48333333333333,19.756,741,5,47.7,23.0,1957.0,26.0,73,1933,37,13,0,94,6,9,1847,957,1049,58,23,45,27,45,151,82,101,134,224,988,47,164,331,162,57,414,2006
0.0,0.0,79.0,806.0,1967.0,2415.0,28.0,33.0,35.0,22.43214285707143,10.046153846153846,10.564285714285717,3522,19,44.1,59.0,7922.0,49.0,213,7817,46,81,0,92,80,0,7731,4011,4019,197,123,155,116,571,310,306,569,385,1009,3915,239,880,1305,1084,188,1132,8030
0.0,0.0,89.4,969.0,2212.0,2608.0,26.0,36.0,36.0,22.567857143,12.73076923076923,6.848148148148148,3902,0,39.8,78.0,8702.0,51.0,298,8533,8,144,6,190,29,43,8411,4400,4431,239,120,94,53,507,449,308,542,427,902,4452,335,770,1005,1167,136,1752,8831
0.0,0.0,72.125,714.0,2408.0,2785.0,21.0,39.0,42.0,22.21785714242857,9.538461538461538,5.246153846153846,3551,1,44.9,19.0,8145.0,54.0,238,7980,48,78,0,207,16,9,7860,4059,4159,447,261,187,127,377,251,322,310,467,899,4199,299,536,1030,1125,228,1726,8218
0.0,0.0,91.0,159.0,441.0,543.0,9.0,15.0,16.0,24.06551724148276,21.110526315789475,17.584,786,0,50.7,9.0,1743.0,7.0,83,1676,0,4,0,47,0,9,1699,889,870,48,28,28,12,81,101,65,103,116,236,952,2,145,172,302,13,325,1759
44.0,458.0,84.25,3864.0,10074.0,12291.0,104.0,147.0,152.0,22.071428571250003,12.346153846153848,7.677777777777778,14111,63,38.7,533.0,33877.0,680.0,3904,31186,651,986,44,2060,551,432,30366,17484,17606,1070,655,366,298,1376,1516,1398,1300,1934,3887,16391,1718,2473,3538,4747,1580,6882,35090
76.0,3280.0,86.0,4559.0,11844.0,14793.0,75.0,124.0,128.0,22.078571428607145,16.43076923076923,7.692592592592592,17327,45,33.6,607.0,37652.0,615.0,2302,36572,750,851,0,1363,159,201,35550,19278,19596,1179,533,330,376,1704,1670,1179,1163,1808,5661,19954,2148,2718,5504,5075,1136,5890,38874
0.0,0.0,94.0,262.0,613.0,776.0,12.0,19.0,20.0,22.9285714285,25.0625,27.352,1035,0,50.6,38.0,2769.0,19.0,92,2734,12,10,0,24,15,0,2765,1415,1411,70,84,13,25,188,103,160,162,134,475,1396,77,203,295,485,76,468,2826
0.0,0.0,77.3125,1699.0,4787.0,5803.0,42.0,73.0,78.0,22.571428571285715,10.607692307692307,7.933333333333333,7974,8,41.5,158.0,18272.0,184.0,914,17700,145,219,0,475,98,105,17572,9284,9330,655,320,239,308,781,731,671,1025,998,2205,9468,722,1254,2293,2773,691,3602,18614
0.0,0.0,83.33333333333333,954.0,2431.0,2803.0,22.0,32.0,34.0,21.7857142855,10.36923076923077,8.496296296296295,3393,11,41.8,57.0,7533.0,26.0,216,7400,11,381,7,160,44,10,7003,3752,3864,258,164,95,84,350,159,229,318,391,955,3929,252,622,679,1157,220,1500,7616
136.0,5207.0,53.23880597014925,8533.0,24786.0,33273.0,79.0,131.0,136.0,21.78214285760714,9.03076923076923,7.125925925925926,56362,198,30.2,5258.0,112900.0,3146.0,7762,113542,6426,5231,35,6982,2550,1664,98416,61062,60242,4645,2479,3346,3014,4072,4187,3536,4929,5884,11880,71513,3087,3050,29128,9574,2393,14968,121304
0.0,0.0,93.0,256.0,560.0,667.0,12.0,13.0,13.0,22.782142857857146,26.064705882352943,28.106,1177,1,44.9,161.0,2575.0,86.0,584,2238,27,11,0,93,18,51,2622,1408,1414,69,26,19,42,186,153,138,175,174,303,1444,189,192,321,361,177,625,2822
0.0,0.0,97.0,179.0,569.0,678.0,5.0,8.0,10.0,22.5,30.15,32.89574468085106,853,0,52.3,8.0,2487.0,7.0,113,2389,11,2,0,105,40,21,2323,1264,1238,111,27,12,24,156,101,75,137,128,379,1008,133,247,161,464,125,425,2502
144.0,4316.0,61.92,3698.0,7126.0,8301.0,73.0,80.0,81.0,22.349999999535715,9.892307692307693,6.425925925925926,14560,0,33.2,424.0,27805.0,518.0,1718,27029,482,377,65,854,61,207,26701,14556,14191,1005,896,467,334,1211,873,795,1162,1796,3147,16691,678,1154,5517,2738,637,4402,28747
0.0,0.0,77.6,1211.0,2012.0,2406.0,25.0,31.0,32.0,22.567857142714285,21.15625,19.236363636363635,2428,8,43.6,85.0,6062.0,29.0,393,5783,68,179,0,235,65,18,5611,2645,3531,236,198,100,22,261,187,301,183,328,574,2763,167,357,826,956,281,1160,6176
100.0,2888.0,67.41379310344827,5961.0,11247.0,12874.0,72.0,106.0,112.0,22.3571428575,11.16153846153846,7.155555555555555,17174,154,31.7,4487.0,28696.0,3268.0,18275,18176,1473,1246,0,3055,193,1892,28592,17613,18838,1430,700,511,285,980,1570,1153,1311,2059,2495,19308,2169,2113,3033,4021,5057,5453,36451
89.0,1531.0,75.51851851851852,5612.0,10591.0,11997.0,71.0,108.0,113.0,22.353571428214284,11.207692307692309,3.380769230769231,15764,18,32.5,6074.0,25584.0,2060.0,18621,15097,424,694,26,2814,161,1811,27788,16150,17568,872,460,606,369,1494,1181,903,1365,1526,2461,17511,1161,1838,2641,4267,4528,5101,33718
36.0,1149.0,69.4090909090909,2470.0,6903.0,8047.0,37.0,77.0,81.0,21.82499999975,8.623076923076924,5.057692307692308,11423,0,40.0,235.0,25141.0,267.0,1118,24525,95,168,7,1018,83,485,23787,12717,12926,835,590,321,235,804,1434,770,1239,1522,2440,13218,1177,2164,2605,4477,985,4794,25643
49.0,769.0,73.48275862068965,3096.0,9187.0,11203.0,38.0,73.0,75.0,22.214285713892856,12.146153846153847,8.670370370370371,15653,51,26.6,918.0,30756.0,1635.0,5560,27749,905,6230,298,2902,273,1082,21619,15500,17809,844,513,574,71,1427,1413,1444,1784,1564,3232,17430,1350,1371,3668,3115,680,7709,33309
0.0,0.0,82.0,385.0,785.0,918.0,22.0,23.0,23.0,22.92500000032143,25.66470588235294,22.29,994,3,44.7,10.0,2621.0,19.0,58,2592,10,20,0,83,0,9,2528,1300,1350,128,38,81,32,131,127,119,150,146,308,1316,66,304,241,458,48,477,2650
0.0,0.0,93.0,251.0,565.0,746.0,7.0,13.0,15.0,22.932142857107145,26.677777777777777,25.54,972,0,49.3,7.0,2444.0,13.0,82,2382,11,126,0,85,0,0,2242,1310,1154,53,52,20,14,179,166,116,128,98,426,1229,43,259,333,294,69,395,2464
26.0,178.0,72.0,964.0,2198.0,2748.0,18.0,34.0,36.0,22.64642857107143,12.076923076923077,15.27,2836,0,32.5,841.0,6170.0,313.0,3520,3804,80,3,0,158,10,98,6975,3507,3817,256,164,207,114,247,149,264,132,414,614,3408,224,388,708,809,713,1174,7324
0.0,0.0,65.5,600.0,1230.0,1384.0,14.0,23.0,23.0,22.77857142857143,12.857142857142858,34.85454545454545,2973,0,36.1,474.0,5415.0,131.0,969,5051,23,44,19,178,14,18,5724,2972,3048,377,102,108,97,208,140,197,323,292,306,3365,49,338,676,659,573,933,6020
0.0,0.0,79.0,102.0,333.0,390.0,1.0,3.0,3.0,30.15806451612903,21.93,12.36122448979592,473,0,40.3,50.0,1040.0,66.0,269,887,0,0,0,43,21,147,945,622,534,30,14,12,13,24,58,71,85,46,138,579,67,52,124,127,80,167,1156
0.0,0.0,92.0,557.0,1780.0,2140.0,13.0,22.0,23.0,22.285714285714285,15.392307692307694,12.60689655172414,2609,3,48.6,20.0,5958.0,32.0,240,5770,23,12,0,227,21,33,5694,2938,3072,227,102,112,57,382,239,200,241,260,875,2967,392,678,561,945,236,1122,6010
0.0,0.0,92.0,201.0,462.0,544.0,1.0,3.0,3.0,22.853571428214284,23.4,21.872,970,55,36.2,435.0,2031.0,86.0,944,1608,0,51,0,41,0,209,2251,1205,1347,25,45,33,1,121,123,123,75,83,189,1187,99,171,246,488,350,240,2552
0.0,0.0,90.33333333333331,600.0,1647.0,1887.0,20.0,25.0,27.0,22.503571428214286,15.761538461538462,17.703125,2008,0,42.5,98.0,5400.0,8.0,342,5164,25,10,17,105,83,70,5196,2731,2775,132,62,51,87,284,271,293,278,263,646,2421,376,410,361,925,262,1011,5506
99.0,2443.0,72.39285714285714,3457.0,9543.0,11583.0,63.0,119.0,123.0,21.714285714321427,8.0,4.103846153846154,14905,34,39.2,808.0,33146.0,480.0,4199,30235,247,547,77,1701,83,652,31127,17317,17117,1056,812,650,346,1249,1394,1315,2001,1717,2856,17944,1059,2039,5445,3248,1406,6029,34434
0.0,0.0,83.0,410.0,961.0,1104.0,9.0,11.0,11.0,22.789285714285715,24.66875,30.702040816326534,1717,27,36.9,492.0,3130.0,368.0,1236,2754,5,1,0,246,38,393,3307,2039,1951,142,51,60,96,142,226,199,122,93,270,1953,95,141,317,434,612,633,3990
0.0,0.0,82.0,206.0,409.0,491.0,8.0,10.0,10.0,22.782142857107143,17.86842105263158,17.414285714285715,844,2,48.7,50.0,1809.0,13.0,175,1697,0,2,0,49,6,4,1811,945,927,105,62,26,7,97,70,49,83,121,170,1013,26,125,318,135,113,338,1872
0.0,0.0,69.18181818181819,1343.0,3874.0,4570.0,16.0,27.0,29.0,21.789285714357145,8.73076923076923,7.407407407407407,5659,34,40.9,80.0,13057.0,112.0,667,12582,45,19,14,569,1085,84,11433,6639,6610,441,300,232,173,420,515,582,706,839,1221,6520,475,888,1267,2520,304,2226,13249
0.0,0.0,59.23076923076923,1627.0,4743.0,5611.0,32.0,60.0,61.0,21.789285714250003,6.815384615384615,4.496153846153846,8881,18,43.9,68.0,18853.0,53.0,550,18424,3,129,0,486,136,71,18149,9414,9560,843,478,583,282,613,584,747,836,1299,1354,10000,375,894,2717,3370,427,3230,18974
0.0,0.0,97.0,201.0,785.0,936.0,4.0,13.0,13.0,22.928571428785716,26.875,29.07,1074,2,52.8,36.0,2809.0,9.0,69,2785,5,11,6,89,19,19,2705,1404,1450,82,17,30,29,171,131,73,127,175,551,1247,129,350,267,419,78,522,2854
1307.0,57011.0,35.72272727272728,55084.0,144548.0,174328.0,756.0,1182.0,1199.0,21.56428571460714,3.9538461538461536,3.773076923076923,281270,761,37.8,26484.0,544016.0,27074.0,46561,551013,31326,28193,228,22147,1612,8122,505946,304249,293325,27000,20401,25821,32448,14822,15385,14691,22684,33985,26362,339141,8825,10382,184482,38794,12003,82724,597574
0.0,0.0,88.0,561.0,1235.0,1365.0,11.0,20.0,20.0,22.710714285714285,15.75,34.04081632653061,1520,82,35.5,263.0,3432.0,168.0,1224,2639,9,114,0,35,1,207,3497,2059,1804,108,40,89,18,206,191,115,78,121,304,1767,219,208,316,562,412,346,3863
0.0,0.0,82.71428571428571,729.0,1951.0,2266.0,15.0,26.0,28.0,22.00000000053572,11.292307692307691,9.917857142857144,3268,0,45.6,63.0,7085.0,25.0,265,6908,11,40,0,191,4,16,6911,3591,3582,376,137,91,179,371,328,319,322,468,662,3710,191,667,889,1105,174,1362,7173
0.0,0.0,74.0,266.0,668.0,755.0,5.0,7.0,7.0,22.78214285714285,24.48333333333333,25.376,1009,1,41.3,11.0,2441.0,31.0,150,2333,26,19,0,67,23,48,2300,1275,1208,56,38,25,22,93,115,97,147,142,240,1208,89,217,270,289,124,373,2483
56.0,1348.0,89.77777777777777,2625.0,6600.0,7771.0,48.0,72.0,74.0,22.50000000014285,15.53076923076923,8.422222222222222,8534,4,41.2,42.0,19765.0,131.0,945,18993,26,904,0,1044,169,170,17625,10080,9858,542,354,110,197,955,795,876,857,992,2592,9825,729,1639,2181,2829,1093,3802,19938
0.0,0.0,93.0,124.0,295.0,366.0,7.0,11.0,12.0,23.65517241375862,21.46315789473684,19.314,663,0,44.4,18.0,1458.0,47.0,158,1365,24,0,3,7,13,43,1433,757,766,66,24,7,29,87,55,28,81,98,262,815,12,88,142,247,39,316,1523
52.0,1041.0,54.892857142857146,6895.0,19260.0,23665.0,83.0,174.0,183.0,21.571428571464285,6.238461538461538,4.85,32812,0,37.9,1028.0,79200.0,1271.0,5806,75693,1199,7104,69,4311,600,1760,66456,37955,43544,3228,2370,2319,1540,2233,2080,1884,2795,4616,4580,39517,2795,2882,15235,11745,2944,13619,81499
0.0,0.0,91.0,256.0,621.0,725.0,4.0,10.0,10.0,25.17241379351724,25.57058823529412,33.00833333333333,1187,0,45.9,4.0,3008.0,1.0,66,2947,0,8,0,121,1,0,2883,1487,1526,102,65,26,17,184,181,133,65,189,343,1489,73,329,344,343,56,651,3013
0.0,0.0,81.8,759.0,2812.0,3384.0,8.0,26.0,28.0,21.578571428392856,10.36923076923077,9.485185185185186,3742,12,44.5,4.0,9607.0,76.0,278,9409,170,46,37,132,18,16,9268,4786,4901,384,219,110,195,312,554,299,414,598,1424,4493,440,1433,925,1737,416,1693,9687
0.0,0.0,86.0,293.0,840.0,1008.0,6.0,12.0,13.0,22.93214285717857,26.522222222222226,25.11,1189,40,39.7,44.0,2728.0,17.0,170,2619,0,2,8,66,40,25,2648,1359,1430,60,64,46,42,139,73,129,115,131,345,1420,180,148,277,340,105,614,2789
0.0,0.0,79.16666666666667,4131.0,9941.0,11754.0,82.0,115.0,120.0,22.22142857142857,10.992307692307692,7.229629629629629,15215,97,33.8,2236.0,29927.0,1074.0,7149,26088,767,727,0,2110,145,609,28879,17140,16097,899,437,446,322,1435,1136,1010,1663,2018,4195,18335,1124,1686,4090,4385,1839,4562,33237
52.0,995.0,64.69565217391305,3151.0,7770.0,9312.0,84.0,124.0,126.0,22.353571428571428,8.069230769230769,3.6115384615384616,13110,1,40.7,330.0,27952.0,275.0,1241,27316,214,443,0,701,91,22,27086,14512,14045,1099,700,585,520,1551,1201,936,1625,1705,2557,15100,383,1704,4331,3275,984,5246,28557
0.0,0.0,85.0,1037.0,3314.0,3931.0,24.0,39.0,43.0,22.285714285607146,9.323076923076924,7.15925925925926,4761,4,44.8,49.0,11759.0,57.0,450,11415,72,128,0,340,39,32,11254,5892,5973,432,133,92,100,458,660,478,605,626,1254,5883,203,890,1517,1462,487,1943,11865
0.0,0.0,81.22222222222223,1073.0,2543.0,2919.0,23.0,41.0,42.0,22.43214285703572,9.953846153846154,6.65925925925926,4236,8,42.8,32.0,9623.0,58.0,251,9462,40,37,19,298,7,46,9266,4869,4844,307,193,122,123,563,381,410,486,545,998,5111,401,843,1006,1717,346,1577,9713
0.0,0.0,79.0,497.0,1218.0,1347.0,10.0,19.0,20.0,22.7821428575,24.25625,32.547916666666666,1799,15,37.3,289.0,3665.0,166.0,908,3212,36,38,0,228,2,428,3388,2055,2065,90,118,42,72,183,157,224,189,289,351,2079,152,258,399,431,390,712,4120
18.0,515.0,52.516129032258064,2650.0,7699.0,9377.0,42.0,87.0,93.0,21.574999999964287,5.800000000000001,4.4,14757,0,42.9,183.0,33349.0,208.0,1118,32622,188,372,0,688,353,376,31763,16782,16958,1386,1243,864,831,1080,637,857,1576,2288,2238,16968,1098,2124,5590,5075,605,5888,33740
0.0,0.0,87.0,565.0,1422.0,1735.0,19.0,19.0,22.0,22.721428571642857,16.25,22.43235294117647,2399,3,43.1,6.0,5988.0,59.0,154,5899,19,35,0,85,44,9,5861,2954,3099,71,66,96,67,376,329,362,228,332,666,2892,103,367,691,681,138,1155,6053
47.0,1148.0,86.46666666666667,3344.0,9395.0,10789.0,72.0,141.0,154.0,22.35714285682143,15.407692307692308,8.662962962962963,12854,15,40.3,285.0,31577.0,252.0,2231,29883,192,1692,34,1762,1088,593,26753,16083,16031,898,386,413,349,1516,1267,1321,1574,1359,4684,14848,2150,2614,3284,4467,1500,6401,32114
0.0,0.0,83.5,573.0,1497.0,1740.0,21.0,27.0,28.0,22.571428571428573,15.742857142857144,18.928125,2479,3,46.7,82.0,5409.0,60.0,297,5254,42,8,0,155,12,8,5326,2753,2798,248,104,55,101,264,193,165,306,270,638,2892,117,364,743,853,215,906,5551
26.0,138.0,89.0,255.0,622.0,712.0,9.0,11.0,11.0,22.860714285357144,26.794117647058822,27.23,989,16,39.8,149.0,2391.0,116.0,629,2027,57,2,0,243,5,9,2340,1388,1268,61,65,32,21,85,118,84,86,101,383,1189,79,158,161,464,205,468,2656
0.0,0.0,66.55555555555556,1483.0,3230.0,3742.0,55.0,60.0,60.0,22.35357142867857,8.3,3.215384615384615,4539,6,40.7,21.0,10026.0,62.0,220,9889,18,57,0,189,65,35,9745,4958,5151,382,246,260,129,337,401,240,489,560,1025,5195,229,643,1385,1479,170,1596,10109
0.0,0.0,87.52941176470588,1766.0,5127.0,6011.0,28.0,62.0,66.0,22.56785714296429,15.153846153846152,8.685185185185185,6547,39,40.5,353.0,15609.0,46.0,948,15060,12,221,0,520,80,40,15135,8238,7770,402,263,211,98,645,607,417,1052,760,2007,7377,701,1397,1586,2391,442,3135,16008
0.0,0.0,88.0,367.0,779.0,883.0,15.0,18.0,18.0,22.93571428560714,27.18947368421053,25.96,1178,0,49.7,105.0,2681.0,52.0,308,2530,7,10,0,30,3,172,2616,1423,1415,145,41,67,32,114,148,148,103,170,292,1445,13,238,304,366,116,526,2838
0.0,0.0,90.0,1214.0,2145.0,2425.0,27.0,37.0,37.0,22.717857142785714,17.70714285714286,33.16590909090909,1939,9,41.9,82.0,5299.0,35.0,285,5131,35,178,0,101,45,83,4974,2460,2956,114,155,38,58,287,284,158,200,178,393,2341,239,212,470,818,357,1219,5416
0.0,0.0,74.06666666666666,1196.0,3889.0,4736.0,24.0,44.0,49.0,21.78928571475,8.892307692307693,8.507407407407406,6704,8,43.6,63.0,15693.0,99.0,543,15312,38,98,1,521,24,42,15131,7914,7941,692,213,208,165,695,550,542,809,1131,1619,7906,691,1050,1694,2705,631,2843,15855
0.0,0.0,92.0,297.0,791.0,1000.0,11.0,16.0,17.0,22.9285714285,26.06875,32.63913043478261,1478,0,46.5,8.0,3454.0,32.0,79,3415,4,30,0,89,7,34,3330,1752,1742,123,62,93,26,221,104,153,201,192,512,1783,154,395,401,477,54,735,3494
0.0,0.0,74.66666666666667,548.0,1193.0,1429.0,13.0,16.0,17.0,22.64285714314286,16.178571428571427,19.615625,2530,0,42.8,27.0,5729.0,20.0,170,5606,47,38,0,88,59,0,5544,2797,2979,233,130,111,88,231,293,207,257,392,491,2986,182,508,653,989,149,1100,5776
0.0,0.0,90.33333333333331,1142.0,2119.0,2556.0,14.0,23.0,24.0,22.578571428392856,26.1375,15.725806451612904,2504,10,46.2,41.0,6472.0,26.0,505,6034,15,370,0,123,62,123,5846,2907,3632,134,69,131,19,278,277,161,281,372,725,2911,126,516,639,1247,349,1329,6539
0.0,0.0,87.42857142857143,707.0,1357.0,1667.0,23.0,29.0,30.0,22.710714285821428,15.935714285714283,31.705,2426,5,44.2,31.0,5221.0,45.0,183,5114,47,63,11,78,22,3,5073,2638,2659,176,89,58,47,265,259,314,360,242,596,2732,291,346,694,665,116,1033,5297
0.0,0.0,56.588235294117645,1778.0,5713.0,6964.0,29.0,55.0,55.0,22.007142857,7.0,3.630769230769231,10273,18,35.4,276.0,23745.0,182.0,1260,22943,165,406,0,703,161,65,22703,12157,12046,1008,553,721,366,503,915,509,1196,1409,1703,11640,671,867,4503,3069,482,3857,24203
35.0,1312.0,76.625,808.0,1925.0,2233.0,25.0,30.0,30.0,22.710714286,11.515384615384615,7.033333333333333,3864,10,39.0,108.0,9128.0,88.0,662,8662,18,173,0,387,25,18,8703,4657,4667,270,115,132,211,306,414,362,411,531,981,4627,184,575,1339,971,323,1594,9324
0.0,0.0,81.0,346.0,677.0,762.0,8.0,9.0,9.0,25.06206896551724,26.522222222222226,22.928,1099,9,48.0,43.0,2426.0,21.0,187,2303,3,14,0,36,31,89,2317,1193,1297,86,82,67,20,80,88,84,115,187,360,1357,108,157,290,286,58,568,2490
182.0,4474.0,81.69090909090909,8320.0,18478.0,22234.0,139.0,219.0,228.0,22.074999999714287,11.169230769230769,7.2555555555555555,25989,176,40.9,998.0,60872.0,551.0,6034,56387,330,1596,75,2939,628,630,56223,31066,31355,1935,1028,692,774,2934,2675,2428,2688,3415,6401,30281,2484,3608,6267,8516,3079,12877,62421
0.0,0.0,91.42857142857144,676.0,1345.0,1537.0,14.0,14.0,16.0,22.932142857357142,25.0875,31.65952380952381,1962,1,49.5,26.0,4551.0,30.0,97,4510,16,44,0,43,21,19,4464,2337,2270,146,45,74,48,297,204,175,312,301,574,2250,217,493,649,547,74,819,4607
0.0,0.0,88.75,1061.0,2601.0,3036.0,12.0,22.0,23.0,22.560714286107142,12.846153846153848,7.31111111111111,4154,1,39.1,270.0,9099.0,163.0,1099,8433,71,188,29,374,46,213,8611,4705,4827,292,190,123,54,423,479,379,369,545,1085,4940,393,699,898,1286,243,1938,9532
107.0,3972.0,56.26923076923077,6148.0,13420.0,16092.0,39.0,79.0,81.0,22.07499999992857,11.053846153846155,6.618518518518518,33700,79,25.4,3615.0,68627.0,1817.0,6188,67871,3770,4637,151,3688,276,951,60586,34964,39095,1884,1478,1289,1222,2710,3039,2261,2962,2607,7426,44859,2869,1702,14627,4628,1184,10334,74059
0.0,0.0,88.2,647.0,1364.0,1580.0,12.0,20.0,20.0,22.78571428557143,21.28,28.95675675675676,2030,13,44.4,6.0,4948.0,31.0,129,4856,11,93,8,92,3,26,4752,2581,2404,155,111,67,29,220,301,226,269,269,520,2390,193,349,570,606,256,976,4985
0.0,0.0,93.0,427.0,808.0,920.0,14.0,18.0,18.0,22.78928571475,26.25625,34.164,1270,0,46.8,4.0,2928.0,21.0,90,2863,24,8,0,159,0,10,2752,1452,1501,54,48,24,26,142,138,148,169,221,478,1559,70,221,312,376,87,605,2953
0.0,0.0,83.0,846.0,1872.0,2132.0,27.0,36.0,37.0,22.571428571285715,14.553846153846154,11.762068965517242,2840,2,45.3,38.0,6812.0,46.0,255,6641,0,125,0,301,55,60,6355,3507,3389,150,51,57,109,420,267,474,263,428,786,3332,276,464,861,835,188,1351,6896
223.0,7974.0,74.25581395348837,6011.0,14091.0,16697.0,133.0,230.0,239.0,22.35714285682143,11.738461538461538,7.377777777777777,24330,0,39.1,1326.0,51711.0,1347.0,6288,48096,1097,1567,13,3001,175,1067,47464,27292,27092,2030,903,863,657,2803,1907,2072,2445,2618,5953,28729,2388,3099,8112,7549,2265,9609,54384
0.0,0.0,72.0,570.0,1277.0,1554.0,23.0,34.0,34.0,22.57499999964286,21.78125,34.287234042553195,2195,60,39.7,339.0,4415.0,139.0,903,3990,77,0,2,123,3,209,4479,2388,2505,201,118,60,62,297,160,96,200,326,542,2535,158,422,631,545,418,713,4893
1511.0,70257.0,72.09701492537313,54195.0,144518.0,168057.0,717.0,1255.0,1360.0,21.71428571392857,10.83846153846154,8.374074074074075,229376,591,35.5,23684.0,472117.0,19615.0,76702,438714,22161,43196,320,32018,4640,20357,392724,260861,254555,17568,11708,10817,9061,21138,17757,15953,21068,25678,48572,265917,29096,22308,83384,64894,26764,85485,515416
71.0,2512.0,79.88235294117646,3859.0,6918.0,7955.0,34.0,59.0,59.0,22.439285714285717,12.423076923076923,7.270370370370371,9710,62,29.9,4288.0,15360.0,2254.0,13607,8295,568,898,38,2186,179,5451,12582,10395,11507,426,404,231,133,754,1020,703,889,744,1879,10929,1097,1240,1133,3170,3286,3101,21902
702.0,28260.0,75.76086956521739,16544.0,47962.0,59351.0,343.0,567.0,612.0,21.782142857,11.246153846153844,7.622222222222223,76374,159,39.4,4072.0,170290.0,2931.0,22414,154879,2389,14608,58,9225,1441,6279,143293,91675,85618,7071,3540,3495,2890,7192,7476,5760,8482,10344,16712,88724,6904,11965,28870,24994,6725,28062,177293
0.0,0.0,74.0,428.0,786.0,896.0,12.0,18.0,18.0,24.586206896931035,25.438888888888886,21.474,1062,5,43.6,49.0,2442.0,24.0,138,2377,0,21,0,23,15,39,2417,1239,1276,129,36,41,100,108,86,74,108,142,256,1438,38,164,259,408,14,547,2515
0.0,0.0,79.33333333333333,625.0,1500.0,1779.0,11.0,19.0,20.0,22.71428571439285,13.915384615384616,26.11388888888889,2261,1,39.7,68.0,5725.0,111.0,718,5186,75,57,0,137,30,330,5275,2917,2987,131,110,197,135,246,228,365,320,306,531,3257,318,211,530,628,279,1465,5904
0.0,0.0,92.5,267.0,644.0,816.0,2.0,8.0,7.0,22.92500000017857,22.9,33.55625,1475,2,51.4,22.0,3566.0,6.0,89,3505,28,10,0,87,15,2,3452,1810,1784,125,60,35,56,221,199,125,132,194,517,1748,96,257,412,515,93,658,3594
0.0,0.0,90.0,335.0,1134.0,1367.0,9.0,26.0,26.0,22.785714286214283,18.764285714285712,35.38478260869565,1754,0,44.2,147.0,3892.0,86.0,548,3577,4,4,0,127,50,42,3898,1979,2146,150,65,49,69,175,176,154,173,245,502,2090,52,359,515,503,150,794,4125
0.0,0.0,90.0,184.0,430.0,517.0,7.0,8.0,8.0,22.925,27.410526315789472,17.120408163265306,731,0,36.9,149.0,1769.0,112.0,741,1289,0,0,0,109,4,45,1872,996,1034,58,27,62,30,34,47,138,95,78,281,918,138,166,191,346,164,284,2030
0.0,0.0,80.0,547.0,1458.0,1832.0,9.0,18.0,20.0,22.564285715,16.992857142857144,30.892682926829263,2099,0,35.4,380.0,4898.0,220.0,2021,3477,0,34,0,558,2,435,4469,2651,2847,212,31,87,27,288,100,143,182,333,367,2552,551,435,274,615,547,1066,5498
0.0,0.0,80.91666666666667,2082.0,5637.0,6561.0,50.0,66.0,70.0,21.717857142928573,10.238461538461538,8.225925925925926,9313,25,42.1,137.0,22645.0,146.0,1282,21646,120,170,0,744,281,182,21431,11331,11597,796,474,544,176,1028,912,638,1191,1197,2506,10854,1090,1332,2825,3706,700,4032,22928
0.0,0.0,69.57142857142857,1094.0,2373.0,2946.0,17.0,27.0,28.0,22.714285714357143,15.042857142857144,11.893103448275864,3757,39,36.7,272.0,7380.0,96.0,540,7208,39,173,0,166,29,80,7261,3985,3763,268,147,157,189,230,228,243,567,582,683,4319,159,395,924,665,312,1793,7748
0.0,0.0,79.0,401.0,750.0,903.0,8.0,9.0,10.0,22.78928571442857,21.32631578947368,28.136,1415,6,47.0,14.0,2788.0,0.0,66,2736,0,4,0,12,3,12,2771,1394,1408,171,35,64,65,146,74,152,123,212,311,1567,51,140,286,334,80,685,2802
0.0,0.0,63.375,666.0,1634.0,1947.0,17.0,22.0,22.0,21.785714285928574,20.13125,10.332142857142856,2871,4,44.3,16.0,6799.0,62.0,281,6596,43,41,5,204,53,41,6490,3373,3504,251,145,128,107,219,283,242,391,469,487,3521,247,522,932,1025,113,1314,6877
0.0,0.0,88.0,173.0,436.0,484.0,4.0,5.0,5.0,25.900000000366667,26.98333333333333,16.82,554,0,42.0,29.0,1524.0,30.0,94,1489,9,4,0,56,6,40,1468,793,790,44,34,10,5,56,115,52,52,121,162,722,62,77,280,173,37,235,1583
0.0,0.0,87.57142857142857,529.0,1394.0,1591.0,14.0,20.0,22.0,22.86428571417857,14.478571428571428,23.437142857142856,2327,15,45.8,168.0,5278.0,28.0,214,5260,9,10,0,110,33,43,5269,2636,2838,118,52,108,58,214,342,297,317,309,597,2633,145,659,582,917,146,857,5474
0.0,0.0,80.0,215.0,494.0,588.0,6.0,8.0,8.0,22.935714285714287,25.76842105263158,21.202,879,0,41.5,142.0,1893.0,77.0,619,1493,23,22,0,32,12,127,1896,1096,1016,61,65,45,24,127,93,66,96,152,206,1138,38,147,271,241,154,382,2112
0.0,0.0,87.11111111111111,972.0,2800.0,3387.0,16.0,41.0,43.0,22.60714285675,16.384615384615383,8.637037037037036,3481,9,43.6,17.0,8539.0,44.0,289,8311,0,64,10,358,19,18,8131,4369,4231,270,117,180,81,358,405,278,441,432,1065,4163,305,879,791,1339,410,1589,8600
0.0,0.0,93.5,205.0,794.0,1012.0,5.0,12.0,15.0,22.93214285707143,25.1,30.9625,1143,2,51.0,1.0,3110.0,6.0,11,3106,0,5,0,166,54,5,2887,1474,1643,84,18,42,41,304,114,108,171,142,366,1424,98,304,279,624,94,551,3117
1190.0,48504.0,81.56756756756756,19375.0,46677.0,53736.0,273.0,462.0,477.0,21.5678571425,14.084615384615384,9.6,70335,288,33.9,21205.0,138182.0,6060.0,48333,117114,8072,35582,258,10839,820,17638,92238,83199,82248,4754,2500,2037,1147,6362,5968,5161,6324,7033,19114,82075,11884,9158,15727,26402,16604,25685,165447
49.0,198.0,84.5,1638.0,5572.0,7803.0,50.0,99.0,115.0,22.56071428607143,23.85384615384616,9.32222222222222,6692,0,40.4,260.0,18997.0,109.0,402,18964,100,546,0,450,1,88,18181,9742,9624,488,153,130,134,738,739,643,770,684,2512,8392,974,1618,1743,3897,1285,2550,19366
0.0,0.0,78.625,1827.0,6538.0,8512.0,26.0,94.0,125.0,22.032142856785715,16.053846153846155,9.12962962962963,7577,0,39.9,191.0,20778.0,96.0,447,20618,24,116,0,505,0,48,20372,10612,10453,584,141,213,153,875,885,634,802,950,2579,9430,948,1885,1855,4511,1446,2966,21065
0.0,0.0,65.5,1648.0,6240.0,8489.0,17.0,65.0,79.0,22.15000000007143,9.26923076923077,5.088461538461539,9576,34,41.7,158.0,22322.0,100.0,431,22149,59,678,11,462,0,62,21308,11483,11097,997,332,347,305,1052,978,640,958,1127,2021,11036,1149,1340,2835,4077,1041,4035,22580
0.0,0.0,85.25,356.0,1257.0,1742.0,5.0,27.0,37.0,22.639285714285712,15.584615384615384,10.407407407407408,2991,0,44.0,32.0,7829.0,53.0,108,7806,22,389,0,122,13,5,7363,3969,3945,178,246,78,102,390,257,297,297,276,931,3385,391,586,670,1465,337,1452,7914
128.0,4318.0,80.52631578947368,4114.0,12786.0,17288.0,71.0,208.0,239.0,22.210714285714285,18.46923076923077,8.937037037037037,16281,27,40.4,568.0,43241.0,217.0,1470,42556,161,1526,0,1471,33,224,40611,22865,21161,886,493,435,340,2216,2337,1190,1923,1546,6026,19751,3545,2715,3663,9683,3216,5824,44026
0.0,0.0,90.44444444444444,793.0,2923.0,4646.0,17.0,38.0,53.0,22.357142857142858,20.692307692307693,10.607407407407406,4238,0,40.7,56.0,12358.0,7.0,209,12212,48,162,0,190,13,105,11903,6235,6186,371,135,184,97,440,497,585,431,448,1697,4966,1260,989,1002,2805,924,1515,12421
103.0,1861.0,96.96,2819.0,8780.0,11139.0,36.0,132.0,172.0,22.50714285696429,27.43846153846154,10.003703703703705,6586,14,41.2,9.0,26371.0,46.0,315,26111,2,661,0,482,44,63,25174,13456,12970,363,61,57,81,1185,1049,704,729,884,5391,8249,2941,3342,1229,6005,3194,3339,26426
150.0,8259.0,50.60526315789474,12772.0,36341.0,47219.0,81.0,268.0,353.0,21.575,5.453846153846154,4.523076923076923,59568,1,38.0,4538.0,125257.0,2573.0,5660,126708,3114,4329,27,3745,140,2283,118730,66760,65608,6330,4378,3833,3885,3674,3146,3597,4302,7503,6743,69775,5480,3040,23888,18716,3587,22824,132368
58.0,1047.0,69.35,1578.0,5918.0,7807.0,7.0,51.0,74.0,21.72142857178571,13.169230769230769,5.080769230769231,8229,0,41.8,672.0,19065.0,261.0,1371,18627,32,1320,0,367,0,37,18242,10202,9796,702,418,308,259,955,907,403,723,1004,2311,9795,851,1492,2429,3499,1344,2709,19998
367.0,18047.0,79.3170731707317,4683.0,16065.0,22874.0,47.0,166.0,210.0,21.714285714285715,17.392307692307693,9.45185185185185,16888,24,42.1,334.0,46815.0,212.0,886,46475,149,948,15,1349,51,583,44266,23716,23645,1494,834,451,475,1592,1566,1531,2083,2435,5752,19784,3364,2461,5082,7980,2208,9456,47361
164.0,5737.0,68.95,3188.0,8334.0,11425.0,40.0,123.0,165.0,22.49642857142857,15.23076923076923,9.833333333333334,10778,0,40.1,426.0,29411.0,253.0,1005,29085,261,2414,0,786,86,442,26101,15045,15045,1109,509,493,394,1003,945,965,1045,1225,3391,13417,1155,1860,4052,4475,1391,4491,30090
0.0,0.0,79.0,530.0,2101.0,2752.0,5.0,24.0,29.0,21.56428571428572,13.715384615384616,9.503703703703705,3281,6,41.7,13.0,8282.0,13.0,46,8262,81,81,0,118,20,0,8008,4110,4198,305,217,104,61,231,290,134,469,444,942,3792,552,700,526,1992,487,1352,8308
49.0,1507.0,98.15384615384616,942.0,3582.0,5389.0,6.0,51.0,72.0,22.792857143214288,29.069230769230767,10.78888888888889,3593,0,42.3,27.0,12748.0,27.0,156,12646,42,185,0,48,11,60,12456,6380,6422,290,92,53,86,453,318,336,436,546,2671,4281,1456,1559,1037,2577,1505,1834,12802
0.0,0.0,80.88888888888889,1115.0,4989.0,6685.0,9.0,73.0,89.0,22.50000000021428,17.007692307692306,10.055555555555555,6674,107,42.4,71.0,20158.0,54.0,334,19949,70,338,0,455,26,49,19345,10171,10112,562,388,302,165,856,642,577,807,923,2509,8277,1162,1725,1366,4515,1208,3043,20283
0.0,0.0,59.5,6349.0,20942.0,29123.0,49.0,195.0,258.0,21.564285714642857,9.03076923076923,5.342307692307693,37149,34,40.8,655.0,79613.0,653.0,1771,79150,611,982,4,1903,117,375,76929,40515,40406,3150,1797,2036,924,2514,2751,2554,3595,4824,5795,42874,3107,3693,7453,17370,3794,15332,80921
0.0,0.0,87.375,1335.0,3837.0,4746.0,23.0,49.0,58.0,22.1,16.323076923076922,9.751851851851852,4720,57,41.3,236.0,12508.0,12.0,433,12323,42,60,3,195,16,116,12324,6368,6388,230,192,74,94,526,362,421,592,614,1718,5482,611,1188,1023,2853,997,1775,12756
0.0,0.0,86.75,1397.0,4015.0,5077.0,23.0,58.0,66.0,22.4321428575,16.576923076923077,8.914814814814815,4762,18,42.9,94.0,12458.0,127.0,213,12466,0,925,0,52,0,0,11702,6506,6173,366,279,107,265,587,406,340,348,853,1664,5635,1049,1037,1115,2589,587,1955,12679
123.0,3191.0,77.28125,3413.0,7912.0,11782.0,38.0,86.0,105.0,22.4964285715,14.46923076923077,8.718518518518518,15509,0,36.3,857.0,37534.0,600.0,1076,37915,462,1366,61,1173,92,253,35584,20096,18895,1056,454,547,375,1684,1311,1237,1459,1676,5693,18905,2135,1800,5979,5160,1622,5057,38991
157.0,6311.0,59.66176470588236,7922.0,22407.0,30133.0,47.0,153.0,212.0,21.57142857132143,8.915384615384616,4.757692307692308,40789,59,38.1,1093.0,91626.0,889.0,1953,91655,948,2849,21,1716,92,412,87570,47793,45815,3651,2303,2878,2518,3161,2720,2659,3376,4797,9134,49408,3000,4696,20263,12873,2759,13669,93608
0.0,0.0,91.2,442.0,970.0,1356.0,4.0,19.0,24.0,24.448275862413794,17.392307692307693,17.4,1590,0,42.3,5.0,4681.0,52.0,113,4625,36,60,0,91,22,10,4519,2376,2362,95,96,25,85,205,151,122,175,235,736,1837,322,281,357,1006,318,634,4738
0.0,0.0,84.7,920.0,3440.0,4321.0,10.0,42.0,54.0,22.153571429035715,17.06923076923077,9.466666666666669,4109,0,38.7,64.0,10548.0,79.0,718,9973,49,312,0,334,0,231,9765,5202,5489,350,129,139,181,466,265,299,285,455,1607,5040,1067,1084,394,2326,934,1828,10691
0.0,0.0,85.05,2066.0,8472.0,12042.0,24.0,98.0,122.0,22.28214285721429,21.3,11.6,8115,47,41.6,147.0,26802.0,27.0,298,26678,0,103,3,549,80,39,26202,13585,13391,659,312,284,159,1013,883,601,952,922,3839,9485,2203,2791,1931,5560,2036,3840,26976
0.0,0.0,91.07692307692308,1225.0,3959.0,5388.0,33.0,66.0,84.0,22.796428571464283,22.053846153846152,8.781481481481482,4938,0,42.6,145.0,15790.0,33.0,465,15503,37,125,0,147,102,192,15365,8258,7710,316,99,142,56,846,521,285,442,517,2824,5909,1213,1387,839,3200,1783,2071,15968
135.0,3898.0,78.9795918367347,6278.0,16057.0,20105.0,77.0,196.0,235.0,21.75,15.207692307692309,9.603703703703705,26576,24,28.3,881.0,69317.0,1272.0,5812,65658,1228,14849,311,3229,330,916,50607,33736,37734,1593,716,605,817,3068,2763,2417,2732,2486,8900,33241,4976,4379,5911,8856,3756,13252,71470
79.0,3673.0,66.11538461538461,2460.0,9958.0,14495.0,25.0,53.0,83.0,21.714285714285715,11.461538461538462,5.496153846153846,14882,17,42.3,356.0,35510.0,286.0,1112,35040,234,1615,0,813,34,341,33115,18685,17467,1200,766,565,500,1387,1176,1333,1364,2219,4066,17225,2449,2348,4069,6541,1984,6481,36152
49.0,1442.0,97.05555555555556,2480.0,7755.0,9730.0,28.0,83.0,110.0,22.642857142357144,31.692307692307693,11.1,5063,3,40.0,84.0,19965.0,61.0,268,19842,0,1002,9,521,18,64,18496,9523,10587,226,179,42,78,870,530,446,614,630,3817,6323,2510,1951,1007,4384,3632,2256,20110
20.0,263.0,94.625,1394.0,3404.0,4759.0,26.0,44.0,58.0,22.92857142867857,23.4,9.51851851851852,3489,12,42.8,116.0,10032.0,27.0,294,9881,15,35,0,173,0,123,9829,5082,5093,231,135,18,73,669,385,355,233,230,1694,4084,1082,1490,667,2149,1026,1373,10175
48.0,379.0,85.7,573.0,2167.0,2845.0,17.0,46.0,58.0,22.425,19.207692307692305,9.144444444444444,3179,9,43.5,32.0,8859.0,49.0,121,8819,21,58,0,129,30,50,8652,4409,4531,284,95,66,93,397,313,218,418,485,1219,3712,563,920,601,2048,555,1284,8940
0.0,0.0,87.75,662.0,2154.0,2772.0,8.0,28.0,35.0,22.785714285714285,22.376923076923077,9.377777777777778,2181,45,46.1,68.0,6592.0,0.0,92,6568,46,159,0,127,0,169,6159,3428,3232,210,104,26,28,348,177,233,230,145,1141,2744,264,821,573,1461,510,881,6660
352.0,13421.0,71.42647058823529,9851.0,30856.0,38783.0,162.0,361.0,447.0,21.785714285857143,11.684615384615386,5.211538461538462,42832,103,38.9,2009.0,97878.0,1114.0,3304,97697,1883,4719,107,2783,165,966,90378,51663,49338,3612,2257,1606,1455,3797,4017,3003,4366,5477,10639,48455,5321,5377,13094,15770,4300,17624,101001
0.0,0.0,87.2,828.0,2529.0,3288.0,19.0,39.0,57.0,21.789285714571427,15.515384615384615,9.803703703703704,3967,41,44.0,22.0,12162.0,11.0,172,12023,13,213,0,307,24,2,11636,6094,6101,464,95,149,46,640,313,577,457,508,1779,5107,732,908,662,2602,999,2105,12195
0.0,0.0,94.125,940.0,2254.0,3680.0,2.0,16.0,22.0,22.925,23.700000000000003,11.937037037037037,1660,15,42.4,7.0,7437.0,17.0,67,7394,0,263,0,11,0,26,7161,3264,4197,185,25,6,5,248,261,94,404,197,987,1795,658,755,366,1931,770,957,7461
0.0,0.0,92.92857142857144,990.0,4073.0,5296.0,3.0,42.0,58.0,22.28571428525,20.26153846153846,9.58148148148148,4439,38,44.3,125.0,14062.0,0.0,173,14014,8,14,0,319,57,13,13776,7236,6951,177,288,2,34,478,666,313,521,570,2591,5344,1385,1419,1013,3367,1577,1603,14187
2032.0,82872.0,55.765853658536585,33170.0,93423.0,122877.0,235.0,562.0,724.0,21.714285714285715,11.253846153846156,4.257692307692308,141945,271,34.8,22181.0,289945.0,10074.0,23242,298958,12826,47105,56,14206,598,9919,237490,164388,157812,11597,7278,8271,9009,12631,10833,10187,12693,15844,32583,177856,14981,10029,77368,30018,12798,46692,322200
0.0,0.0,88.0909090909091,1096.0,3657.0,4981.0,14.0,48.0,74.0,22.567857142857143,17.253846153846155,9.848148148148148,5022,46,41.8,26.0,14381.0,112.0,117,14402,93,323,0,66,24,24,13989,7369,7150,268,253,137,141,760,472,615,557,603,2084,6251,1025,1438,1212,2626,1234,2231,14519
170.0,3668.0,92.95,3082.0,12321.0,16922.0,45.0,159.0,254.0,22.71071428535714,25.084615384615383,10.366666666666664,10316,36,42.6,116.0,35783.0,32.0,321,35610,123,384,0,367,4,56,34997,18378,17553,795,211,167,205,1518,1560,899,1431,1359,6555,12221,3799,3411,2383,7996,3245,5209,35931
126.0,5727.0,65.08888888888889,3777.0,13230.0,18545.0,31.0,135.0,191.0,21.99642857139286,12.330769230769231,4.792307692307693,21181,239,40.4,1500.0,48635.0,609.0,1821,48923,941,5021,28,1884,37,1122,41711,26198,24546,1925,1047,856,830,2268,1917,1964,2122,3708,4641,25304,2542,2507,8653,7357,2613,8151,50744
0.0,0.0,96.88888888888889,488.0,1152.0,1476.0,9.0,24.0,35.0,22.571428571428573,24.615384615384617,12.903571428571428,1950,0,42.7,26.0,6029.0,9.0,101,5963,7,1381,0,223,79,32,4342,3040,3024,157,49,31,13,377,347,198,152,104,1122,2252,682,597,389,1257,594,896,6064
0.0,0.0,72.71428571428571,661.0,2164.0,2799.0,20.0,45.0,57.0,22.582758620517243,14.13076923076923,5.734615384615385,3633,0,38.5,167.0,8550.0,43.0,457,8303,10,179,0,286,0,294,7991,4254,4506,184,196,112,9,296,229,487,248,513,814,4146,542,663,435,2354,755,1109,8760
0.0,0.0,72.93333333333334,1418.0,4735.0,6014.0,18.0,71.0,93.0,22.28571428607143,14.376923076923076,9.437037037037037,7088,34,43.5,253.0,17090.0,211.0,384,17170,15,369,0,404,36,117,16613,8975,8579,635,301,228,218,554,616,626,830,859,1912,8205,990,973,2065,3118,1365,2878,17554
0.0,0.0,71.29411764705883,2118.0,6773.0,9976.0,14.0,52.0,74.0,21.571428571428573,11.915384615384614,5.707692307692308,10352,49,36.8,21.0,24783.0,303.0,724,24383,53,149,0,723,59,512,23611,12740,12367,944,589,413,242,568,1004,881,870,1088,2611,11902,2171,1473,1887,5818,1531,3455,25107
107.0,3805.0,82.41379310344827,3990.0,11323.0,13659.0,76.0,163.0,205.0,22.5,16.015384615384615,9.744444444444444,14487,49,39.6,614.0,36077.0,434.0,2575,34550,194,1472,116,1402,44,873,33024,18972,18153,834,491,486,393,1279,1417,1342,1649,1600,4911,16416,2145,2495,3176,7237,1726,6048,37125
49.0,1594.0,82.875,1986.0,8045.0,10065.0,48.0,122.0,151.0,22.282142857464287,16.892307692307693,10.507407407407406,9739,47,40.8,180.0,26010.0,123.0,368,25945,190,192,8,276,96,187,25364,13257,13056,440,275,242,222,1127,1097,450,862,1155,3883,11064,2017,2108,1428,6084,1749,4032,26313
0.0,0.0,92.45454545454544,1133.0,3540.0,4827.0,13.0,38.0,51.0,22.496428571071423,19.153846153846157,8.755555555555556,3672,26,43.8,106.0,10878.0,16.0,183,10817,3,195,0,177,83,0,10542,5577,5423,165,143,139,70,412,375,354,381,367,2034,4423,775,1051,742,2407,1234,1399,11000
0.0,0.0,78.7,3365.0,11910.0,16765.0,32.0,126.0,159.0,21.71428571392857,12.13076923076923,10.244444444444444,12998,8,43.5,96.0,35035.0,228.0,384,34975,192,362,0,503,29,20,34253,18151,17208,954,662,566,592,1348,1204,1744,1544,1568,4132,14743,2657,2212,3054,6133,1335,7352,35359
0.0,0.0,78.42857142857143,810.0,2448.0,3153.0,14.0,21.0,30.0,21.78214285714285,11.061538461538465,5.676923076923076,3536,0,40.5,43.0,8655.0,50.0,43,8705,51,61,0,257,5,0,8374,4264,4484,365,184,164,29,294,333,278,368,495,854,3941,586,611,689,1744,602,1373,8748
262.0,11527.0,65.03846153846153,8995.0,32255.0,43711.0,101.0,408.0,491.0,21.789285714607143,10.623076923076924,5.538461538461538,45854,147,37.0,1641.0,105211.0,2775.0,6326,103301,2214,13109,368,6241,266,1497,85932,55119,54508,3761,2492,1786,1525,4100,4606,3224,4440,6203,9922,54375,4765,5725,13097,16195,3897,24049,109627
103.0,2806.0,96.93939393939394,2433.0,9101.0,12804.0,71.0,186.0,233.0,22.60357142810714,30.161538461538463,11.362962962962964,6136,9,41.3,85.0,26149.0,73.0,267,26040,86,515,0,507,0,85,25114,13656,12651,327,68,197,115,1067,951,657,907,902,5554,7779,2597,2550,1450,4557,3209,4462,26307
34.0,1392.0,71.86666666666666,1552.0,6124.0,8524.0,12.0,62.0,91.0,22.207142857857143,14.223076923076924,5.6923076923076925,7669,0,42.7,146.0,18580.0,37.0,458,18305,0,411,2,372,2,81,17895,9618,9145,496,451,239,158,823,683,567,895,951,2211,8923,1084,1910,1628,3896,1147,2918,18763
0.0,0.0,88.3529411764706,1855.0,5347.0,6888.0,34.0,94.0,110.0,22.492857142357146,19.86923076923077,9.162962962962965,6994,148,40.5,87.0,18659.0,87.0,356,18477,90,861,0,276,39,1,17566,9410,9423,361,264,146,182,835,704,472,790,695,2807,7926,1371,1681,1198,4132,1928,2278,18833
118.0,3369.0,77.12121212121212,4357.0,13699.0,17657.0,60.0,148.0,185.0,21.714285714285715,11.3,5.288461538461538,18879,3,41.1,289.0,44961.0,300.0,1200,44350,151,3375,14,1740,100,561,39609,23560,21990,1361,817,876,479,1940,1541,1612,2105,2247,5784,21273,3347,3433,4305,8486,2922,8095,45550
0.0,0.0,73.92857142857143,1256.0,4736.0,6386.0,8.0,46.0,61.0,21.575,12.1,5.026923076923077,6325,68,41.6,171.0,15689.0,139.0,538,15461,88,429,24,438,0,177,14843,8084,7915,480,298,217,85,660,679,560,748,770,1657,7249,1097,1308,981,3610,1287,2406,15999
0.0,0.0,90.0,332.0,818.0,1100.0,7.0,23.0,31.0,25.410344827931038,19.67692307692308,18.59032258064516,1317,0,46.4,5.0,4395.0,61.0,92,4369,7,394,0,131,49,32,3848,2313,2148,88,47,22,129,239,112,126,277,131,553,1769,251,299,518,624,316,640,4461
159.0,5703.0,83.0,3993.0,14719.0,19721.0,127.0,244.0,283.0,22.214285715,17.06153846153846,9.185185185185183,17627,52,41.5,309.0,44468.0,267.0,974,44070,329,2965,5,1159,77,97,40412,23121,21923,1218,866,592,370,1894,2163,1264,1874,2464,5914,19959,3696,3657,4159,8613,2251,8075,45044
0.0,0.0,93.8181818181818,1224.0,4207.0,5219.0,29.0,71.0,84.0,22.78928571410714,25.053846153846152,11.151851851851852,3587,0,40.9,0.0,13368.0,0.0,28,13340,0,34,0,233,0,0,13101,6752,6616,155,131,56,62,581,457,594,450,334,2597,4304,1243,1345,777,3336,1698,1282,13368
3678.0,175469.0,61.53301127214171,74284.0,221170.0,282746.0,861.0,2109.0,2676.0,21.57500000046429,12.1,5.365384615384615,328778,330,38.4,34136.0,706548.0,27735.0,43892,724527,22880,168526,499,26638,1070,9085,539721,397113,371306,27469,17098,18990,18051,30526,27776,27062,32122,40038,77279,407594,46394,35015,145397,100469,34103,128593,768419
0.0,0.0,53.87096774193548,4255.0,14996.0,19107.0,55.0,130.0,168.0,21.714285714285715,11.9,4.615384615384615,21993,18,38.1,1479.0,50748.0,1249.0,1949,51527,847,2372,6,1273,60,604,48314,27593,25883,1966,1012,863,1340,1212,2053,1439,1893,3083,4027,26442,2997,2343,7963,8369,2941,8000,53476
47.0,1513.0,82.05,1825.0,5918.0,9070.0,18.0,97.0,138.0,22.71071428557143,21.392307692307693,10.214814814814815,6215,34,41.4,204.0,22113.0,110.0,148,22279,283,81,0,204,23,42,21794,11374,11053,621,349,146,160,869,686,598,618,922,3559,7662,1593,1502,2006,4583,1559,3624,22427
525.0,28164.0,60.56410256410256,15187.0,40998.0,54074.0,132.0,371.0,472.0,21.571428571250003,10.853846153846153,4.842307692307693,76337,148,37.3,3597.0,160742.0,2213.0,5589,160963,1997,7531,21,5031,229,2263,149480,84154,82398,6799,4458,4245,4025,5776,5046,5129,6980,8865,13221,90457,8155,6077,32025,22951,7510,27098,166552
0.0,0.0,97.85714285714286,1084.0,4056.0,6064.0,19.0,58.0,77.0,22.925,27.57692307692308,10.537037037037036,3898,8,43.7,72.0,14934.0,35.0,152,14889,43,124,0,149,33,58,14634,7621,7420,205,76,139,63,788,599,423,534,566,2926,5019,1804,1707,1232,2359,1916,2179,15041
0.0,0.0,90.0,3012.0,11387.0,14999.0,14.0,125.0,174.0,22.532142857107143,29.015384615384612,9.781481481481482,8947,6,40.0,268.0,30829.0,191.0,409,30879,109,248,33,558,165,26,30149,16011,15277,458,158,303,157,1305,820,897,1058,915,6004,10330,3959,3324,2655,5978,3240,3739,31288
0.0,0.0,76.53846153846153,1242.0,3710.0,4817.0,18.0,68.0,80.0,21.77857142892857,13.761538461538462,9.21111111111111,6081,16,41.5,320.0,13832.0,117.0,469,13800,61,494,0,231,20,115,13348,7208,7061,435,129,144,129,589,689,519,843,605,1697,6573,893,1152,1233,2578,1121,2674,14269
122.0,5856.0,81.5813953488372,6009.0,18447.0,26976.0,34.0,203.0,288.0,22.421428571071427,18.53846153846154,9.485185185185186,22147,47,40.2,138.0,60095.0,398.0,936,59695,147,384,0,935,252,163,58750,30860,29771,1510,740,798,544,2251,1860,1696,2428,2527,8311,25241,5271,4193,5487,12261,5006,9361,60631
84.0,1567.0,94.0,1292.0,4485.0,5548.0,20.0,59.0,80.0,22.34999999975,22.838461538461537,10.896296296296295,4266,4,42.0,54.0,15455.0,95.0,205,15399,150,53,0,176,1,8,15216,7864,7740,179,142,91,61,596,552,393,402,615,2552,4887,1539,1464,744,3494,1838,1959,15604
0.0,0.0,98.33333333333331,1208.0,2901.0,3505.0,19.0,46.0,59.0,22.93214285707143,30.85384615384616,9.92222222222222,1858,32,44.2,57.0,7031.0,0.0,32,7056,14,58,0,247,9,7,6753,3266,3822,110,36,3,43,297,240,88,208,257,1602,2385,818,957,342,1472,1004,1018,7088
0.0,0.0,96.0,821.0,3644.0,5217.0,2.0,39.0,60.0,22.84999999975,26.03846153846154,11.377777777777778,3109,0,43.0,14.0,10045.0,22.0,11,10070,29,16,0,247,0,0,9789,5026,5055,163,25,25,9,413,499,234,419,494,1875,3536,1114,765,468,2296,1002,1683,10081
90.0,3524.0,97.8,1722.0,6771.0,9847.0,32.0,98.0,138.0,22.857142857142858,26.084615384615383,10.94074074074074,6408,0,42.6,41.0,21808.0,87.0,189,21747,59,83,0,286,33,72,21403,11190,10746,378,267,112,135,1021,946,600,913,745,4482,8032,1779,2107,1298,4059,2175,4016,21936
0.0,0.0,96.9090909090909,1106.0,4451.0,5744.0,31.0,79.0,94.0,22.43571428592857,21.653846153846157,11.377777777777778,3515,15,42.8,26.0,13312.0,7.0,7,13338,19,51,0,187,51,7,13030,6687,6658,155,59,136,38,492,310,481,367,567,2621,4319,1223,1232,585,3026,1428,1928,13345
0.0,0.0,84.72222222222223,2136.0,6215.0,8904.0,34.0,121.0,151.0,22.48928571428572,17.815384615384616,9.955555555555556,8551,40,41.1,190.0,24264.0,39.0,421,24072,42,620,0,558,5,155,23113,12460,12033,516,292,197,166,1022,1167,1087,825,950,3455,10640,1701,2398,1691,5346,2035,3398,24493
0.0,0.0,88.88888888888889,774.0,2337.0,3101.0,18.0,58.0,66.0,22.64999999964286,15.607692307692307,10.07777777777778,3436,0,46.0,0.0,9109.0,63.0,192,8980,28,74,2,153,6,6,8903,4599,4573,206,256,93,72,423,305,479,386,477,1106,4095,761,783,745,1857,471,1565,9172
75.0,482.0,81.33333333333333,2553.0,8290.0,10322.0,53.0,115.0,140.0,22.28571428607143,17.1,9.092592592592592,10410,71,41.1,205.0,26752.0,92.0,777,26272,73,1794,0,473,16,121,24572,13909,13140,799,333,233,223,1002,913,933,971,1617,3435,12138,1678,2891,2478,5848,1509,3626,27049
0.0,0.0,72.0,1012.0,2822.0,3619.0,13.0,33.0,41.0,22.610714285357144,14.561538461538465,6.907692307692307,2803,0,50.3,128.0,8063.0,35.0,195,8031,69,464,9,103,32,17,7532,3871,4355,186,175,288,33,441,269,257,374,300,943,3058,552,737,711,1765,406,1433,8226
482.0,20091.0,74.81481481481481,5928.0,17851.0,23942.0,77.0,229.0,311.0,22.350000000214287,16.838461538461537,5.984615384615385,26515,81,42.3,323.0,64557.0,605.0,1694,63791,582,6665,41,2281,232,388,55296,34044,31441,2182,1394,1050,1022,3020,2290,2033,2581,3073,9142,30483,3801,3577,9184,9723,1956,12199,65485
0.0,0.0,94.07142857142856,1802.0,5207.0,7713.0,25.0,75.0,91.0,22.77857142842857,29.138461538461534,10.833333333333334,4539,56,39.7,122.0,17158.0,53.0,426,16907,154,1071,12,402,109,18,15567,7978,9355,156,196,49,66,662,476,391,574,470,3147,5325,1658,1971,780,3809,1991,2874,17333
0.0,0.0,77.66666666666667,841.0,2597.0,3337.0,25.0,46.0,62.0,21.7892857145,12.169230769230769,9.285185185185185,3340,0,43.7,47.0,9132.0,23.0,134,9068,21,123,0,68,35,37,8918,4630,4572,303,193,285,65,310,295,344,377,458,1117,3991,412,708,739,1761,485,1637,9202
50.0,3698.0,66.07246376811594,8784.0,27487.0,35443.0,90.0,252.0,310.0,22.067857142857143,13.176923076923078,8.481481481481481,37201,50,34.1,1413.0,89652.0,1025.0,2330,89760,939,3942,250,2194,355,526,83884,47317,44773,2919,1759,1371,1081,3496,2968,2777,2999,4631,9875,46137,4547,4302,15082,11193,4394,13176,92090
0.0,0.0,95.5,881.0,3816.0,5143.0,2.0,41.0,62.0,22.928571428107144,31.361538461538466,14.807407407407409,3121,0,41.8,51.0,12295.0,0.0,138,12208,47,0,0,126,11,4,12158,6163,6183,201,46,51,67,506,311,245,494,334,2734,3884,1380,1285,677,2603,1567,1650,12346
75.0,966.0,84.13333333333334,2172.0,6341.0,8038.0,26.0,75.0,92.0,22.360714285714288,14.576923076923077,9.425925925925926,6624,0,40.0,203.0,18924.0,130.0,528,18729,66,1412,36,262,35,131,17315,9501,9756,540,279,213,99,831,577,580,812,872,2630,8261,1695,1423,1406,4273,1441,2681,19257
0.0,0.0,71.54166666666667,2586.0,8353.0,10247.0,49.0,99.0,129.0,22.5714285715,14.069230769230767,6.496153846153846,12086,54,45.0,59.0,30946.0,220.0,534,30691,47,187,0,552,85,113,30241,15904,15321,1304,778,578,490,1346,1106,975,1447,1779,3316,13700,1126,1558,3651,5133,1396,5814,31225
0.0,0.0,91.44444444444444,955.0,3239.0,4230.0,12.0,45.0,54.0,22.71428571425,31.91538461538461,9.937037037037037,3083,0,39.7,32.0,11373.0,16.0,270,11151,10,574,11,95,88,40,10603,5118,6303,370,148,81,33,234,551,374,345,288,1621,3492,722,888,802,2277,1217,2170,11421
100.0,2145.0,74.125,1473.0,4567.0,6310.0,28.0,98.0,117.0,22.071428571428573,16.13076923076923,9.403703703703703,6708,0,41.0,290.0,16684.0,148.0,359,16763,167,1081,13,436,8,80,15337,8587,8535,522,418,383,226,711,476,448,422,688,2229,7658,1046,1336,1843,2783,1020,3058,17122
0.0,0.0,64.77272727272727,1885.0,5747.0,7464.0,17.0,64.0,69.0,21.678571428214287,12.515384615384615,6.307692307692308,12318,70,38.9,159.0,27998.0,222.0,1068,27311,198,1051,59,908,133,101,25929,14107,14272,1136,726,666,281,1028,1003,1012,1065,1633,2140,14187,1095,1112,3066,5164,1252,6024,28379
0.0,0.0,89.66666666666667,414.0,1517.0,2364.0,14.0,30.0,36.0,24.46666666633333,27.63076923076923,11.170370370370373,1988,0,44.0,0.0,6433.0,30.0,178,6285,0,9,0,125,0,0,6329,2931,3532,122,30,33,7,349,238,200,463,274,748,2395,525,777,429,1435,715,715,6463
0.0,0.0,67.9375,2383.0,7278.0,9449.0,35.0,99.0,118.0,22.28928571464286,12.992307692307692,9.292592592592593,8888,25,43.2,495.0,21106.0,89.0,662,21028,169,747,6,463,54,157,20094,10866,10824,782,512,228,250,898,713,897,972,1013,2453,10279,1164,1675,2050,3906,1217,3810,21690
0.0,0.0,92.8,979.0,2833.0,3720.0,20.0,59.0,77.0,22.635714285428573,21.192307692307693,9.07037037037037,3943,6,43.6,9.0,10008.0,45.0,145,9917,22,217,0,206,34,3,9580,5166,4896,269,45,87,35,353,539,382,285,477,1715,4270,936,807,789,2113,768,1452,10062
49.0,1147.0,88.38461538461539,1249.0,3603.0,4501.0,38.0,74.0,90.0,22.6071428575,22.476923076923075,8.903703703703703,4155,23,41.4,143.0,10420.0,53.0,329,10287,27,249,2,138,27,39,10134,5293,5323,359,93,144,133,474,336,304,400,341,1949,4813,863,976,807,2283,818,1554,10616
42.0,1675.0,78.2,2340.0,6724.0,11351.0,24.0,87.0,128.0,22.21428571464286,15.746153846153844,9.974074074074077,11335,33,40.2,217.0,27737.0,88.0,803,27239,45,819,0,452,160,143,26423,14304,13738,973,319,124,136,1114,1074,779,1356,1517,3261,12473,1647,1697,2376,5831,1754,4529,28042
0.0,0.0,92.0909090909091,2045.0,4692.0,6720.0,1.0,18.0,36.0,22.714285715,22.661538461538463,11.292592592592593,3674,7,42.6,92.0,13168.0,10.0,222,13048,77,487,50,124,51,99,12382,5790,7480,287,144,73,91,597,453,328,383,483,1957,4109,983,1131,1202,3362,1377,1664,13270
90.0,1222.0,84.0,2783.0,10074.0,13284.0,50.0,119.0,135.0,22.25,20.253846153846155,10.374074074074075,11234,0,42.5,287.0,30101.0,427.0,490,30325,452,1188,23,516,51,56,28529,15411,15404,763,339,343,533,1541,1025,915,1294,1152,3634,12754,1642,2372,2452,6231,2198,4906,30815
52.0,1694.0,62.5925925925926,4650.0,14297.0,19224.0,43.0,144.0,171.0,21.821428571285715,9.638461538461538,5.946153846153846,20122,65,39.9,191.0,45369.0,355.0,1022,44893,268,2347,0,822,39,136,42303,23018,22897,2061,777,921,577,1654,1520,1532,2487,2542,3920,22863,2190,2253,4691,8452,1592,9307,45915
0.0,0.0,89.33333333333333,473.0,1880.0,2717.0,6.0,30.0,35.0,22.492857142857144,18.0,9.614814814814816,2681,7,40.9,49.0,7120.0,20.0,108,7081,0,67,0,138,6,49,6929,3679,3510,234,42,84,68,214,185,174,315,355,1043,3111,444,787,342,1610,579,1182,7189
0.0,0.0,87.42857142857143,2330.0,7260.0,8956.0,47.0,95.0,123.0,22.278571428892857,15.023076923076925,10.05925925925926,9208,21,40.6,345.0,23637.0,99.0,825,23256,45,277,0,231,2,319,23207,12227,11854,701,310,153,160,1242,1278,804,740,1099,2739,10777,1839,2065,1626,4603,1930,3904,24081
42.0,1583.0,30.425,7072.0,18060.0,23641.0,69.0,129.0,164.0,21.56428571457143,3.4000000000000004,4.226923076923077,27873,175,39.3,1093.0,63973.0,1442.0,2654,63854,1100,2565,6,2020,142,482,60193,31645,34863,2900,1991,2349,3783,1092,1229,1216,1686,2761,2252,33268,1173,1189,15826,6162,1924,11368,66508
0.0,0.0,79.54545454545455,628.0,2352.0,3126.0,8.0,32.0,40.0,22.28928571392857,14.4,8.777777777777779,4108,0,42.3,6.0,10840.0,1.0,78,10769,0,150,0,293,0,85,10319,5285,5562,426,221,142,129,443,351,354,522,387,1271,4841,415,1223,1027,2190,892,1411,10847
0.0,0.0,95.4,443.0,1552.0,2094.0,10.0,23.0,34.0,24.417241379310347,31.084615384615383,23.021212121212123,1127,0,47.2,0.0,4406.0,10.0,0,4416,4,190,0,81,0,49,4092,2494,1922,45,121,30,4,140,131,42,111,189,842,1373,483,581,361,960,542,382,4416
0.0,0.0,77.18181818181819,961.0,3416.0,4367.0,1.0,34.0,43.0,21.575000000357143,13.046153846153848,5.642307692307692,6080,18,40.8,29.0,14393.0,165.0,204,14383,105,109,65,357,4,30,13917,7091,7496,576,321,198,114,363,424,423,490,709,1632,6880,849,1171,1212,3249,1008,2316,14587
300.0,8412.0,90.875,2408.0,10583.0,15989.0,42.0,149.0,210.0,22.714285714285715,26.861538461538466,10.325925925925926,8900,0,41.3,347.0,25884.0,35.0,288,25978,265,528,20,339,11,79,25024,13232,13034,528,332,325,249,1038,992,906,1054,1248,4662,10683,2380,2328,2357,4526,2197,4985,26266
470.0,12505.0,89.19672131147541,5238.0,18443.0,25157.0,61.0,261.0,366.0,22.71071428535714,27.346153846153847,9.755555555555556,17596,6,42.5,171.0,58121.0,303.0,562,58033,320,468,20,567,74,52,57094,30009,28586,1538,643,452,410,2872,2279,1528,1977,2472,11335,20994,4479,5543,4584,11831,5744,8669,58595
0.0,0.0,83.81818181818181,997.0,4699.0,6473.0,3.0,39.0,51.0,22.28571428535714,21.207692307692305,10.11851851851852,4544,0,39.3,38.0,12162.0,83.0,233,12050,48,18,0,220,27,8,11962,6301,5982,378,123,41,63,411,273,240,540,736,1893,5135,1299,1348,1239,2775,866,1511,12283
216.0,7508.0,83.17647058823529,5868.0,16088.0,22113.0,83.0,256.0,328.0,22.36071428607143,17.692307692307693,9.311111111111112,24020,67,41.9,799.0,63511.0,479.0,1660,63129,516,623,0,963,298,274,62115,33430,31359,1481,1144,761,600,2621,1803,1999,2090,3026,10047,28039,3837,4942,6162,10646,4844,11778,64789
0.0,0.0,82.0,194.0,623.0,878.0,13.0,21.0,22.0,26.932258064516127,29.15625,30.797916666666666,759,0,40.6,0.0,2136.0,3.0,38,2101,0,22,0,3,0,0,2114,1188,951,52,17,19,24,53,38,95,108,148,305,895,271,313,113,466,165,417,2139
173.0,1008.0,91.57142857142856,1377.0,5002.0,6652.0,15.0,55.0,69.0,22.50714285642857,19.984615384615385,9.507407407407406,5601,7,42.6,3.0,16785.0,7.0,167,16628,24,18,0,239,60,18,16436,8640,8155,382,228,143,109,592,483,609,584,663,2816,6861,1227,1684,1352,3718,1345,2404,16795
123.0,4305.0,80.3125,2024.0,6439.0,9776.0,14.0,55.0,79.0,22.571428571785717,18.661538461538463,9.525925925925923,9008,0,30.4,271.0,24028.0,235.0,441,24093,189,504,0,281,7,12,23541,12725,11809,687,173,205,466,783,797,626,647,923,3440,11004,2252,1086,3102,3715,1068,2893,24534
0.0,0.0,86.05882352941177,1728.0,6191.0,8367.0,38.0,81.0,100.0,22.789285714285715,23.923076923076923,10.274074074074074,6678,5,43.4,275.0,17414.0,157.0,679,17167,129,93,0,282,0,428,16914,9133,8713,389,231,109,194,697,594,489,719,962,2738,7647,1299,1704,1422,3204,1277,3046,17846
75.0,1960.0,52.0,4292.0,15853.0,22857.0,26.0,94.0,124.0,21.714285714142854,8.253846153846153,4.65,25693,133,36.0,1023.0,54245.0,693.0,2438,53523,635,2602,0,2228,171,1245,49080,28615,27346,2630,1501,1674,1303,1788,1950,1544,2329,3169,3298,29505,2175,2045,9421,8313,1690,10407,55961
32.0,1047.0,51.14705882352941,4416.0,13135.0,16888.0,51.0,147.0,186.0,21.564285714285717,7.8538461538461535,4.6,21128,56,39.3,1967.0,45384.0,749.0,4601,43499,480,3093,42,2085,0,1671,40729,24696,23404,1789,1155,1127,1230,1375,1218,1289,1420,2815,3383,25113,2133,1817,7393,6779,3289,7962,48100
0.0,0.0,74.14285714285714,1707.0,5593.0,7513.0,30.0,88.0,104.0,22.207142856785715,14.061538461538465,5.915384615384616,7306,0,38.7,143.0,18016.0,160.0,466,17853,148,1692,0,570,74,162,15673,9220,9099,374,234,187,158,678,999,783,888,983,1897,8423,1134,1374,1131,4327,992,2833,18319
0.0,0.0,45.2,1520.0,5264.0,7070.0,13.0,50.0,67.0,22.248275861689656,5.938461538461539,4.957692307692308,8794,110,42.9,66.0,18792.0,87.0,466,18479,112,281,0,298,21,61,18172,9424,9521,994,692,673,346,422,498,280,660,1218,1116,10374,457,744,2553,3641,625,3791,18945
90.0,1676.0,75.71428571428571,2841.0,8892.0,11828.0,33.0,113.0,145.0,22.50357142857143,17.723076923076924,9.285185185185185,9961,0,37.5,272.0,25152.0,148.0,632,24940,265,1145,0,733,17,98,23314,13157,12415,684,229,344,242,871,1120,788,1151,1400,2830,12000,1646,1530,2705,4666,1179,3766,25572
0.0,0.0,79.0,1015.0,2907.0,3556.0,24.0,42.0,48.0,22.49642857153572,19.361538461538466,9.1,4244,142,37.2,231.0,12028.0,75.0,540,11794,11,1016,0,205,6,299,10797,6220,6114,446,146,80,136,444,358,524,535,431,1555,5255,675,1540,1008,2385,1167,1558,12334
0.0,0.0,67.25,1133.0,3670.0,5094.0,8.0,41.0,50.0,21.75,16.592307692307692,9.707407407407407,5548,0,45.8,87.0,14364.0,118.0,334,14235,66,1000,0,409,0,12,13082,7228,7341,395,177,271,146,579,387,635,662,781,1883,6508,702,1509,1499,2072,675,2765,14569
0.0,0.0,74.0,615.0,2139.0,2751.0,3.0,39.0,48.0,26.136666666666667,11.476923076923075,5.9692307692307685,3349,62,42.2,195.0,8284.0,49.0,280,8248,0,29,58,243,19,231,7948,4336,4192,194,253,160,72,306,205,182,564,402,1060,4229,500,909,701,1983,674,1107,8528
0.0,0.0,85.66666666666667,1281.0,4302.0,5450.0,13.0,55.0,63.0,22.289285714285715,16.13076923076923,9.266666666666666,5926,11,38.0,130.0,14387.0,65.0,181,14401,70,2227,0,149,0,76,12060,7255,7327,295,314,168,110,681,573,584,481,621,1349,6642,783,861,770,3160,476,2551,14582
444.0,18933.0,63.53658536585366,14733.0,42603.0,55172.0,139.0,341.0,427.0,21.78928571464286,13.3,4.996153846153846,58343,136,32.9,7669.0,118869.0,4298.0,7047,123789,5579,11490,543,4830,402,2451,105541,66615,64221,3914,2668,2104,2306,4959,4480,4318,4915,6546,13670,70283,8881,4982,20627,16257,6923,19157,130836
0.0,0.0,77.88888888888889,1366.0,3859.0,5085.0,31.0,56.0,71.0,22.49642857142857,13.292307692307691,5.988461538461538,5174,0,41.6,128.0,11882.0,34.0,181,11863,94,895,0,308,0,24,10723,6179,5865,386,279,113,214,385,388,460,516,621,1340,5975,428,904,1331,2607,508,1611,12044
0.0,0.0,87.52941176470588,2049.0,5228.0,8319.0,41.0,88.0,106.0,22.57142857107143,23.43846153846154,10.137037037037036,6778,0,44.0,287.0,19922.0,238.0,699,19748,18,370,0,228,99,470,19262,10304,10143,439,163,218,145,939,506,907,801,617,3563,7883,1267,2340,1489,4503,1974,2423,20447
0.0,0.0,90.6153846153846,1170.0,3882.0,4899.0,18.0,47.0,52.0,22.071428570964287,14.676923076923078,8.966666666666667,4836,5,40.8,351.0,12629.0,41.0,729,12292,8,533,13,560,5,182,11720,6613,6408,404,211,121,141,586,428,302,508,560,1740,5338,883,1181,762,2976,897,2024,13021
221.0,9047.0,86.46428571428571,4342.0,13960.0,17160.0,22.0,168.0,234.0,22.50714285678572,23.976923076923075,9.285185185185185,11699,80,36.7,349.0,35783.0,120.0,496,35756,181,334,0,379,122,97,35139,18290,17962,737,533,183,229,1485,1041,953,1216,1373,4935,13940,3196,3215,3741,6534,2762,4384,36252
0.0,0.0,98.14285714285714,445.0,2408.0,3563.0,5.0,18.0,30.0,25.52413793110345,28.8,11.655555555555557,1453,0,41.4,10.0,7141.0,37.0,2,7186,10,3,0,113,41,2,7019,3559,3629,58,95,31,7,288,277,309,108,58,1760,2001,915,933,290,1244,1032,1186,7188
0.0,0.0,47.21739130434783,2012.0,6728.0,9505.0,15.0,46.0,60.0,21.7214285715,7.884615384615385,4.038461538461538,11535,22,42.4,1063.0,25263.0,160.0,1761,24725,115,1058,0,752,0,345,24216,13945,12541,1277,584,928,398,1169,770,700,1097,1368,2108,13681,1365,1133,5216,3634,1010,3681,26486
113.0,1526.0,74.92307692307692,6155.0,15826.0,18241.0,186.0,287.0,301.0,21.88928571439285,18.67692307692308,8.192592592592591,22638,33,37.0,502.0,61527.0,342.0,1685,60686,76,9910,0,2854,145,166,49220,31886,30485,1742,864,1168,575,2539,1869,1114,1601,3163,7963,26664,6090,4555,4643,13686,5668,7905,62371
97.0,872.0,83.23529411764706,3022.0,7857.0,8819.0,90.0,132.0,143.0,22.285714285607146,18.415384615384617,9.54074074074074,8647,47,38.3,1230.0,24130.0,212.0,1708,23864,162,4729,0,658,567,546,18910,11079,14493,755,536,343,126,510,707,647,644,857,3012,9888,1805,1813,1744,6250,2263,3903,25572
78.0,2712.0,47.39473684210526,11122.0,34743.0,40002.0,153.0,288.0,302.0,21.7178571425,10.007692307692308,4.830769230769231,55165,56,36.0,2647.0,120723.0,1691.0,7215,117846,1564,28082,33,4197,88,2298,88799,63361,61700,5260,3538,5210,3709,2976,2616,3244,3107,6650,7719,64019,6541,3774,19681,18425,5980,22509,125061
0.0,0.0,78.10526315789474,2108.0,5547.0,6402.0,34.0,69.0,72.0,22.174999999642857,18.36923076923077,9.733333333333334,8839,0,41.4,149.0,21999.0,88.0,701,21535,21,6739,0,313,102,98,14963,11582,10654,523,364,385,404,868,490,560,1083,880,3384,10279,1952,1968,1485,4975,2204,2778,22236
49.0,666.0,87.36666666666666,3957.0,11560.0,13560.0,118.0,201.0,215.0,22.285714285928574,29.12307692307693,8.929629629629629,13487,46,38.4,157.0,40133.0,175.0,801,39664,226,11108,71,2111,358,82,26509,20124,20341,1045,415,593,395,1335,1390,906,1102,1152,6884,16228,4120,3244,2428,7696,4428,6262,40465
49.0,1369.0,75.96296296296296,2879.0,9230.0,10652.0,67.0,140.0,144.0,22.207142857142856,14.430769230769233,5.807692307692308,13837,51,37.5,416.0,36615.0,356.0,1400,35987,223,4756,4,1072,86,136,31110,18344,19043,1237,683,897,426,1487,1279,856,1121,1617,4209,16280,2542,2180,3815,6646,2426,6226,37387
0.0,0.0,96.125,1625.0,3968.0,4707.0,75.0,110.0,115.0,22.28214285714285,24.876923076923077,9.374074074074072,4211,0,42.1,78.0,13276.0,37.0,258,13133,27,5685,0,133,0,146,7400,7108,6283,271,195,67,120,605,374,315,383,497,3028,4816,1505,1819,897,3130,935,1695,13391
124.0,7341.0,66.46428571428571,13110.0,37396.0,47109.0,275.0,475.0,522.0,21.714285714214288,13.03076923076923,4.65,53640,50,35.5,2303.0,122168.0,2481.0,8466,118486,2527,29572,213,2567,709,1576,89788,64337,62615,4520,2233,2701,2761,3839,4608,3892,4511,6458,14077,62310,7124,8774,18382,17029,6258,24517,126952
1441.0,64277.0,75.44075829383887,24891.0,67089.0,81999.0,691.0,1114.0,1222.0,21.710714285714285,20.784615384615385,8.799999999999999,93254,144,37.8,2945.0,237623.0,2675.0,6942,236301,3212,119701,116,6396,796,2488,110534,128060,115183,5975,3698,3524,4122,9665,8245,7810,7003,9771,36230,109207,23117,20586,29121,38901,15555,39988,243243
697.0,18904.0,67.4968152866242,20126.0,54508.0,63247.0,368.0,693.0,731.0,21.78928571464286,15.83846153846154,5.134615384615385,83996,143,36.1,3314.0,197127.0,2417.0,7770,195088,3026,51057,2,5654,481,1982,140656,103936,98922,6224,4014,4605,3711,7592,6723,6371,7361,9255,22571,95976,14042,14163,23937,34948,11173,34595,202858
77.0,693.0,91.33333333333331,1086.0,3252.0,4286.0,25.0,52.0,55.0,22.5,22.06153846153846,9.38888888888889,3084,2,42.3,2.0,9918.0,39.0,107,9852,12,1815,0,119,31,81,7901,4810,5149,240,333,131,102,444,352,209,318,323,1447,3658,1047,1154,790,2224,1006,966,9959
49.0,0.0,73.66666666666667,555.0,1197.0,1325.0,6.0,8.0,10.0,21.785714285714285,12.353846153846153,7.774074074074075,2841,0,44.9,174.0,6734.0,55.0,322,6641,29,102,0,191,41,0,6600,3533,3430,280,180,179,132,573,265,116,380,289,508,3151,279,435,483,1544,334,1399,6963
0.0,0.0,90.125,1062.0,2690.0,3002.0,35.0,55.0,59.0,22.78571428557143,26.83076923076923,10.088888888888889,2885,0,38.5,35.0,9521.0,30.0,356,9230,17,3121,0,61,4,80,6303,4456,5130,276,84,98,120,350,292,123,532,216,1303,3438,514,1039,822,2021,1227,1110,9586
37.0,843.0,95.0625,1407.0,3273.0,3873.0,50.0,73.0,81.0,22.42857142892857,25.50769230769231,8.511111111111111,4640,0,41.8,108.0,15675.0,71.0,242,15612,20,8289,0,277,10,104,7154,6757,9097,175,173,52,22,784,371,260,476,276,3219,5296,1556,2733,987,3948,1905,1874,15854
0.0,0.0,87.94736842105263,1797.0,5077.0,5943.0,58.0,89.0,91.0,22.503571428928574,34.45384615384616,10.196296296296296,5668,23,37.4,284.0,19202.0,47.0,404,19129,33,7906,0,292,2,129,11171,9877,9656,378,272,195,107,570,531,442,561,582,3056,6757,2543,1719,1085,4238,1744,2618,19533
34.0,249.0,82.92,2665.0,7307.0,9072.0,75.0,134.0,142.0,21.71071428607143,16.630769230769232,9.51851851851852,10014,1,39.3,66.0,27245.0,84.0,808,26587,22,9942,8,541,189,0,16693,14022,13373,875,657,287,323,918,908,937,981,1023,4042,11980,2385,2295,1995,5639,2380,3818,27395
1909.0,67341.0,60.94952681388013,36232.0,110411.0,129335.0,745.0,1321.0,1395.0,21.717857142964284,17.23076923076923,8.477777777777776,194305,503,34.2,15394.0,418782.0,8982.0,18896,424262,14101,202462,299,11445,891,9176,204784,231321,211837,14263,9542,9986,11773,14440,13216,13552,13825,18279,45765,230911,33569,18366,80233,55124,20563,62309,443158
23.0,224.0,95.42857142857144,1117.0,2521.0,3041.0,23.0,38.0,38.0,22.635714285714283,34.02307692307692,13.329629629629627,1039,1,30.7,1.0,6932.0,14.0,51,6896,0,4937,0,92,28,12,1878,2954,3993,72,38,60,32,117,95,133,116,62,963,1174,1245,797,252,1479,976,671,6947
297.0,7.0,68.35714285714286,3034.0,7284.0,7878.0,106.0,167.0,177.0,21.71071428535714,15.8,8.929629629629629,6220,9,43.1,83.0,19074.0,71.0,326,18902,75,8270,0,326,91,41,10425,8669,10559,803,542,292,256,634,467,413,892,584,2127,7073,1071,1631,1331,4660,2153,2655,19228
108.0,1349.0,87.52542372881356,3358.0,8368.0,9858.0,80.0,155.0,161.0,22.28214285714285,24.115384615384617,8.674074074074074,10409,110,36.2,1174.0,32215.0,102.0,1278,32213,167,8886,14,991,119,828,22486,16235,17256,729,274,193,259,1405,975,821,688,1114,5935,13765,3322,3540,2074,7301,3760,3962,33491
39.0,575.0,92.35714285714286,2455.0,7319.0,8458.0,104.0,176.0,186.0,22.71428571464286,25.06153846153846,10.57037037037037,6235,0,38.6,51.0,20017.0,41.0,119,19990,0,6729,5,179,19,18,13159,10410,9699,341,380,112,142,901,504,399,678,864,3182,7539,2322,2625,1255,4007,2381,2180,20109
0.0,0.0,83.13333333333334,2031.0,5843.0,6852.0,52.0,90.0,97.0,21.78928571392857,17.015384615384615,9.22962962962963,7210,15,38.3,577.0,21684.0,78.0,1158,21181,55,3681,0,485,45,391,17682,9710,12629,551,480,187,538,577,693,560,475,798,2195,8177,1791,1963,1074,5567,2234,3847,22339
159.0,3706.0,76.93984962406014,6557.0,19015.0,23088.0,148.0,258.0,271.0,21.8928571425,23.384615384615383,8.977777777777778,26637,23,37.1,1296.0,68471.0,996.0,3058,67705,1796,22670,1,2664,217,1188,42227,36016,34747,2026,1658,873,554,2288,2539,2974,2190,3320,8354,32244,8228,4780,5395,14608,6334,9324,70763
0.0,0.0,74.85,3521.0,8967.0,10948.0,92.0,149.0,155.0,21.714285714285715,18.77692307692308,10.05185185185185,11280,16,39.3,216.0,32255.0,155.0,886,31740,18,15841,0,553,15,186,16013,16184,16442,1003,669,559,339,995,1355,1062,1048,838,3237,14382,2877,2034,3234,6583,3754,4507,32626
0.0,0.0,90.14285714285714,1809.0,4346.0,5246.0,48.0,72.0,81.0,22.253571428214286,19.123076923076923,8.503703703703703,5100,4,41.8,177.0,15562.0,83.0,277,15545,103,4587,0,171,16,292,10653,7787,8035,326,142,197,149,746,463,602,503,601,2130,5763,1239,1341,1024,3311,1438,2237,15822
995.0,38691.0,57.88544891640867,44364.0,113174.0,134046.0,861.0,1316.0,1409.0,21.57499999964286,15.746153846153844,4.8375,190088,287,39.5,34538.0,378034.0,22331.0,63712,371191,18358,118026,40,15077,1591,19579,262232,224599,210304,13519,9723,9179,8366,15161,14500,14725,17048,21221,46956,221520,29037,28333,66725,65618,30803,68438,434903
49.0,1948.0,83.92307692307692,2913.0,6919.0,7913.0,88.0,152.0,171.0,22.250000000357144,16.46923076923077,8.525925925925925,10733,19,37.4,123.0,31155.0,147.0,786,30639,62,5152,0,835,242,191,24943,16015,15410,828,442,714,436,1144,700,812,757,1365,4367,12555,2599,3114,3227,6068,2458,4025,31425
1096.0,46659.0,57.79464285714285,21805.0,62128.0,73077.0,262.0,486.0,520.0,21.75714285714286,16.8,4.315384615384615,105940,144,35.5,6814.0,233314.0,3564.0,11174,232518,4504,62946,166,6915,512,2291,166358,125118,118574,8037,5541,5599,5986,7637,6981,5952,8683,11761,26299,125892,14135,10716,45106,38023,13072,35410,243692
194.0,7372.0,66.2,9250.0,27667.0,32723.0,198.0,363.0,392.0,21.789285714285715,13.9,4.438461538461539,37007,111,38.1,1672.0,95456.0,852.0,4273,93707,495,13197,47,2869,2306,2026,77040,50037,47943,3315,1512,2020,1536,3752,2877,2174,3619,5042,10798,44647,5915,6730,9007,21526,8932,12269,97980
46.0,606.0,77.53846153846153,1432.0,4192.0,4893.0,34.0,53.0,67.0,22.282142856785715,17.03076923076923,8.292592592592591,5289,8,38.4,203.0,14711.0,36.0,435,14515,227,1568,32,193,179,181,12570,7174,7776,391,305,236,205,584,317,537,295,590,1408,6060,910,968,1306,3081,1532,1677,14950
122.0,3024.0,73.25714285714285,4251.0,12186.0,14664.0,89.0,137.0,156.0,22.071428571428573,19.361538461538466,8.488888888888889,18642,11,28.1,1116.0,45287.0,715.0,1456,45662,735,18973,1,769,56,961,25623,24034,23084,940,458,620,654,1766,1603,1424,1250,1456,7690,21651,3627,2432,6745,5355,2167,5053,47118
0.0,0.0,59.15476190476191,12515.0,37033.0,41872.0,186.0,457.0,480.0,21.71428571392857,10.76923076923077,4.826923076923077,59872,526,36.8,2407.0,137051.0,1066.0,5563,134961,1140,8508,22,2901,573,1734,125646,71461,69063,5680,4046,3536,1991,3782,4084,3580,4472,6994,10525,67160,7288,4323,15879,28035,9322,21358,140524
0.0,0.0,89.57142857142857,1558.0,3255.0,3729.0,36.0,58.0,64.0,22.5321428575,32.47692307692308,10.592592592592592,2922,0,34.8,70.0,11046.0,21.0,250,10887,0,7111,0,131,7,38,3850,5667,5470,143,156,49,74,399,237,329,327,230,1785,3517,1560,1237,831,2037,1582,1463,11137
49.0,837.0,89.24,2728.0,6836.0,8163.0,69.0,132.0,142.0,22.22142857178571,28.207692307692305,11.22962962962963,8378,7,40.3,49.0,25005.0,135.0,120,25069,127,12394,0,194,34,20,12420,13062,12127,437,128,262,141,888,766,659,982,886,4589,9361,2640,3699,1656,4861,2268,3596,25189
208.0,1886.0,78.84210526315789,3880.0,10090.0,12223.0,81.0,160.0,181.0,22.210714285714285,19.115384615384617,9.11851851851852,12120,9,33.5,169.0,38155.0,181.0,923,37582,69,16305,0,715,381,1127,19908,19960,18545,1115,319,388,276,1547,964,820,889,941,7065,14878,3933,4733,3004,6257,1879,5481,38505
2418.0,80140.0,49.459715639810426,28802.0,86793.0,106755.0,770.0,1101.0,1169.0,21.564285714642857,22.9,9.168,134288,286,37.2,11246.0,369936.0,10067.0,21452,369797,11305,231679,31,9981,723,6852,130678,205997,185252,9409,5993,8204,9591,12944,11122,10002,12441,14815,60305,196922,30836,29789,86289,48858,25055,61309,391249
762.0,26880.0,75.80869565217391,17750.0,50413.0,59554.0,426.0,726.0,806.0,21.785714285714285,21.1,8.596296296296297,60136,53,36.2,1391.0,151691.0,1597.0,3458,151221,1585,58208,28,2570,249,1467,90572,80595,74084,4088,2465,2837,2037,6172,5175,4305,4633,5147,20097,69233,14548,11827,19055,26525,9414,23258,154679
0.0,0.0,66.21739130434783,2389.0,6393.0,7435.0,25.0,44.0,48.0,21.564285714285717,12.353846153846153,4.766666666666667,10021,0,36.1,364.0,22287.0,654.0,1780,21525,967,4587,17,1394,302,323,15715,11929,11376,909,718,472,523,599,511,523,1217,890,2238,11078,1577,1286,2443,3814,1523,4521,23305
0.0,0.0,68.27777777777777,2383.0,6247.0,7437.0,70.0,89.0,96.0,21.728571428571428,17.346153846153847,9.444444444444445,8062,6,43.1,110.0,21579.0,194.0,610,21273,61,7573,0,419,15,155,13660,11260,10623,684,570,213,295,640,508,840,619,1021,3666,9712,1701,1982,1425,3980,1796,3483,21883
692.0,27157.0,72.54368932038835,11347.0,32645.0,37952.0,300.0,561.0,604.0,21.78571428607143,18.07692307692308,8.411111111111111,48630,188,37.5,1638.0,127139.0,1599.0,4280,126096,1711,41219,18,3679,879,708,82162,67347,63029,3753,2712,2169,1806,4204,5139,3771,4082,5244,16195,59173,11158,8085,14448,23683,7855,19620,130376
0.0,0.0,91.125,862.0,2105.0,2425.0,36.0,52.0,58.0,22.425,23.684615384615384,9.303703703703704,2887,0,40.6,8.0,8454.0,0.0,37,8425,0,3425,0,223,0,23,4791,4311,4151,211,100,51,142,258,174,175,282,336,1553,3204,846,864,525,2098,615,969,8462
38.0,484.0,87.75,2364.0,6671.0,8294.0,51.0,94.0,104.0,22.2821428575,23.307692307692307,9.68148148148148,7118,12,39.0,23.0,20140.0,88.0,460,19791,62,7239,0,400,5,31,12514,10355,9896,589,264,217,101,503,576,598,757,717,3241,8414,2283,2616,1420,3974,2175,2660,20251
48.0,357.0,88.6923076923077,2798.0,6324.0,7688.0,56.0,109.0,122.0,22.27857142857143,18.53076923076923,8.625925925925925,7184,12,41.6,77.0,23752.0,86.0,946,22969,92,3782,8,1775,1674,285,16299,12092,11823,476,299,215,224,831,877,960,826,793,3869,8802,2162,2785,1616,5663,1506,2834,23915
40.0,1428.0,69.6875,3825.0,11172.0,13411.0,46.0,108.0,117.0,21.5678571425,19.346153846153847,8.884,17692,88,34.5,1304.0,44469.0,921.0,4729,41965,1213,10967,26,1488,186,796,32018,23883,22811,863,613,884,489,1336,1299,1097,1397,1980,5207,21411,5110,2667,3794,7375,4780,9438,46694
57.0,699.0,54.371428571428574,5175.0,13771.0,16257.0,90.0,142.0,152.0,21.57142857132143,10.553846153846154,4.875,22653,30,38.0,711.0,50923.0,1222.0,3296,49560,433,14063,0,1250,119,1021,35970,26678,26178,2070,1673,1801,1228,1527,1348,1709,1702,2029,4221,26214,2711,2009,8114,8863,2481,8842,52856
0.0,0.0,82.0,885.0,1909.0,2137.0,8.0,23.0,25.0,21.71428571464286,24.153846153846157,10.55185185185185,3274,0,41.4,171.0,10035.0,21.0,194,10033,31,5343,0,73,72,11,4697,5326,4901,322,151,193,57,263,320,271,301,471,1536,4663,1102,1311,959,1997,1024,1263,10227
0.0,0.0,64.26315789473684,1869.0,5770.0,6939.0,49.0,76.0,78.0,21.860714285714288,15.438461538461535,7.496153846153846,8256,0,39.6,152.0,20919.0,71.0,371,20771,39,10440,36,110,0,135,10382,11058,10084,753,399,876,312,600,652,579,617,581,2538,9564,1345,1625,1978,4193,1285,3501,21142
0.0,0.0,68.8,3567.0,10473.0,12545.0,133.0,184.0,187.0,21.571428571428573,16.53076923076923,6.554166666666667,17159,0,37.8,607.0,41163.0,1285.0,2735,40320,464,24758,0,931,0,985,15917,22156,20899,1364,990,867,437,1526,1722,775,1754,1902,3914,20145,3499,2472,3825,8205,3030,7563,43055
417.0,9247.0,80.65277777777777,8375.0,22126.0,26159.0,246.0,405.0,426.0,22.071428571785717,23.423076923076923,9.011111111111113,28571,9,36.8,519.0,82029.0,238.0,1882,80904,33,34659,36,1183,228,333,46314,42834,39952,2150,1165,891,549,2907,3304,2610,1944,3035,11941,33304,7846,8677,5300,16738,8329,10040,82786
0.0,0.0,75.45744680851064,4889.0,12902.0,14540.0,113.0,181.0,197.0,21.746428571071423,16.93846153846154,8.644444444444444,20099,63,37.7,586.0,52682.0,339.0,1639,51968,544,15552,0,1382,216,361,35552,27253,26354,1397,1016,863,603,1783,1970,1681,1757,2265,6320,24159,4139,3744,4514,12670,4035,6790,53607
156.0,1699.0,87.1063829787234,4218.0,12450.0,14665.0,123.0,258.0,281.0,22.071428571785717,21.392307692307693,9.344444444444443,18282,7,39.4,1304.0,48028.0,688.0,3491,46529,731,15589,8,1960,791,1625,29316,25337,24683,1179,517,351,420,2170,2141,2334,1272,1673,7576,20847,5120,4462,2627,13340,4016,5716,50020
793.0,32627.0,48.55345911949686,24555.0,71846.0,86174.0,504.0,834.0,911.0,21.571428571214287,11.015384615384615,4.291666666666667,104597,202,40.4,5707.0,247384.0,5356.0,14886,243561,3966,30353,137,8717,1609,2786,210879,132943,125504,9688,6073,7664,7624,7557,6859,7646,8339,13614,19990,126224,10291,8392,46563,31667,11044,44004,258447
294.0,11353.0,67.82716049382717,12104.0,34566.0,41454.0,274.0,588.0,645.0,21.857142856785718,16.453846153846154,9.744444444444444,51108,179,35.5,1916.0,130725.0,1112.0,5831,127922,873,40007,22,3890,302,434,88225,69035,64718,3604,2779,2447,1490,4566,3010,3099,4677,5835,17041,60424,12022,8113,14850,23260,12642,17210,133753
0.0,0.0,94.0,357.0,983.0,1248.0,6.0,11.0,13.0,22.782142857857146,31.46923076923077,14.93103448275862,1135,0,44.5,7.0,4398.0,30.0,100,4335,6,2452,0,5,0,49,1923,2291,2144,54,23,39,23,225,121,161,146,108,914,1478,676,730,316,892,482,355,4435
291.0,6811.0,69.2967032967033,9682.0,30768.0,36843.0,209.0,407.0,432.0,21.789285715,14.8,4.7384615384615385,41836,122,36.1,1983.0,108110.0,1204.0,5726,105571,1123,21639,22,3300,6382,1471,77360,56489,54808,3442,1596,2292,1559,3454,3503,2687,3588,5700,12553,50543,7688,6635,9857,22152,9763,15941,111297
0.0,0.0,85.47619047619048,2311.0,6895.0,8423.0,77.0,129.0,142.0,21.7821428575,18.838461538461537,8.907407407407407,8146,30,42.3,370.0,21835.0,65.0,1068,21202,6,5488,6,463,46,454,15807,11143,11127,643,218,369,238,702,739,720,873,845,3052,9077,2028,3022,1763,5186,1759,2618,22270
60.0,1524.0,75.56989247311827,4941.0,15221.0,18067.0,109.0,222.0,241.0,21.88928571357143,17.984615384615385,5.211538461538462,21035,86,38.3,684.0,58283.0,820.0,2149,57638,1133,8503,68,1134,207,259,48483,30750,29037,1953,1139,875,717,1850,2082,1723,2162,2931,6748,26245,4135,3327,5243,12565,5806,7049,59787
49.0,1155.0,75.6086956521739,2911.0,9914.0,11209.0,97.0,187.0,195.0,22.214285714285715,14.892307692307693,9.6,19668,58,30.5,644.0,47548.0,1123.0,4691,44624,1077,7219,169,1963,590,1122,37175,23138,26177,1287,732,648,398,1776,1672,1699,1831,2226,5247,23291,2524,2961,4557,8954,2650,7901,49315
48.0,1418.0,81.06060606060606,4144.0,12900.0,15342.0,122.0,246.0,264.0,22.071428571428573,22.8,9.218518518518518,15509,0,39.8,360.0,45776.0,189.0,1108,45217,48,14055,0,768,144,465,30845,23409,22916,1256,514,479,276,1837,1812,1141,1498,1805,7176,18931,5069,4734,2432,10122,4517,6239,46325
213.0,2408.0,92.86842105263158,3946.0,11078.0,13751.0,100.0,175.0,195.0,21.964285714285715,22.892307692307693,9.28888888888889,12987,2,41.1,215.0,38372.0,226.0,775,38038,87,13288,14,598,156,18,24652,19816,18997,593,350,475,221,2292,1270,898,1222,929,8070,15023,3904,7117,3077,7831,2452,6014,38813
0.0,0.0,56.71428571428572,2547.0,7279.0,8534.0,54.0,84.0,93.0,21.71428571392857,13.838461538461535,5.173076923076923,11306,13,36.6,61.0,26278.0,56.0,848,25547,0,10688,0,443,32,67,15165,13548,12847,951,666,880,352,657,733,908,924,1582,1957,13069,2155,1028,3463,4886,1908,4124,26395
30.0,536.0,89.63636363636364,1165.0,3614.0,4331.0,39.0,61.0,71.0,22.792857143214288,22.907692307692308,13.037037037037036,3781,2,40.8,46.0,10771.0,117.0,435,10499,0,1706,23,186,20,268,8731,5282,5652,174,137,181,74,537,478,235,451,384,1475,4342,926,1659,545,2778,932,1275,10934
0.0,0.0,46.75,1123.0,2824.0,3102.0,31.0,44.0,48.0,21.70714285642857,14.184615384615382,5.246153846153846,5243,0,42.1,282.0,15038.0,121.0,182,15259,104,6863,0,229,23,13,8209,5143,10298,241,322,405,306,409,284,370,303,511,1051,6273,913,754,1951,3267,1820,2547,15441
40.0,572.0,92.8,1480.0,4414.0,5241.0,40.0,61.0,68.0,22.285714285714285,23.423076923076923,9.477777777777778,4542,11,41.3,104.0,14009.0,52.0,287,13878,7,4532,0,198,37,106,9285,6601,7564,452,65,117,165,461,503,566,337,378,2317,5190,651,1288,1180,3254,1365,1741,14165
580.0,12171.0,62.708333333333336,4930.0,22233.0,28509.0,57.0,260.0,335.0,21.789285714250003,12.215384615384616,8.040740740740741,46930,54,40.7,1792.0,104163.0,2003.0,2042,105916,984,2559,0,5752,177,379,98107,55120,52838,4178,2692,2335,1409,4634,4688,3550,4826,5757,11837,56723,6718,5827,13748,19124,3592,19727,107958
239.0,3738.0,85.32432432432432,1298.0,12226.0,18328.0,44.0,145.0,199.0,22.71785714260714,14.63076923076923,9.107407407407408,26022,63,48.0,825.0,64730.0,1876.0,868,66563,258,683,25,1253,1289,210,63713,34038,33393,1833,920,837,727,3272,2727,2376,2951,3423,10528,30695,3124,6173,7551,11947,2235,12082,67431
830.0,34352.0,34.43231441048035,13014.0,47566.0,66462.0,183.0,341.0,498.0,21.714285713714283,6.384615384615385,3.673076923076923,131358,169,42.1,8211.0,276817.0,9492.0,6315,288205,6665,9192,28,9083,827,1615,267110,151568,142952,13649,9286,10870,11010,8786,9029,8874,12103,17714,22063,170070,8704,9565,80423,31678,6257,41463,294520
41.0,1556.0,67.29411764705883,924.0,5585.0,7323.0,13.0,56.0,71.0,22.285714285857143,11.561538461538465,8.592592592592593,12094,0,46.5,252.0,29395.0,286.0,398,29535,142,86,7,870,19,104,28705,15322,14611,1111,281,349,599,1350,1198,1037,1515,1529,3457,15257,1488,1998,3711,5873,838,4765,29933
45.0,1815.0,50.46808510638298,950.0,7133.0,10199.0,34.0,78.0,119.0,22.285714285821427,10.66153846153846,8.511111111111111,23304,12,49.1,961.0,53042.0,829.0,833,53999,664,433,8,966,319,106,52336,28332,26500,1807,1436,1341,1241,2204,2086,2277,2876,3065,5783,29155,1826,2965,9651,9262,1328,8074,54832
231.0,10671.0,64.58333333333333,3791.0,22312.0,30176.0,53.0,223.0,309.0,22.074999999714287,9.53076923076923,7.9148148148148145,52467,101,44.1,1226.0,119375.0,1557.0,1964,120194,1164,959,67,2640,524,189,116615,62559,59599,4541,2797,2347,1998,5526,4668,3843,5370,7591,13825,62834,5763,6363,19297,20770,3593,20397,122158
165.0,2492.0,48.78947368421053,680.0,5763.0,8147.0,5.0,31.0,55.0,22.603571428321427,10.8,4.726923076923077,16056,40,48.6,506.0,38778.0,525.0,606,39203,208,184,5,901,220,224,38067,19901,19908,1541,920,859,803,1576,1706,1827,1649,2552,4064,20436,1492,1630,6230,6920,1443,5677,39809
0.0,0.0,47.48484848484848,597.0,5071.0,6944.0,2.0,31.0,44.0,22.503571428428568,10.33846153846154,4.765384615384615,13997,16,51.2,334.0,33600.0,481.0,442,33973,295,168,0,820,134,88,32910,17544,16871,1373,817,648,675,1541,1594,1349,1705,2421,3542,16979,1439,2125,5098,6041,1007,4760,34415
0.0,0.0,69.25454545454545,2291.0,10973.0,14603.0,54.0,140.0,177.0,22.282142857,15.023076923076925,8.718518518518518,22843,15,47.8,376.0,56815.0,550.0,834,56907,308,183,3,1663,168,163,55253,29258,28483,1745,920,908,505,2515,2207,1793,2377,2886,6503,27729,4060,3506,6026,12681,2526,9493,57741
476.0,19379.0,70.45217391304348,4101.0,26806.0,37661.0,87.0,315.0,391.0,21.78571428596429,11.33846153846154,8.003703703703703,63618,80,42.2,2089.0,147351.0,2256.0,2199,149497,1194,1274,11,3829,2066,631,142691,76463,75233,5241,2825,2827,2143,7195,5568,5395,6234,7892,17753,77725,6769,7472,23861,25392,4545,26458,151696
0.0,0.0,81.2,339.0,2920.0,3929.0,1.0,30.0,46.0,22.432142856964283,15.1,9.21111111111111,5678,0,51.5,215.0,16515.0,134.0,319,16545,130,115,0,373,44,161,16041,8397,8467,400,237,174,142,891,775,730,708,584,2539,7013,1025,1177,1591,3520,532,2895,16864
0.0,0.0,48.03125,903.0,4923.0,7034.0,6.0,28.0,48.0,21.71785714235714,7.584615384615384,3.892307692307692,16099,2,47.2,559.0,34484.0,677.0,654,35066,297,233,0,821,123,60,34186,18226,17494,1619,1318,785,509,1297,1385,1076,1766,3033,3236,19673,1043,1540,6709,5762,1039,5355,35720
0.0,0.0,79.39583333333333,1274.0,9389.0,12972.0,27.0,102.0,123.0,22.292857143142857,13.776923076923076,9.477777777777778,19497,18,46.9,380.0,49703.0,490.0,572,50001,304,309,0,1028,143,58,48731,25511,25062,1390,766,608,300,2247,2067,2047,2167,2685,7368,23467,3310,3737,4562,10953,2052,9178,50573
0.0,0.0,61.41176470588236,619.0,5901.0,8086.0,19.0,55.0,80.0,22.282142857071427,13.13076923076923,8.422222222222222,15676,14,46.2,466.0,38872.0,385.0,618,39105,158,164,0,899,163,228,38111,20262,19461,1402,985,711,594,1518,1443,1512,2193,2499,4570,20037,1726,2307,5978,6527,1484,6543,39723
0.0,0.0,80.65714285714286,729.0,4167.0,5748.0,14.0,50.0,72.0,22.717857142714283,17.053846153846152,9.477777777777778,10873,13,48.5,518.0,30202.0,658.0,790,30588,137,221,9,792,1682,168,28369,15986,15392,922,680,356,229,1457,1279,1195,1381,1555,4776,13749,2053,2454,3351,5893,1334,4841,31378
234.0,8871.0,39.05921052631579,9814.0,38781.0,52008.0,124.0,255.0,361.0,21.71428571392857,6.938461538461539,4.253846153846154,95974,279,45.3,3021.0,198844.0,4209.0,3689,202385,2362,1872,27,5270,996,462,195085,105710,100364,9808,6118,5575,5022,7243,6205,7221,9173,13511,17043,114678,6657,8084,35427,31807,5343,37598,206074
204.0,10034.0,76.9795918367347,6426.0,17049.0,19335.0,200.0,350.0,372.0,21.78571428542857,14.753846153846156,7.974074074074075,24648,67,41.4,633.0,69603.0,766.0,1325,69677,674,5954,6,1668,117,163,62420,33673,37329,2078,1021,844,566,2580,2840,2518,2936,3608,8378,29744,4742,4706,7248,13561,3217,11463,71002
664.0,46429.0,24.024024024024023,36543.0,88564.0,107255.0,548.0,1045.0,1147.0,21.57142857171429,5.246153846153846,3.9884615384615385,258716,649,38.5,21300.0,525664.0,28457.0,46230,529191,22098,96112,244,30507,1218,16945,408297,290739,284682,27057,21110,28652,33828,11094,11247,11570,18603,28730,21231,320475,16628,12036,140873,65101,18570,87827,575421
1102.0,55741.0,38.92727272727273,52096.0,130889.0,154159.0,1306.0,2432.0,2587.0,21.57500000007143,8.984615384615385,7.874074074074075,353837,922,39.5,44432.0,726574.0,57187.0,46179,782014,50294,243098,754,29555,2111,14858,487523,436026,392167,34522,25670,30269,31318,21535,23911,22449,31631,42694,51348,443470,39913,27884,180636,103297,30938,118720,828193
70.0,5257.0,23.125,3718.0,11052.0,13159.0,73.0,141.0,153.0,21.57142857182143,4.853846153846154,3.9153846153846152,41739,172,40.5,988.0,89057.0,2049.0,3818,88276,1747,11456,46,4181,155,524,73985,46443,45651,4342,3748,4751,5763,1513,1531,1686,2390,4024,2810,49759,2554,2582,17685,13609,2213,15959,92094
0.0,0.0,54.59090909090909,2063.0,6016.0,6694.0,21.0,80.0,83.0,22.14285714321429,14.0,7.596296296296297,14363,0,39.3,1509.0,31148.0,603.0,2510,30750,170,4589,0,1281,94,1050,26076,16948,16312,1147,769,682,523,971,1196,1226,1322,1573,2751,16911,2445,1688,3351,6657,2369,4867,33260
153.0,8814.0,25.828282828282827,7717.0,21151.0,25078.0,215.0,392.0,424.0,21.571428571285715,4.346153846153846,3.815384615384616,78046,79,42.2,2848.0,161320.0,4065.0,6217,162016,3437,6088,73,4509,437,1509,152180,84960,83273,8137,6424,7971,7994,3483,3750,3264,4685,8157,7396,91642,3785,5799,35868,23241,4523,25205,168233
124.0,6583.0,40.784615384615385,5072.0,15315.0,18040.0,123.0,255.0,269.0,21.56428571442857,9.792307692307691,8.077777777777778,45491,0,40.7,1916.0,98849.0,2124.0,4700,98189,1541,7032,7,3596,81,1154,89478,51704,51185,4709,2786,3572,2666,2518,2786,2595,3268,6004,6389,53525,5901,3547,14591,19024,4938,16656,102889
93.0,5475.0,28.65116279069768,9132.0,27681.0,34033.0,161.0,345.0,370.0,21.57142857171429,6.076923076923077,4.161538461538462,71287,109,38.5,3918.0,151029.0,6501.0,9779,151669,5039,76590,39,9622,1028,1915,67215,83692,77756,7530,6713,7833,7905,2910,2675,3330,4788,7732,5972,87146,6750,5196,27746,26111,4719,30051,161448
0.0,0.0,57.37931034482759,2380.0,7675.0,8678.0,45.0,106.0,112.0,22.217857143214285,16.992307692307694,8.722222222222221,12978,23,44.8,746.0,30692.0,556.0,1840,30154,377,8216,0,1984,12,628,20777,17044,14950,1127,827,339,499,1209,1268,1016,1308,1834,4006,15859,3281,2342,2934,6344,2026,4986,31994
284.0,14633.0,26.77720207253886,17282.0,45251.0,52763.0,286.0,509.0,546.0,21.567857143214287,5.615384615384615,3.923076923076923,114188,399,39.0,12153.0,227743.0,16059.0,25528,230427,11364,25253,160,13889,568,4237,200484,129935,126020,11911,9553,13055,12962,4479,5329,5568,8056,12389,10997,142202,8770,7687,60250,29686,8228,39343,255955
36.0,1079.0,54.333333333333336,1849.0,5658.0,6370.0,61.0,114.0,117.0,22.36071428560714,12.430769230769233,7.818518518518518,12026,23,46.8,136.0,28835.0,184.0,345,28810,128,348,12,428,50,27,28162,14632,14523,1079,443,480,712,1551,1127,1024,1350,1856,3123,14507,1243,2209,3508,6482,1171,3844,29155
243.0,16290.0,31.840236686390533,12823.0,37895.0,44467.0,245.0,570.0,606.0,21.574999999785717,6.746153846153846,4.380769230769231,117849,530,40.8,3349.0,241644.0,8743.0,11856,241880,6877,35208,53,10030,380,4165,197023,129671,124065,11452,9201,12100,11907,5541,5833,5376,7715,13214,12755,138846,8370,7209,53531,32231,6922,42792,253736
225.0,13925.0,16.593939393939394,16283.0,43201.0,56137.0,221.0,367.0,394.0,21.567857143285718,5.061538461538461,3.4384615384615387,141914,287,38.7,25167.0,254204.0,43036.0,22713,299694,59458,61967,112,17664,849,5559,176798,164747,157660,12631,10661,17406,29789,3914,4526,4233,7768,14389,11140,179539,8363,4523,112536,20968,6353,33853,322407
12.0,276.0,41.875,1142.0,3027.0,3580.0,43.0,66.0,73.0,22.135714285571428,13.561538461538465,7.677777777777778,7453,0,48.0,618.0,18502.0,336.0,873,18583,222,2730,6,594,15,405,15484,10223,9233,836,472,586,642,862,631,689,688,924,1944,9773,947,1761,3151,2768,850,2022,19456
1371.0,77191.0,16.0,64273.0,165809.0,216490.0,1435.0,2005.0,2138.0,21.57499999985714,7.415384615384616,3.607692307692308,394463,1817,39.4,146885.0,709935.0,190841.0,204620,843041,156834,193450,419,62875,3083,94233,536767,541193,506468,39739,31706,47419,87535,17776,16222,18631,28096,43099,42602,589878,32403,17768,334771,73235,46047,105853,1047661
681.0,31204.0,31.73921200750469,74704.0,169245.0,202294.0,1346.0,2123.0,2226.0,21.57857142857143,10.069230769230767,8.344444444444445,363001,2223,37.5,118323.0,701293.0,90935.0,171094,739457,38755,565972,337,36240,2969,119738,146540,472501,438050,38980,27224,34555,34472,18643,20089,22816,31018,46134,41703,519332,41552,24683,175770,122720,62618,137443,910551
0.0,0.0,24.21875,2605.0,7024.0,8051.0,39.0,108.0,118.0,21.567857143107144,6.907692307692307,4.030769230769231,21861,177,44.7,997.0,48007.0,1159.0,2065,48098,549,2961,13,1866,52,727,43995,25205,24958,2411,1707,2419,2543,1036,1120,1246,1539,2559,2420,26576,1572,1525,9743,7464,1287,7681,50163
93.0,6951.0,28.295081967213115,5233.0,18766.0,22001.0,116.0,208.0,230.0,21.860714285821427,7.246153846153846,4.084615384615384,50034,136,36.5,2781.0,107317.0,3084.0,6007,107175,2936,16348,21,5883,67,1146,86781,56632,56550,4955,4198,5770,4894,2353,2237,2610,3322,5475,5466,60075,4780,4159,20644,17979,4545,17526,113182
0.0,0.0,75.84210526315789,2415.0,5147.0,5721.0,34.0,70.0,76.0,21.75357142857143,20.146153846153844,8.74074074074074,7804,182,36.9,426.0,24747.0,526.0,946,24753,213,10696,0,975,85,220,13510,11858,13841,552,531,167,113,1159,619,634,911,993,2830,10350,2398,1457,1949,4930,1953,4042,25699
128.0,6126.0,28.73076923076923,1908.0,5521.0,6446.0,35.0,85.0,94.0,22.074999999607144,10.33846153846154,7.74074074074074,14547,52,51.0,1381.0,34573.0,1133.0,2545,34542,485,4028,0,1992,132,346,30104,19517,17570,1498,1316,1023,1860,1180,1175,1441,1519,2506,3292,17874,1391,1921,6521,3945,1342,5400,37087
254.0,14260.0,51.68627450980392,12571.0,34901.0,38202.0,259.0,575.0,600.0,21.75357142857143,12.323076923076922,7.762962962962963,59910,157,40.7,3516.0,143075.0,3984.0,8169,142406,2551,16404,149,7351,225,1609,122286,73965,76610,5195,3646,4409,3095,4897,5119,3927,5433,7887,12759,73110,9151,8383,18673,27664,8003,25417,150575
225.0,12686.0,59.070422535211264,6845.0,19525.0,22565.0,145.0,322.0,342.0,21.750000000357144,12.23076923076923,7.966666666666667,44382,228,36.0,5198.0,94779.0,3245.0,5550,97672,3117,27011,20,3648,192,1895,67339,54191,49031,3409,2232,2642,1549,3738,3016,2744,4512,4854,9446,53943,7656,5019,14132,15319,5551,13921,103222
62.0,2584.0,43.528301886792455,3293.0,8599.0,9919.0,93.0,154.0,167.0,21.892857142535718,10.96923076923077,10.64074074074074,20900,52,50.5,1548.0,49273.0,1146.0,1882,50085,609,6615,0,1552,85,278,42828,26595,25372,2076,1391,1343,1794,2051,1838,1533,2208,3488,4939,25836,1955,2805,8013,7211,1694,8321,51967
4374.0,296177.0,65.7326565143824,41193.0,110755.0,133148.0,902.0,1749.0,1850.0,21.567857142142856,20.8,8.785185185185185,187743,478,35.5,28004.0,553694.0,20576.0,32627,569647,14954,375002,179,19249,1855,12039,178996,319886,282388,18597,11630,12997,14982,22212,19486,18877,22056,26487,75175,305582,58794,42661,117669,94843,41075,83296,602274
340.0,20709.0,20.484536082474225,10452.0,34551.0,49493.0,418.0,680.0,608.0,21.785714285607146,7.715384615384615,8.833333333333334,88831,127,53.7,7901.0,195520.0,10084.0,6915,206590,3088,6098,136,6931,1142,3266,192844,111324,102181,9087,8244,8820,10294,7686,6569,6706,9657,12689,16107,111058,5069,7001,41907,24935,4540,30056,213505
272.0,10448.0,49.099236641221374,4921.0,22726.0,35346.0,263.0,408.0,395.0,21.782142857571426,10.16153846153846,7.462962962962963,51948,180,47.2,2674.0,118850.0,4403.0,6237,119690,2192,3423,54,4720,316,1984,113238,64914,61013,5271,3136,3591,3556,4661,4255,4346,5297,7281,13392,66241,5218,6592,22045,18173,4241,18968,125927
1116.0,49699.0,36.67088607594937,56686.0,148623.0,182151.0,1556.0,2488.0,2214.0,21.57142857107143,9.83846153846154,8.796296296296296,246936,1361,41.0,25006.0,491316.0,46979.0,47071,516230,12873,23616,183,27461,468,31988,466712,290639,272662,21420,16912,20318,17875,15372,15260,14409,19641,28752,50406,300252,32292,28341,93519,88377,32570,85968,563301
0.0,0.0,6.526315789473684,879.0,3395.0,8306.0,0.0,0.0,0.0,22.639285714142854,10.046153846153846,8.722222222222221,6391,0,49.0,981.0,15279.0,1170.0,612,16818,104,764,0,1004,297,406,14855,8938,8492,852,452,482,848,413,580,721,605,854,1080,9386,180,576,3507,2358,409,2763,17430
1528.0,65008.0,22.89407540394973,85100.0,202936.0,256681.0,2211.0,3160.0,2828.0,21.57142857107143,8.107692307692307,8.537037037037036,328582,1059,40.9,59694.0,649373.0,77971.0,168536,618502,27109,33962,166,37188,1309,71663,615641,407787,379251,29727,21219,29985,42469,19062,17977,16386,24971,37193,58265,432253,40495,30648,175443,95989,38200,103155,787038
89.0,4276.0,47.08064516129032,2036.0,10336.0,14714.0,101.0,170.0,151.0,21.88928571407143,11.107692307692307,7.21111111111111,29968,82,47.0,1418.0,67223.0,1888.0,2988,67541,1058,785,70,2691,124,891,64910,36192,34337,3049,1739,1892,1532,2703,2816,2380,3284,4232,7163,38512,2617,3889,13948,10526,2313,11150,70529
1319.0,59172.0,56.10606060606061,42911.0,131696.0,171829.0,1379.0,2076.0,1859.0,21.71428571392857,16.192307692307693,8.374074074074073,188167,301,39.4,14668.0,425776.0,26203.0,119915,346732,11681,41265,73,26744,936,21172,364776,241234,225413,16028,10896,12125,10711,16410,13965,13055,16856,21120,49326,230248,40627,26025,68463,69541,29924,71696,466647
140.0,6363.0,34.43,7715.0,27055.0,39662.0,269.0,413.0,368.0,21.714285714285715,8.115384615384615,7.17037037037037,62391,294,36.6,7322.0,147206.0,6833.0,9438,151923,8299,3957,222,6889,208,1990,139796,86078,75283,6437,4677,5185,5286,5175,3959,3857,5318,7665,12048,88992,3591,4076,36870,15079,2644,17620,161361
2535.0,117137.0,13.842243645924627,114299.0,319520.0,436797.0,3506.0,4723.0,4154.0,21.57142857117857,5.753846153846155,4.0346153846153845,618558,1193,38.5,170123.0,1264621.0,171155.0,129313,1476586,199161,84630,811,63838,3223,45999,1208237,819338,786561,63376,53266,79837,127122,29812,29451,29984,43006,68952,87044,929011,38279,42789,537787,146493,44372,155664,1605899
14.0,517.0,2.363636363636364,1187.0,3357.0,3606.0,3.0,0.0,0.0,22.710714285535715,11.87142857142857,5.126923076923077,4857,0,41.7,1068.0,9461.0,683.0,1577,9635,157,1455,7,555,110,314,8614,5138,6074,310,428,438,854,282,177,231,241,394,354,6817,41,256,3234,1088,385,2358,11212
534.0,38967.0,14.311608961303463,46641.0,129370.0,173464.0,1662.0,2241.0,1976.0,21.56785714307143,4.946153846153846,4.257692307692308,261859,448,40.9,51322.0,573388.0,79030.0,33262,670478,79812,50508,264,24778,1021,11640,535717,364968,338772,28622,22978,32411,56783,13066,13084,13130,20224,31204,36465,394476,15538,17441,223130,59178,17561,76721,703740
431.0,23954.0,23.979411764705883,41187.0,114505.0,143431.0,1332.0,2001.0,1736.0,21.56428571421429,5.869230769230769,4.984615384615385,223753,421,42.7,19692.0,468051.0,30854.0,21000,497597,7736,48800,138,18922,784,16636,425581,266636,251961,21630,16894,22531,27726,11927,11244,11716,15313,23412,27962,284782,19988,14740,107100,70628,16592,74717,518597
4149.0,185077.0,15.27027027027027,80026.0,207507.0,267874.0,1729.0,2307.0,2050.0,21.57142857071429,16.06923076923077,7.8,199918,593,33.0,122944.0,563607.0,114611.0,183798,617364,71425,172540,364,70132,2293,53123,431285,414606,386556,28402,21851,30396,41377,18316,18656,15853,23839,34295,79993,476035,44892,33751,238211,89230,49399,85151,801162
1676.0,79491.0,37.94982078853047,66895.0,189991.0,240341.0,2072.0,3043.0,2672.0,21.71428571467857,8.461538461538462,8.492592592592594,355936,995,40.2,46253.0,724423.0,55979.0,97478,729177,41349,41566,298,36391,1768,25702,679581,419219,407436,34024,24459,31571,32233,22243,21420,20742,26960,38616,61813,447020,36427,31232,174946,114940,31116,121867,826655
0.0,0.0,81.9090909090909,434.0,1717.0,1933.0,24.0,70.0,79.0,22.78571428557143,17.83076923076923,12.307407407407409,3050,0,58.9,59.0,10217.0,120.0,166,10230,36,44,2,165,73,49,10027,5145,5251,239,133,117,89,643,594,422,576,601,1701,3728,465,1061,751,1832,438,1793,10396
0.0,0.0,74.16666666666667,436.0,1703.0,2125.0,5.0,13.0,19.0,22.68214285703572,13.376923076923076,11.537037037037036,2306,7,49.6,76.0,8927.0,95.0,153,8945,71,632,0,336,359,42,7658,4015,5083,215,115,41,43,376,302,286,449,345,1074,3147,315,617,879,2258,267,1305,9098
0.0,0.0,58.14457831325301,7472.0,26927.0,32211.0,118.0,336.0,404.0,22.07500000039286,8.815384615384614,5.65,49477,137,40.2,2543.0,113096.0,1465.0,8734,108370,835,1472,0,4387,437,1951,108022,58637,58467,4427,2822,2160,1889,3691,4324,3331,5491,7043,8749,57384,3420,5917,14358,21216,5002,19835,117104
139.0,5765.0,84.58823529411765,1506.0,5563.0,6584.0,48.0,133.0,161.0,22.499999999535717,16.523076923076925,10.281481481481482,10739,5,48.1,209.0,28049.0,173.0,411,28020,142,165,32,575,96,113,27308,14358,14073,769,669,314,227,1691,1426,835,1123,1467,4248,13288,1603,2247,2755,4805,717,6269,28431
0.0,0.0,61.10714285714285,987.0,4274.0,5281.0,20.0,61.0,76.0,22.782142857357144,12.615384615384617,11.514814814814814,8840,4,51.6,207.0,22869.0,225.0,546,22755,93,101,0,512,149,123,22323,11747,11554,741,528,414,391,1019,996,933,1184,1593,2367,10796,831,1552,2909,3608,822,3868,23301
0.0,0.0,85.94117647058823,768.0,3189.0,3914.0,25.0,64.0,88.0,22.5,16.153846153846153,12.05185185185185,5406,9,50.0,53.0,14861.0,99.0,304,14709,33,66,4,307,197,16,14390,7413,7600,415,181,119,115,805,746,677,734,761,2032,6483,828,1331,947,2827,864,2981,15013
0.0,0.0,83.57142857142857,609.0,2025.0,2613.0,32.0,53.0,62.0,22.782142857,16.4,12.992592592592594,2756,5,45.8,38.0,8240.0,59.0,139,8198,40,722,1,562,853,21,6138,3719,4618,217,158,114,89,330,403,261,270,336,1010,3137,486,613,649,1693,467,1505,8337
0.0,0.0,59.095238095238095,3855.0,14217.0,16986.0,48.0,164.0,193.0,21.714285714178573,8.023076923076923,5.15,25986,66,42.2,630.0,59596.0,819.0,1896,59149,394,388,4,1265,150,467,58377,30440,30605,2715,1320,1529,1128,1931,2195,2184,2789,3752,4799,30334,2069,3829,7348,11591,1948,10749,61045
332.0,10716.0,80.86315789473684,7617.0,26911.0,31763.0,294.0,569.0,690.0,21.789285714142856,10.992307692307692,9.585185185185184,41840,58,43.6,532.0,102243.0,731.0,5703,97803,584,1566,76,3438,288,432,97122,52473,51033,3461,2179,1747,1108,5517,4450,3647,4160,5287,13071,49937,5918,6085,11250,17522,4228,20901,103506
0.0,0.0,52.88235294117647,937.0,3396.0,4143.0,32.0,65.0,77.0,22.646428571321422,11.13076923076923,7.757692307692308,7081,3,50.1,93.0,17374.0,236.0,443,17260,78,56,11,365,302,72,16819,8967,8736,765,325,257,243,691,563,483,804,1284,1525,8466,498,755,2652,2561,413,3104,17703
340.0,12542.0,68.7956204379562,11753.0,34461.0,42080.0,245.0,534.0,691.0,21.789285713964286,15.169230769230769,9.52962962962963,62894,103,42.3,4377.0,145987.0,3433.0,8632,145165,2517,21883,8,6739,651,2137,119862,78480,75317,4854,3220,3171,2913,6247,5920,5027,5962,7708,18114,75943,10997,9782,21468,20790,7213,27903,153797
75.0,2495.0,75.7560975609756,3797.0,11240.0,13520.0,87.0,177.0,214.0,22.203571427857145,12.538461538461538,9.829629629629627,16742,69,41.3,1128.0,41608.0,692.0,2168,41260,226,908,14,1260,186,532,40302,21120,22308,1188,603,586,376,2110,1567,1811,2016,2294,4165,19486,1976,2830,3332,8808,2433,7538,43428
247.0,10488.0,78.0,9973.0,33815.0,42622.0,237.0,563.0,686.0,21.78571428525,12.792307692307691,9.27777777777778,52759,80,40.1,2990.0,128617.0,2336.0,7272,126671,3155,13946,7,7194,556,1254,107831,68248,65695,4197,2469,2170,1832,5840,5295,4353,5643,6513,15812,64021,8121,8290,14627,23448,5939,23538,133943
0.0,0.0,66.45454545454545,4132.0,11053.0,13133.0,65.0,138.0,172.0,21.71071428607143,10.515384615384615,9.05185185185185,21568,23,45.5,467.0,50748.0,398.0,2044,49569,441,2609,0,1658,527,846,45532,25759,25854,1688,1142,1485,1045,2282,2098,1955,2031,2865,4635,25388,2994,3044,5009,8190,3285,9822,51613
0.0,0.0,58.82142857142857,1070.0,4879.0,5871.0,13.0,59.0,70.0,22.710714285857144,10.73076923076923,7.773076923076923,11008,63,49.1,195.0,25729.0,273.0,563,25634,97,136,11,619,377,77,24880,13238,12959,950,461,625,637,1026,1070,1021,1512,1731,2692,13075,989,1362,3813,3653,770,4819,26197
0.0,0.0,70.1,1062.0,4568.0,5802.0,38.0,101.0,131.0,22.714285714785717,15.092307692307692,12.67777777777778,9231,15,51.6,119.0,25060.0,256.0,385,25050,115,149,3,1175,461,48,23484,12673,12762,646,387,346,254,1467,1016,1210,1228,1498,3167,11237,1217,2038,2457,4600,1255,4252,25435
105.0,2125.0,75.5625,1779.0,8401.0,10283.0,27.0,98.0,120.0,22.428571428392853,15.83846153846154,10.755555555555556,13824,31,40.8,649.0,36117.0,652.0,729,36689,354,2045,76,3860,5047,227,25809,17225,20193,959,540,471,407,1360,1371,1457,1733,1695,4330,17690,2196,2407,4395,6142,1457,7338,37418
49.0,963.0,86.60606060606061,1630.0,6709.0,8182.0,69.0,154.0,185.0,22.435714285714287,19.876923076923077,11.31111111111111,9385,46,47.7,101.0,30321.0,233.0,643,30012,29,188,0,677,194,105,29462,15360,15295,592,375,223,234,1503,1291,955,1220,1373,4481,12268,1976,2609,1804,5743,2086,5633,30655
0.0,0.0,55.03508771929825,5156.0,21004.0,28166.0,72.0,202.0,240.0,21.717857142857145,6.407692307692307,4.634615384615385,34494,62,41.1,1149.0,76574.0,1234.0,3658,75299,1082,1475,0,2782,97,667,72854,39828,39129,3219,2261,2520,2158,2660,2517,2517,2894,4491,4945,40517,2052,2998,14558,9476,1606,15480,78957
81.0,1874.0,81.1875,610.0,2541.0,3200.0,5.0,30.0,37.0,22.78214285760714,17.96923076923077,10.862962962962964,4895,0,50.9,59.0,13710.0,135.0,289,13615,115,44,0,335,39,76,13295,6808,7096,452,178,184,65,696,556,629,692,877,1826,5950,723,742,1181,2140,651,3021,13904
0.0,0.0,78.75,3169.0,9897.0,12472.0,85.0,155.0,191.0,22.360714285464287,11.553846153846154,10.266666666666666,13145,84,47.5,125.0,35547.0,202.0,511,35363,190,111,5,1515,788,57,33208,17859,18015,1186,640,518,323,1810,1650,1412,1616,1963,5036,15697,1765,2911,3675,5523,1168,7422,35874
49.0,1857.0,76.35,2376.0,7361.0,9390.0,70.0,107.0,131.0,22.42857142896429,11.246153846153844,9.314814814814817,10576,49,47.4,120.0,25054.0,199.0,414,24959,155,157,0,495,237,80,24249,12701,12672,816,614,525,300,1325,1389,1102,964,1674,2782,12028,1121,1554,3282,3838,470,5257,25373
0.0,0.0,62.127906976744185,6455.0,26525.0,35077.0,156.0,389.0,474.0,21.717857142714283,8.069230769230769,5.065384615384615,47516,217,41.1,2336.0,104988.0,2406.0,6042,103688,2620,7707,22,3329,575,1379,94098,55773,53957,4707,2885,2692,1766,3778,4158,3795,5476,7785,7995,56759,4199,5127,17574,13779,2565,23195,109730
192.0,7864.0,53.28125,1561.0,6331.0,7617.0,39.0,83.0,109.0,22.717857143392852,9.96923076923077,8.307692307692308,14319,0,45.7,246.0,32568.0,361.0,602,32573,179,236,27,1470,851,369,30043,16711,16464,964,695,806,867,1450,1249,1407,1718,1601,3440,17167,1101,1709,5855,4069,766,6088,33175
1124.0,44556.0,79.0570652173913,26409.0,100417.0,125355.0,759.0,1686.0,2020.0,21.714285714071423,14.738461538461538,10.218518518518518,154690,207,40.5,3822.0,395632.0,7316.0,14566,392204,3964,80729,117,16827,1311,3393,300429,210621,196149,12392,7870,8093,6083,18379,16798,14671,18059,18558,49678,187961,33321,26545,45875,62526,17169,83526,406770
0.0,0.0,81.88461538461539,1500.0,5552.0,6802.0,43.0,110.0,135.0,22.28571428607143,16.638461538461538,11.192592592592591,7914,11,50.6,67.0,24990.0,255.0,462,24850,127,93,0,483,119,43,24447,12623,12689,686,284,401,181,1229,1332,956,1169,1409,3534,9571,1485,2256,1727,4602,1418,4379,25312
0.0,0.0,90.94736842105264,1294.0,3242.0,4306.0,48.0,68.0,78.0,22.714285714785717,18.43846153846154,10.14074074074074,5403,30,50.0,68.0,14552.0,95.0,235,14480,78,463,31,256,399,18,13470,6936,7779,510,200,167,215,724,609,558,529,550,2834,6383,633,1337,1408,2428,488,3108,14715
442.0,19656.0,47.06153846153846,4405.0,17012.0,21552.0,71.0,221.0,275.0,22.357142857214285,9.223076923076924,6.050000000000001,40779,154,43.0,957.0,90408.0,1275.0,2731,89909,549,711,101,2632,701,425,87521,46902,45738,4017,2145,2065,2379,3928,3048,2888,4245,5941,7283,49268,3255,3592,18693,10252,2053,17649,92640
97.0,4963.0,83.2,2800.0,10675.0,13048.0,104.0,178.0,211.0,22.20714285675,14.315384615384614,9.92962962962963,14698,42,40.0,243.0,40276.0,173.0,2580,38112,167,2424,20,1138,131,124,36688,18889,21803,1045,669,456,448,1904,1417,1552,1524,1822,4247,17398,2006,2668,3737,7743,1575,8123,40692
90.0,1499.0,75.11904761904762,3413.0,10277.0,12764.0,76.0,197.0,225.0,22.249999999285716,14.692307692307692,10.05925925925926,16703,38,42.1,228.0,45134.0,345.0,1100,44607,168,285,0,912,188,210,43944,22908,22799,1222,846,528,490,2005,1854,1655,2168,2437,4975,20351,2192,3433,4403,8293,2133,7634,45707
96.0,969.0,78.78125,2692.0,7714.0,9587.0,41.0,89.0,108.0,22.357142857142858,11.3,9.522222222222224,11707,46,33.2,1286.0,34041.0,563.0,602,35288,1054,332,30,681,213,188,33392,16458,19432,916,623,488,483,1276,1097,947,1443,1421,5111,16179,1350,1962,5248,4159,979,4547,35890
0.0,0.0,80.52777777777777,2279.0,7991.0,9757.0,59.0,145.0,166.0,22.717857142964284,13.061538461538465,10.14074074074074,11721,20,49.3,191.0,30655.0,259.0,789,30316,177,115,0,644,53,231,29885,15653,15452,1026,493,360,405,1640,1487,1335,1689,1563,3910,14414,1249,2779,2524,6039,1129,5451,31105
831.0,32947.0,70.99555555555555,16899.0,63339.0,84928.0,282.0,744.0,909.0,21.721428571285717,11.9,8.700000000000001,117236,310,32.4,16852.0,262951.0,11120.0,23205,267718,19338,34322,95,17662,1187,3879,214440,149087,141836,9759,6068,5956,5537,10860,9966,9157,12249,13256,30870,155191,15481,13139,55683,29162,8122,45291,290923
0.0,0.0,70.53333333333333,4264.0,16388.0,20016.0,71.0,173.0,208.0,21.896428571571427,10.484615384615385,6.330769230769231,26729,15,38.6,471.0,63355.0,575.0,3170,61231,294,2939,7,1909,91,629,58532,29700,34701,2224,1255,1087,362,2401,2380,2038,2952,3686,4686,31228,3373,3147,6199,12643,2826,12658,64401
47.0,1365.0,85.6875,1289.0,4776.0,5696.0,67.0,136.0,177.0,22.72142857107143,17.46923076923077,11.64074074074074,8276,0,52.9,230.0,24651.0,332.0,618,24595,179,179,2,569,268,71,23945,12625,12588,656,198,216,126,1598,1659,981,1271,1324,3743,10062,1309,1975,1897,4233,1213,4808,25213
0.0,0.0,86.25,929.0,2637.0,3614.0,49.0,86.0,101.0,22.60357142832143,17.423076923076923,10.055555555555555,3780,12,53.6,52.0,10973.0,74.0,246,10853,53,107,0,215,128,20,10576,5584,5515,284,115,122,66,612,371,471,588,733,1788,4559,495,1190,851,2162,458,1813,11099
49.0,1833.0,74.55319148936171,4085.0,15461.0,17995.0,73.0,199.0,238.0,22.21428571375,13.092307692307692,7.966666666666668,28155,71,28.7,1174.0,68353.0,836.0,2817,67546,1171,1718,7,3345,2210,879,61033,36250,34113,1531,1056,990,762,2416,2200,2064,2725,2654,8583,36416,3238,2705,9406,9001,2140,9640,70363
372.0,15208.0,72.25190839694656,9845.0,39120.0,50425.0,225.0,538.0,645.0,21.78571428617857,11.26923076923077,9.596296296296297,62854,288,41.6,1625.0,154980.0,1569.0,5759,152415,1371,12461,36,5803,524,746,137233,77420,80754,5122,2903,3147,2091,6614,6035,5043,6984,8404,15873,73907,8485,8384,19079,26315,6547,30545,158174
768.0,34998.0,64.73205741626795,15498.0,58541.0,75822.0,324.0,658.0,819.0,21.70357142892857,10.584615384615384,8.58148148148148,114094,234,34.5,8739.0,249767.0,5816.0,13573,250749,6390,29156,99,14598,509,2603,210967,135024,129298,9722,5962,6805,6175,10119,9190,8795,9527,13094,24889,141026,13321,8483,51437,26756,7130,41433,264322
0.0,0.0,76.4375,653.0,3497.0,4512.0,15.0,59.0,70.0,22.5,13.2,11.329629629629627,6806,18,44.3,32.0,17561.0,132.0,377,17348,93,190,0,382,131,27,16902,8672,9053,545,224,205,144,763,832,714,828,893,2025,7862,1077,1409,1401,3580,994,3271,17725
1924.0,85825.0,56.69682151589242,52610.0,165398.0,201888.0,721.0,1492.0,1859.0,21.71785714267857,8.623076923076923,5.242307692307692,290269,992,35.4,32147.0,598675.0,21795.0,70152,582465,20064,61191,222,36128,2364,22169,510479,330789,321828,24446,16385,14804,15318,22129,20785,19459,27217,34806,49446,352522,31165,23797,133484,77177,27521,106131,652617
0.0,0.0,72.0,145.0,504.0,664.0,2.0,13.0,16.0,25.64193548358064,22.91578947368421,30.031578947368423,667,0,58.3,22.0,2068.0,12.0,29,2073,0,15,0,28,11,0,2048,1024,1078,85,50,68,31,136,107,78,129,123,272,855,31,217,308,307,8,334,2102
0.0,0.0,89.08333333333333,375.0,1832.0,2471.0,11.0,36.0,42.0,22.64285714314286,21.607692307692307,11.644444444444444,3431,16,53.8,58.0,11683.0,64.0,311,11494,26,931,1,420,114,65,10248,5790,6015,222,91,81,73,526,573,490,453,426,2050,4174,656,1433,674,2176,931,1942,11805
129.0,4653.0,58.421875,5264.0,20161.0,24350.0,122.0,409.0,476.0,21.571428571,7.507692307692308,7.665384615384616,36305,87,44.2,1327.0,85773.0,875.0,4247,83728,425,1022,14,2334,212,799,83169,43161,44814,3168,2387,2066,1321,2725,3174,2919,4247,5201,6833,42591,3353,4311,9241,15534,3945,18133,87975
0.0,0.0,34.63157894736842,907.0,3543.0,4441.0,15.0,51.0,67.0,22.6392857145,9.307692307692308,5.857692307692308,8188,8,54.6,257.0,21063.0,329.0,909,20740,113,97,36,578,631,103,20091,11011,10638,1111,485,527,661,944,836,803,1062,1307,1465,10176,447,869,4157,2338,506,3096,21649
0.0,0.0,72.07407407407408,6451.0,24301.0,30950.0,122.0,313.0,365.0,22.07857142853572,10.846153846153848,10.055555555555555,39917,98,42.1,1234.0,96240.0,836.0,8119,90191,277,2216,10,3636,352,742,91077,48626,49684,3457,2080,1733,1137,4415,4116,3293,4315,5657,8490,47082,4333,5267,10750,17943,3957,17354,98310
141.0,4624.0,39.03846153846154,10655.0,45471.0,58293.0,148.0,439.0,540.0,21.567857142857143,4.046153846153846,5.084615384615384,88049,151,43.7,1789.0,185172.0,3871.0,4851,185981,1965,1154,102,3422,453,503,183233,95077,95755,8577,6103,8026,7196,4893,5532,5331,7022,10866,9359,101430,4144,5704,39991,24363,3670,33924,190832
0.0,0.0,82.6,235.0,1418.0,1676.0,1.0,10.0,24.0,22.610714285357144,19.107692307692307,10.52962962962963,1893,0,45.2,69.0,6175.0,42.0,155,6131,29,504,11,362,402,10,4968,2584,3702,136,61,85,41,221,266,184,205,417,642,2289,267,510,695,1230,301,1267,6286
0.0,0.0,72.78571428571429,449.0,2369.0,2997.0,3.0,29.0,40.0,22.603571428464285,14.653846153846152,12.718518518518518,3278,0,53.1,258.0,10404.0,119.0,209,10572,79,373,24,486,1770,43,8006,5260,5521,335,176,129,142,563,531,577,619,659,1537,4985,491,937,1071,1957,429,1937,10781
1250.0,51818.0,62.18769230769231,60893.0,226006.0,300709.0,1984.0,3876.0,4613.0,21.57142857164286,10.346153846153848,6.6,385921,1035,41.0,32532.0,771119.0,67242.0,23551,847342,36410,103084,619,27685,2505,5292,695298,446850,424043,35700,24860,23895,17677,31594,30351,27132,37336,47659,73136,452237,40512,33758,131309,126940,38744,171546,870893
45.0,909.0,74.88461538461539,806.0,3662.0,4865.0,21.0,84.0,107.0,22.574999999821426,14.807692307692308,10.907407407407408,8684,19,49.5,179.0,24123.0,237.0,834,23705,74,670,3,1039,386,94,22273,11948,12591,554,486,275,339,1011,972,873,1166,1389,2636,10467,1054,1518,2633,4030,1152,4482,24539
222.0,7814.0,67.37704918032787,3993.0,14869.0,19376.0,56.0,125.0,170.0,22.35357142817857,11.276923076923076,9.396296296296295,26487,75,39.2,562.0,64968.0,873.0,1052,65351,561,1027,25,2360,620,98,61712,32934,33469,2208,1155,889,841,2988,2407,2476,3240,3965,7008,32668,2668,3717,11396,8480,1241,10709,66403
45.0,1935.0,70.9,1256.0,6666.0,8357.0,26.0,87.0,117.0,22.607142857000003,15.184615384615386,10.8,11454,25,46.3,288.0,28446.0,328.0,1344,27718,181,284,0,604,237,228,27528,14598,14464,914,428,427,340,1361,1036,1226,1407,1591,3566,13206,1500,2215,3128,4852,1123,5241,29062
49.0,2174.0,78.42857142857143,2059.0,8601.0,10312.0,21.0,105.0,129.0,22.214285714,14.430769230769233,9.874074074074075,15824,52,38.0,289.0,42841.0,351.0,1059,42422,421,1325,0,1175,298,184,40078,21306,22175,1116,682,498,341,1708,1594,1330,1644,1962,5401,19816,1950,3012,4454,6903,1674,6481,43481
0.0,0.0,79.0,1891.0,5559.0,7183.0,38.0,69.0,85.0,22.500000000535717,12.323076923076922,9.292592592592593,9335,44,49.2,97.0,22610.0,195.0,437,22465,93,127,0,612,455,64,21551,11231,11671,663,374,365,161,1232,1141,1025,1133,1326,2983,11256,875,1995,2041,4562,604,4285,22902
206.0,12668.0,67.38461538461539,5139.0,18945.0,23527.0,66.0,220.0,265.0,21.932142857357142,9.5,5.488461538461538,34613,131,41.7,1488.0,80572.0,1385.0,2412,81033,1810,1280,37,1996,395,496,77431,42324,41121,2987,2060,2259,2520,3072,2658,3066,3243,4836,7552,40115,3566,4184,16207,10955,2179,13955,83445
0.0,0.0,78.15384615384616,836.0,2886.0,3591.0,18.0,59.0,71.0,22.64642857125,13.069230769230767,10.348148148148148,5739,22,43.3,150.0,14859.0,66.0,462,14613,25,69,0,408,44,108,14421,7436,7639,535,168,213,98,778,792,478,689,763,1680,6901,865,1057,1198,3025,635,2561,15075
147.0,6414.0,60.375,10182.0,37656.0,48415.0,205.0,460.0,538.0,21.7857142855,8.453846153846154,6.0346153846153845,63897,116,42.8,1575.0,146405.0,2020.0,5527,144473,777,3620,2,3886,431,872,140412,75991,74009,6339,4733,4027,2791,5178,4287,5378,6498,8546,13027,74102,6722,7775,17426,25424,5394,30739,150000
133.0,3128.0,76.29166666666667,3584.0,14947.0,17949.0,88.0,205.0,247.0,22.0,12.238461538461538,10.51851851851852,24817,103,40.8,396.0,62651.0,469.0,2265,61251,177,1409,12,1790,391,272,59465,30838,32678,1655,1128,688,518,2656,2428,2553,2996,3325,6196,28357,3380,4758,4693,12874,3390,12461,63516
0.0,0.0,83.75,370.0,1702.0,1998.0,18.0,47.0,53.0,22.78571428535714,19.930769230769236,13.874074074074075,2837,2,56.0,19.0,9199.0,52.0,129,9141,7,25,1,203,83,13,8938,4595,4675,287,73,70,47,709,533,499,454,441,1377,3449,422,1002,670,1751,463,1594,9270
348.0,16019.0,77.40845070422536,10652.0,39290.0,48751.0,306.0,619.0,722.0,21.78571428557143,12.676923076923078,10.174074074074074,71107,148,39.3,1557.0,170196.0,1926.0,10095,163584,1255,23007,26,7939,1261,1043,139148,87465,86214,5565,3141,2086,2028,7045,6048,6054,7490,9099,17508,82669,11282,10327,17715,29381,7077,35617,173679
0.0,0.0,75.32352941176471,2976.0,11410.0,13711.0,52.0,153.0,183.0,21.996428571785717,13.323076923076922,10.185185185185183,18744,28,42.4,591.0,47678.0,418.0,2852,45835,208,538,0,1309,319,1405,44908,24221,24466,1465,720,656,414,1900,1964,1910,2139,2780,5417,21847,3135,4046,4206,9867,2493,8108,48687
4006.0,176237.0,42.15461847389558,76649.0,283223.0,385029.0,2021.0,3744.0,4563.0,21.5714285715,5.892307692307692,5.426923076923076,567154,843,41.0,77158.0,1091913.0,86269.0,53779,1201561,96751,166988,313,48468,2863,13258,926699,640307,615033,55748,38445,50121,62865,35431,34644,32005,46978,67039,86313,678740,33840,39215,348697,109031,31452,189886,1255340
0.0,0.0,75.95,1899.0,6278.0,7754.0,50.0,89.0,106.0,22.428571427857143,14.86923076923077,11.72222222222222,9929,38,43.6,1226.0,25083.0,236.0,3993,22552,38,267,8,874,269,395,24694,13076,13469,807,360,333,194,1236,1050,1019,1088,1440,2681,11823,1736,2064,2244,4895,1662,4087,26545
88.0,1596.0,86.0,1122.0,4294.0,5082.0,34.0,103.0,121.0,22.860714285714288,19.0,11.092592592592592,6836,15,50.6,147.0,20651.0,97.0,468,20427,154,74,0,431,158,28,20050,10408,10487,460,261,186,142,1255,1026,943,880,977,3184,8197,1583,1707,1292,3601,1252,4234,20895
0.0,0.0,91.33333333333331,419.0,970.0,1344.0,20.0,37.0,45.0,22.78214285721429,18.514285714285712,11.71111111111111,1710,0,59.1,21.0,5713.0,68.0,91,5711,28,26,3,133,38,6,5568,2858,2944,153,57,61,5,380,341,269,307,286,964,2123,158,527,377,1130,190,1004,5802
0.0,0.0,83.36,1090.0,4960.0,6012.0,23.0,78.0,99.0,22.72142857107143,14.376923076923076,10.437037037037037,8146,25,44.3,112.0,23062.0,149.0,475,22848,92,276,0,357,174,41,22383,11496,11827,698,371,213,130,1130,1069,837,1013,1062,2809,9793,1207,1821,1784,4708,1200,3859,23323
0.0,0.0,87.0909090909091,403.0,1426.0,1696.0,19.0,54.0,61.0,22.92500000021429,19.107692307692307,12.866666666666664,2228,3,52.3,18.0,8214.0,50.0,141,8141,12,57,0,180,56,26,7951,4085,4197,184,104,95,70,485,424,372,493,306,1199,3084,407,1064,493,1253,667,1448,8282
78.0,1557.0,68.8,1237.0,5576.0,6790.0,27.0,96.0,117.0,22.70714285742857,11.76923076923077,11.103703703703705,9899,11,44.8,135.0,24201.0,277.0,442,24171,145,194,2,685,63,48,23476,12337,12276,944,444,413,244,983,993,680,1196,1457,2631,11780,1308,1271,3030,4029,784,4576,24613
280.0,10968.0,49.271186440677965,22686.0,74230.0,87973.0,357.0,776.0,928.0,21.75357142857143,5.3538461538461535,4.976923076923077,132460,315,35.5,6164.0,274455.0,8543.0,28787,260375,7353,4366,56,11767,1103,7172,257345,146214,142948,11850,8257,7727,6757,7678,8175,8502,12321,16003,17316,156116,9569,8715,50802,35068,7586,44284,289162
0.0,0.0,79.0625,670.0,2056.0,2383.0,28.0,56.0,66.0,22.5785714285,15.915384615384616,13.68148148148148,3953,28,55.7,46.0,12531.0,110.0,189,12498,70,61,0,231,45,43,12237,6372,6315,366,216,122,155,763,595,541,740,740,1685,4830,425,1240,1115,2146,451,2251,12687
0.0,0.0,83.53571428571429,1208.0,4586.0,5630.0,34.0,111.0,130.0,22.71428571439285,21.36923076923077,12.22222222222222,6690,0,56.6,168.0,23465.0,230.0,474,23389,66,74,0,675,97,19,22932,11903,11960,642,339,217,253,1503,1258,1170,1180,988,3870,8646,1208,1898,1856,4014,1009,4409,23863
1098.0,30127.0,82.84567901234568,15143.0,49020.0,61110.0,524.0,921.0,1087.0,21.785714285678573,19.04615384615385,9.651851851851852,74526,107,41.0,1969.0,186547.0,2650.0,16680,174486,2259,36004,20,7997,640,2318,141928,98371,92795,5903,3653,3151,2869,9041,7880,7077,8165,8357,22884,88186,14855,12088,22689,28328,8015,36337,191166
407.0,13817.0,64.95138888888889,9044.0,40182.0,50560.0,261.0,811.0,947.0,21.582142857285717,10.276923076923076,10.911111111111111,66286,220,44.0,1552.0,155709.0,2024.0,5531,153754,800,3767,52,4931,261,1021,148453,80121,79164,6015,4276,3603,2665,6657,6398,5309,6584,9008,15153,78186,8485,8076,16134,26448,6613,34306,159285
109.0,1526.0,74.55357142857143,4845.0,13610.0,16096.0,87.0,204.0,238.0,22.064285714285717,12.046153846153846,9.54814814814815,24818,189,39.8,1543.0,58667.0,579.0,4915,55874,325,1176,21,2873,68,862,55464,30491,30298,1969,838,917,542,2753,2476,2291,3107,3335,6091,29576,3409,4122,4571,10630,4182,10780,60789
0.0,0.0,77.275,2208.0,8640.0,10617.0,77.0,185.0,226.0,22.14285714214285,14.623076923076924,10.614814814814816,15629,93,45.4,342.0,40418.0,419.0,1584,39595,114,217,4,880,81,263,39620,20660,20519,1209,741,585,338,2014,2089,1755,1851,2457,4881,19109,2251,3562,3072,8227,1856,7345,41179
0.0,0.0,72.33333333333333,264.0,1746.0,2234.0,5.0,16.0,19.0,22.578571429,16.653846153846153,12.307407407407409,2707,4,52.3,28.0,7970.0,33.0,94,7937,35,39,0,548,470,15,6924,4067,3964,202,128,49,88,426,307,413,381,541,1140,3317,393,567,680,1697,330,1301,8031
145.0,4374.0,74.375,3919.0,17685.0,22230.0,81.0,226.0,269.0,21.99642857153572,9.76923076923077,9.803703703703704,28523,72,43.0,296.0,67540.0,340.0,2001,66175,178,515,23,1660,155,282,65363,34425,33751,2357,1470,1407,625,2577,2986,2331,3248,4039,6722,33178,3248,4137,6698,11839,2231,14939,68176
0.0,0.0,81.08163265306122,3329.0,13161.0,15728.0,139.0,273.0,316.0,22.217857143142854,13.484615384615385,10.651851851851852,20839,103,44.8,170.0,52280.0,233.0,1864,50819,231,536,3,1256,157,158,50342,26176,26507,1617,1014,739,431,2362,2348,2188,2461,2812,5747,24215,2757,4525,3979,11478,2056,9746,52683
8.0,423.0,69.58461538461539,5078.0,16897.0,20826.0,97.0,262.0,333.0,21.714285714285715,11.346153846153848,9.985185185185186,31060,148,41.1,2285.0,71581.0,1550.0,8753,66663,577,2810,29,3711,601,3174,64514,37916,37500,2704,1553,1329,986,2960,2682,2297,3200,4558,7613,36795,5305,4430,7613,12403,4614,13734,75416
1685.0,78748.0,39.03321033210332,19107.0,73420.0,109512.0,245.0,504.0,643.0,21.72142857114286,8.484615384615385,4.35,141492,217,33.9,23797.0,321984.0,22604.0,17906,350479,33744,43580,133,18278,1296,3507,267847,185842,182543,13772,10049,12895,16741,9725,10025,9695,12533,18616,28989,197775,10972,8530,105675,23945,6728,43747,368385
4309.0,185085.0,75.5678749111585,104708.0,394107.0,537017.0,4184.0,7760.0,9107.0,21.571428571428573,17.684615384615384,10.55925925925926,641714,2039,37.9,68694.0,1592944.0,91421.0,106070,1646989,59977,671837,426,57817,5936,39653,917413,908957,844102,51043,32520,34145,32251,71080,60115,52702,63016,78138,219848,821369,176699,108538,241875,255788,107456,309357,1753059
49.0,2500.0,79.0,1506.0,6999.0,8674.0,21.0,104.0,129.0,22.492857143,15.16153846153846,10.98148148148148,12781,60,41.7,144.0,33033.0,256.0,688,32745,164,287,31,1052,117,62,31720,16752,16681,877,532,353,386,1738,1395,1161,1652,1686,3432,15320,2067,2158,3255,5847,1528,6257,33433
0.0,0.0,60.73684210526316,1193.0,2928.0,3184.0,33.0,60.0,63.0,22.392857142535718,11.976923076923075,9.151851851851852,5527,34,55.9,42.0,15666.0,118.0,216,15610,40,72,9,320,351,83,14951,7831,7995,608,248,232,202,812,796,679,877,902,2238,6713,537,1502,1349,2293,434,3058,15826
640.0,37295.0,40.18081180811808,33703.0,97714.0,105106.0,400.0,784.0,808.0,21.57142857110714,5.776923076923077,4.176923076923076,164960,395,38.6,10779.0,323053.0,19943.0,16769,337006,16165,23860,86,14546,1970,5848,291300,176812,176963,17172,11067,13245,9781,8367,9973,9020,12832,21892,15959,199415,10949,9225,62529,48639,9621,71413,353775
130.0,1735.0,54.61290322580645,3171.0,8670.0,9244.0,46.0,90.0,96.0,22.292857142642852,11.03076923076923,8.244444444444444,13902,42,42.3,179.0,33804.0,244.0,738,33489,209,146,6,1798,2006,307,29755,17198,17029,1261,783,608,841,1230,1278,1203,1512,2028,3198,17128,2047,1730,4253,4474,1045,6616,34227
207.0,5795.0,65.44444444444444,3407.0,11464.0,12551.0,54.0,124.0,128.0,22.50000000025,15.415384615384616,8.237037037037037,18107,13,34.1,385.0,45992.0,407.0,1114,45670,295,587,36,2849,9074,0,33943,23501,23283,1260,876,790,622,1974,1770,1519,1767,2201,5103,22960,3692,2545,6435,5609,1612,7709,46784
0.0,0.0,57.10344827586207,4604.0,13819.0,14910.0,94.0,173.0,177.0,21.785714286142856,7.046153846153846,7.907407407407407,19390,115,36.0,940.0,38795.0,741.0,1086,39390,378,1876,0,1237,67,537,36381,20339,20137,1577,892,981,530,1621,1908,1307,1614,2730,3322,22589,1666,1595,5408,5350,1557,8957,40476
0.0,0.0,79.5,521.0,1369.0,1465.0,4.0,8.0,9.0,22.93214285725,18.978571428571428,15.666666666666666,1863,1,48.5,39.0,4916.0,19.0,102,4872,7,3,0,80,3,9,4872,2501,2473,257,115,78,65,198,161,230,193,340,657,2322,128,374,456,795,141,910,4974
161.0,8127.0,55.755102040816325,6117.0,17569.0,19001.0,37.0,97.0,105.0,22.067857142714285,9.784615384615384,6.75925925925926,32198,64,31.3,2267.0,63753.0,1348.0,2579,64789,1517,2794,15,1933,139,474,60496,33673,33695,2652,1628,1400,945,2695,2182,2027,2786,4052,6023,39544,2028,2358,10985,7263,1457,10558,67368
0.0,0.0,66.8,2509.0,6494.0,6832.0,37.0,78.0,81.0,22.35714285725,8.9,7.451851851851852,11459,85,42.0,250.0,24444.0,382.0,1132,23944,166,183,0,264,65,544,23854,12518,12558,1335,560,340,233,1189,1011,991,1193,1641,2150,13666,439,1541,3118,3611,622,4555,25076
0.0,0.0,57.785714285714285,3020.0,8804.0,9771.0,50.0,95.0,100.0,21.71071428592857,8.161538461538461,8.429629629629629,14679,29,41.2,310.0,35198.0,201.0,638,35071,234,914,0,1250,1481,26,31804,17009,18700,1758,861,849,504,1203,1120,1428,1517,2009,2562,17222,1506,2468,4606,5323,905,8076,35709
109.0,5958.0,27.03703703703704,7999.0,26362.0,28686.0,41.0,113.0,119.0,21.571428571250003,3.169230769230769,3.615384615384616,48036,156,38.1,2432.0,98295.0,2834.0,4419,99142,3191,1874,11,2991,234,1176,94084,52065,51496,4202,3683,4824,6760,1704,1854,2045,3159,5219,3936,58746,1546,2034,28967,7895,1655,16780,103561
0.0,0.0,57.10344827586207,2236.0,6813.0,7423.0,24.0,79.0,84.0,22.646428571821428,13.438461538461535,9.47037037037037,10624,25,48.9,72.0,29148.0,242.0,683,28779,160,125,5,1857,2818,422,24075,14358,15104,1430,623,560,424,1341,1451,1228,1330,1615,3247,13785,1810,2045,3183,4409,905,5462,29462
0.0,0.0,73.0,1376.0,3062.0,3260.0,35.0,47.0,48.0,22.571428571357146,11.3,7.444444444444445,4901,31,42.1,593.0,11122.0,161.0,900,10976,139,128,160,76,220,573,10580,5936,5940,426,337,222,146,579,431,446,654,687,1205,6153,285,726,1294,1536,476,2414,11876
55.0,2664.0,38.83783783783784,5050.0,14416.0,15410.0,47.0,118.0,120.0,21.57142857164285,5.107692307692308,4.892307692307693,25956,19,41.3,509.0,54675.0,660.0,1283,54561,638,662,14,1345,315,82,52788,26808,29036,2908,2531,1727,1290,1152,1366,1182,1849,3486,2879,30705,1651,1838,6987,9185,1126,12990,55844
0.0,0.0,49.55555555555556,6995.0,19555.0,20805.0,89.0,121.0,127.0,21.78571428589285,9.930769230769233,6.62962962962963,29101,131,32.7,1323.0,61073.0,1633.0,2976,61053,902,2508,127,1763,1048,285,57396,32547,31482,2640,2046,1529,991,2327,1590,1874,2546,3585,5567,35266,2880,3013,11166,6022,1045,12339,64029
0.0,0.0,71.7,723.0,2127.0,2207.0,14.0,30.0,31.0,22.49642857142857,13.592307692307692,12.025925925925923,3263,6,42.3,29.0,8776.0,67.0,202,8670,50,17,0,528,678,24,7575,4387,4485,267,188,206,65,311,320,304,359,399,1033,4090,555,619,792,1456,475,1532,8872
0.0,0.0,43.833333333333336,121.0,545.0,651.0,0.0,4.0,4.0,22.928571428464288,21.65333333333333,8.162962962962963,2049,7,52.8,209.0,5102.0,91.0,129,5273,53,2,1,130,501,81,4634,2703,2699,173,120,191,117,230,279,314,373,320,491,2864,135,247,1138,675,75,874,5402
0.0,0.0,80.46153846153847,1370.0,3195.0,3330.0,20.0,41.0,41.0,22.56428571414286,12.176923076923078,7.574074074074074,4525,53,42.6,481.0,10561.0,237.0,901,10378,523,28,75,126,17,476,10034,5644,5635,434,197,147,90,678,485,401,530,708,1245,5608,364,879,1186,1553,457,1930,11279
127.0,3843.0,53.30508474576271,5255.0,15804.0,16901.0,84.0,165.0,172.0,22.14285714267857,10.146153846153847,8.27037037037037,27083,67,44.7,243.0,63960.0,572.0,969,63806,276,544,0,1265,559,310,61821,32557,32218,2843,1536,1296,990,2764,2436,2450,2791,3929,6570,32158,2835,3606,8285,8486,1721,13353,64775
214.0,11841.0,34.42993630573248,36927.0,108708.0,119858.0,397.0,759.0,796.0,21.571428571357146,3.9538461538461536,3.792307692307692,198348,424,38.0,17975.0,383226.0,24070.0,31069,394202,21204,27268,172,19426,1001,12705,343495,215434,209837,20251,15030,18403,17711,10825,10958,10504,15672,23290,20819,243126,11763,10566,101740,40268,10960,74845,425271
0.0,0.0,49.25,1550.0,5616.0,6095.0,4.0,21.0,22.0,21.782142856928573,5.176923076923076,4.061538461538461,9822,4,38.7,352.0,20137.0,318.0,1043,19764,193,31,4,417,59,646,19457,10307,10500,1056,689,646,450,581,572,776,905,1281,820,11652,501,682,3128,3108,487,3973,20807
99.0,2806.0,47.03225806451613,3971.0,10801.0,11579.0,70.0,116.0,119.0,22.364285714357145,8.323076923076924,7.12962962962963,16914,30,44.3,109.0,37385.0,326.0,652,37168,80,84,116,670,75,178,36617,18822,18998,1746,1048,997,765,1491,1267,1532,1920,2572,3472,19971,986,2826,5330,4315,713,8071,37820
0.0,0.0,81.55555555555556,1267.0,3726.0,4001.0,17.0,50.0,54.0,22.42499999960714,11.915384615384616,7.514814814814815,5924,16,45.3,198.0,13453.0,76.0,976,12751,49,39,0,394,27,143,13075,6819,6908,449,311,262,136,651,569,590,632,931,1543,7158,507,1045,1409,2088,455,2715,13727
0.0,0.0,62.43478260869565,1414.0,4691.0,5090.0,9.0,24.0,24.0,22.103571428428573,12.146153846153847,7.42962962962963,8855,31,42.1,196.0,20688.0,147.0,364,20667,115,97,0,308,9,128,20374,10436,10595,1003,532,476,286,783,841,656,1036,1331,1708,11090,486,1368,2428,2679,825,4148,21031
82.0,3670.0,74.93548387096774,2906.0,8949.0,9476.0,25.0,72.0,78.0,22.5,10.86923076923077,7.692592592592592,13276,5,44.5,1146.0,28753.0,566.0,3066,27399,835,352,4,1008,139,828,27299,15304,15161,1046,624,580,380,1460,1382,1199,1473,1791,3070,15479,1116,2224,2726,4372,1748,6197,30465
50.0,1391.0,49.05555555555556,3924.0,12883.0,14138.0,69.0,126.0,140.0,21.92857142896429,6.753846153846154,7.651851851851852,21084,33,42.6,807.0,45138.0,385.0,1616,44714,353,545,1,1323,364,799,42945,23207,23123,2068,1434,1536,1004,1714,1651,1514,2119,3020,3563,25222,1119,2094,6537,6951,1274,9082,46330
0.0,0.0,71.8,494.0,1457.0,1550.0,8.0,12.0,12.0,22.78571428557143,16.378571428571426,11.49642857142857,2331,0,44.8,37.0,5907.0,18.0,142,5820,1,16,2,137,20,27,5759,2930,3032,202,121,81,108,227,277,215,339,419,589,3010,224,426,544,776,180,1308,5962
3204.0,135594.0,34.5057251908397,102270.0,295074.0,333729.0,1621.0,2530.0,2634.0,21.57499999975,7.392307692307692,3.892307692307692,527021,1677,36.7,79925.0,1081536.0,93835.0,87216,1168080,90515,165428,401,60613,8727,43208,886404,634437,620859,52317,40146,49022,67790,34765,34999,34795,47599,65086,87373,725957,51999,39035,372610,97300,43279,183212,1255296
0.0,0.0,60.07692307692308,1583.0,4470.0,4850.0,14.0,18.0,20.0,21.785714285785712,6.307692307692308,7.588888888888888,8874,57,45.3,71.0,18514.0,85.0,229,18441,102,194,2,471,22,52,17827,9361,9309,842,476,389,271,710,839,991,952,1170,1646,10307,486,1132,2368,2930,353,3706,18670
0.0,0.0,52.61111111111112,1613.0,4887.0,5177.0,41.0,58.0,60.0,22.57499999975,11.323076923076922,9.181481481481482,8174,14,49.0,173.0,20985.0,129.0,495,20792,101,125,0,518,480,206,19857,10443,10844,832,524,350,251,794,769,812,972,1334,2154,10139,869,1154,2606,2964,637,3962,21287
66.0,2600.0,45.708333333333336,3114.0,10031.0,10611.0,56.0,116.0,119.0,21.567857143357145,6.492307692307692,8.425925925925926,18464,16,39.8,364.0,39146.0,494.0,871,39133,637,204,5,860,117,113,38068,19769,20235,1816,1241,1142,814,1303,993,1253,1506,2817,2284,21552,1778,1774,4103,7022,1495,8645,40004
36.0,1748.0,62.644444444444446,3168.0,10939.0,11877.0,48.0,143.0,149.0,22.289285714142856,11.053846153846154,9.35925925925926,17226,109,46.6,150.0,44740.0,290.0,708,44472,150,232,52,1771,1445,98,41432,22317,22863,1853,1098,966,584,1724,1870,1876,2008,2420,5130,20960,2492,3112,5494,6286,988,9378,45180
0.0,0.0,71.41666666666667,949.0,2130.0,2221.0,10.0,17.0,17.0,22.57499999985714,10.538461538461538,7.0888888888888895,4490,9,45.0,128.0,9503.0,242.0,377,9496,219,26,0,209,3,131,9285,4850,5023,373,250,219,162,397,475,391,622,732,859,5371,160,636,1255,1347,349,1964,9873
0.0,0.0,62.46666666666667,1094.0,3466.0,3743.0,21.0,54.0,57.0,22.15000000017857,12.015384615384615,9.61851851851852,6728,7,45.3,64.0,16029.0,112.0,268,15937,124,35,2,427,80,19,15518,8062,8143,740,366,266,141,737,706,523,764,940,1448,8060,681,1230,1299,2888,681,3307,16205
159.0,2557.0,58.23529411764706,5849.0,13245.0,14043.0,78.0,135.0,142.0,22.060714285785718,11.238461538461538,7.177777777777778,19351,29,39.0,1869.0,39520.0,1520.0,5365,37544,347,2210,0,1332,148,1830,37042,21450,21459,1827,884,771,813,1414,1422,1307,1845,2872,3698,23062,2496,2159,5240,5027,1769,8718,42909
0.0,0.0,82.4,416.0,1023.0,1076.0,22.0,27.0,28.0,22.925,22.125,18.80625,1794,35,48.0,42.0,4167.0,63.0,83,4189,39,31,0,73,18,5,4106,2122,2150,182,61,67,48,180,237,192,230,255,382,2263,93,282,520,743,37,707,4272
0.0,0.0,79.57142857142857,624.0,2677.0,3036.0,11.0,35.0,38.0,22.50714285710714,13.846153846153848,9.251851851851852,4746,0,50.0,297.0,11722.0,336.0,164,12191,58,70,0,539,300,95,11293,6142,6213,474,290,247,96,665,687,493,540,894,1410,6303,324,955,870,2156,275,2888,12355
0.0,0.0,81.42857142857143,690.0,1728.0,1843.0,17.0,28.0,29.0,22.92499999992857,16.785714285714285,10.514285714285714,2653,22,49.9,96.0,6490.0,59.0,157,6488,59,37,0,98,15,89,6347,3311,3334,264,162,93,146,311,280,267,395,413,717,3384,138,480,684,949,175,1298,6645
0.0,0.0,58.333333333333336,744.0,2033.0,2277.0,18.0,28.0,30.0,22.285714286,8.884615384615385,8.21111111111111,3969,6,50.5,31.0,10450.0,90.0,156,10415,14,65,0,183,56,14,10239,5090,5481,647,367,297,145,303,459,468,632,751,1105,4966,195,778,1490,1384,238,2184,10571
0.0,0.0,55.4,226.0,755.0,812.0,1.0,6.0,6.0,24.48965517248276,26.458823529411767,18.596774193548388,1682,0,51.0,6.0,3730.0,11.0,3,3744,3,3,0,222,69,1,3449,1743,2004,80,64,80,20,165,150,199,99,242,423,2031,106,323,449,673,44,736,3747
0.0,0.0,46.52173913043478,2401.0,6418.0,6739.0,21.0,49.0,51.0,21.8607142855,5.861538461538462,5.288461538461538,13576,18,41.0,437.0,27793.0,195.0,1796,26629,91,198,2,474,83,469,27108,14107,14318,1272,875,809,618,761,1017,877,1064,2111,1787,15816,765,1266,3497,4818,709,5653,28425
0.0,0.0,80.6,513.0,1205.0,1252.0,2.0,6.0,6.0,22.78571428557143,14.464285714285714,9.967857142857143,2115,0,45.3,24.0,5583.0,34.0,119,5522,31,13,0,82,10,3,5502,2800,2841,248,119,136,65,215,256,244,254,261,661,2812,203,407,607,799,131,1010,5641
0.0,0.0,65.34782608695652,3149.0,7024.0,7314.0,46.0,72.0,74.0,22.499999999892857,9.807692307692308,7.011111111111112,11175,43,35.9,1246.0,23807.0,643.0,1821,23875,1217,780,2,751,60,1076,21810,13035,12661,879,600,506,358,962,915,797,938,1564,2548,13568,1010,997,3668,3116,723,4737,25696
37.0,1531.0,57.86206896551724,3454.0,10431.0,11278.0,53.0,107.0,108.0,22.071428571964283,6.9692307692307685,7.81111111111111,17141,42,40.9,585.0,34681.0,522.0,2317,33471,218,229,0,746,94,876,33625,17980,17808,1519,772,874,592,1206,1243,1545,1961,2099,2925,19482,625,1947,3359,5047,940,8807,35788
0.0,0.0,83.0,446.0,1707.0,1875.0,7.0,17.0,18.0,22.503571428214286,20.26153846153846,8.488888888888889,1709,7,35.8,7.0,5472.0,29.0,257,5251,19,52,5,792,2046,42,2552,2716,2792,135,77,67,39,247,220,180,178,199,614,2288,845,413,298,813,295,972,5508
0.0,0.0,73.0,790.0,2049.0,2165.0,16.0,23.0,24.0,22.49999999978571,9.461538461538462,9.87037037037037,3914,13,43.1,34.0,9213.0,106.0,424,8929,28,39,0,199,37,110,8940,4612,4741,484,203,187,95,338,436,329,424,626,830,4802,193,575,942,1583,285,1715,9353
55.0,1049.0,75.0952380952381,1914.0,5538.0,5864.0,29.0,61.0,65.0,22.607142857000003,11.676923076923078,7.34074074074074,8421,34,45.5,54.0,19432.0,251.0,946,18791,85,81,16,325,65,171,18994,9832,9905,791,393,298,366,1017,920,671,994,1245,2129,10187,653,1341,2247,2869,471,3872,19737
0.0,0.0,55.22727272727273,2090.0,5818.0,6223.0,34.0,74.0,75.0,22.14642857189286,7.699999999999999,8.12962962962963,10402,97,41.8,216.0,22804.0,129.0,946,22203,52,108,0,388,23,338,22240,11316,11833,1067,565,443,342,871,754,795,1064,1467,1851,11850,756,1336,2101,3626,616,4872,23149
0.0,0.0,61.4,2313.0,7162.0,7586.0,47.0,110.0,117.0,21.86071428603572,10.33846153846154,9.351851851851851,10679,77,40.4,166.0,25619.0,178.0,659,25304,227,103,39,964,1246,168,23216,12936,13027,978,677,371,334,989,799,911,1344,1394,2738,13255,1209,1652,2151,4545,1176,5340,25963
0.0,0.0,58.1,3322.0,9021.0,9594.0,51.0,103.0,106.0,22.21785714260714,9.192307692307692,8.737037037037037,14269,55,41.9,184.0,32677.0,258.0,585,32534,130,53,0,724,41,286,31885,16383,16736,1285,735,684,486,1253,1183,1154,1527,1911,3318,17298,1135,2475,2851,5927,1069,6717,33119
82.0,2728.0,76.05882352941177,4149.0,11760.0,12474.0,31.0,70.0,74.0,22.075,10.523076923076925,6.685185185185185,16918,27,39.1,3291.0,35585.0,1055.0,4746,35185,1941,1471,46,1158,60,1227,34028,19704,20227,1303,685,805,558,1721,1543,1307,1561,2364,3903,19865,2501,2238,4511,5749,2491,6812,39931
0.0,0.0,66.33333333333333,959.0,2016.0,2116.0,8.0,15.0,19.0,22.78214285721429,10.538461538461538,8.08148148148148,3498,7,47.9,192.0,7990.0,65.0,353,7894,126,29,0,115,25,51,7901,4130,4117,424,179,185,127,307,304,284,408,575,866,4206,207,667,903,1173,287,1430,8247
0.0,0.0,50.95238095238095,2666.0,7886.0,8684.0,42.0,66.0,68.0,22.0750000005,8.1,6.792592592592593,15273,72,36.1,872.0,32729.0,575.0,1595,32581,522,858,0,1455,16,296,31029,17137,17039,1487,783,813,887,1086,1190,917,1221,1985,2452,19945,869,1363,6158,3646,932,6066,34176
48.0,1049.0,72.68181818181819,3881.0,6907.0,7104.0,47.0,59.0,60.0,22.499999999642856,11.123076923076924,6.503703703703705,9046,88,36.1,2890.0,17127.0,1650.0,6165,15502,1278,880,0,1511,119,1945,15934,10400,11267,750,379,272,235,981,780,548,909,1187,1857,10803,1371,1075,1623,2931,2534,3196,21667
0.0,0.0,79.0,487.0,1475.0,1580.0,8.0,13.0,14.0,22.499999999857145,12.692307692307692,7.84074074074074,2618,0,43.2,80.0,6367.0,19.0,342,6124,34,54,0,220,146,11,6001,3239,3227,262,152,125,78,272,283,229,306,377,687,3245,238,547,744,967,149,1248,6466
1613.0,73335.0,45.16666666666666,11944.0,40091.0,46243.0,93.0,171.0,194.0,21.789285714607143,6.3538461538461535,3.5615384615384613,68478,293,37.4,8209.0,139542.0,8695.0,7919,148527,9273,10227,112,5222,466,1527,129619,80046,76400,7278,4665,6645,6021,4232,4474,4478,6244,9399,10125,87199,6340,4795,40064,13703,4052,23856,156446
94.0,1518.0,53.35087719298246,4895.0,13388.0,14178.0,71.0,163.0,172.0,22.217857143107143,9.123076923076924,7.707407407407407,24310,94,46.8,724.0,56887.0,805.0,2084,56332,277,682,0,1456,228,830,54943,29045,29371,2495,1301,1152,1012,2634,2203,1937,2544,3760,5655,29699,1432,4027,7103,6752,1941,11977,58416
0.0,0.0,61.57142857142857,1409.0,3506.0,3783.0,16.0,41.0,41.0,22.285714285857143,9.738461538461538,8.625925925925927,6674,36,39.3,139.0,13791.0,180.0,564,13546,129,200,0,267,259,24,13231,7116,6994,676,327,296,151,589,552,536,671,911,1267,7711,418,719,1413,2100,297,3311,14110
0.0,0.0,62.09090909090909,2846.0,6947.0,7509.0,20.0,66.0,68.0,22.13928571475,10.676923076923078,9.188888888888888,11230,35,45.6,112.0,28888.0,254.0,871,28383,199,708,18,878,697,171,26583,13596,15658,953,525,517,288,1110,962,894,1522,1389,2972,13701,889,2117,2362,6099,1179,5836,29254
0.0,0.0,79.54545454545455,1019.0,1979.0,2051.0,24.0,34.0,34.0,22.28214285696429,10.8,6.674074074074074,3805,49,42.1,449.0,8590.0,124.0,662,8501,71,101,16,320,125,66,8464,4730,4433,427,123,132,158,421,477,266,473,512,1013,4521,457,611,867,1372,374,1684,9163
0.0,0.0,63.375,3457.0,8594.0,9247.0,65.0,103.0,110.0,21.78571428607143,10.276923076923076,7.377777777777777,13292,75,38.9,532.0,30244.0,608.0,2091,29293,303,733,5,1134,432,718,28059,15414,15970,1243,738,671,413,905,1173,827,1259,1918,3472,15855,1625,1729,4259,4208,883,5989,31384
0.0,0.0,55.25,824.0,2974.0,3354.0,5.0,17.0,19.0,22.428571428285714,8.892307692307693,7.407407407407407,5064,2,46.5,63.0,10942.0,102.0,186,10921,78,46,0,212,33,62,10676,5514,5593,508,326,301,214,415,526,379,604,667,1070,5841,230,806,1337,1421,278,2415,11107
1027.0,60480.0,45.586666666666666,43616.0,122685.0,137147.0,825.0,1317.0,1373.0,21.571428571392858,11.5,7.34074074074074,222012,1210,35.2,36891.0,460518.0,49189.0,41189,505409,80976,63910,160,30619,3744,14377,352812,279935,266663,20220,15409,16489,16220,17765,17144,16324,21154,26901,42798,296485,35701,17843,126861,55147,26102,78837,546598
0.0,0.0,75.0,364.0,928.0,962.0,5.0,13.0,13.0,22.496428571214288,23.57058823529412,14.713793103448277,1692,0,43.0,9.0,3980.0,16.0,152,3853,0,30,0,119,75,0,3781,1955,2050,204,134,51,32,158,191,88,113,319,423,1992,155,288,374,601,78,930,4005
0.0,0.0,76.9375,1489.0,3858.0,4112.0,34.0,53.0,54.0,22.5714285715,9.915384615384616,7.4148148148148145,6136,8,41.5,118.0,14812.0,263.0,547,14646,395,92,0,395,764,263,13284,7527,7666,590,328,238,158,640,536,584,853,819,1516,7588,309,1329,1579,2164,464,2853,15193
0.0,0.0,76.88235294117646,1534.0,3641.0,3918.0,41.0,56.0,58.0,22.49642857125,11.423076923076923,8.125925925925925,6034,19,44.0,313.0,14147.0,112.0,1268,13304,108,69,0,282,186,944,12983,7159,7413,559,240,266,198,495,558,618,785,891,1422,7214,467,1340,1148,2170,602,3220,14572
109.0,2633.0,46.43478260869565,6828.0,17626.0,18935.0,93.0,171.0,184.0,21.932142857,8.253846153846153,7.607407407407408,25837,21,36.6,3751.0,61514.0,1284.0,5503,61046,1403,3801,46,2281,246,2446,56326,32697,33852,2734,1908,1460,1331,1784,1887,1685,2483,3466,4445,34945,2304,2545,8856,9558,2628,10887,66549
0.0,0.0,60.333333333333336,1170.0,2315.0,2403.0,16.0,33.0,35.0,22.28571428603572,9.092307692307692,6.25925925925926,4290,7,41.0,94.0,9153.0,139.0,301,9085,102,56,0,103,78,27,9020,4852,4534,488,225,236,180,320,309,330,405,603,894,4994,224,562,1310,1169,185,1908,9386
0.0,0.0,68.28571428571429,1812.0,4388.0,4621.0,17.0,44.0,45.0,22.71785714325,9.807692307692308,8.137037037037036,6799,32,41.6,237.0,14617.0,405.0,223,15036,413,138,0,438,270,40,13960,7345,7914,559,368,254,186,611,484,630,766,943,1139,8372,459,745,1569,2577,450,3126,15259
938.0,30673.0,66.13861386138613,15059.0,46192.0,51870.0,285.0,522.0,546.0,21.71785714303571,9.8,8.07037037037037,83898,114,41.0,1809.0,194937.0,2753.0,3580,195919,1900,3045,71,7103,3444,1894,182042,99505,99994,8476,5222,4063,3574,7846,7576,6692,9287,10747,22746,103200,7904,11997,31017,22572,4778,39448,199499
89.0,4632.0,27.542857142857144,13568.0,39777.0,43055.0,107.0,250.0,266.0,21.574999999892857,3.838461538461538,3.723076923076923,70821,81,36.8,4437.0,133119.0,9645.0,7797,139404,8601,6286,38,6069,1062,3192,121953,73980,73221,6167,4998,6591,8157,2455,3300,2715,4077,7227,4800,84684,3441,2939,34523,15005,3311,26381,147201
34.0,1345.0,39.528301886792455,8866.0,27096.0,28504.0,77.0,177.0,183.0,21.571428571214284,4.646153846153847,4.5,46220,109,36.1,1469.0,92591.0,1955.0,2577,93438,1206,2666,0,2869,451,1369,87454,47070,48945,4486,4132,2900,2369,2281,2122,2188,3510,5142,3661,53668,1881,2266,13789,13698,2735,21931,96015
0.0,0.0,61.0,1191.0,3457.0,3730.0,10.0,23.0,25.0,21.932142856964283,7.699999999999999,7.78888888888889,6887,2,41.8,523.0,14145.0,203.0,1355,13516,99,137,6,318,48,346,13917,7312,7559,696,359,302,248,742,446,478,686,934,1124,8173,260,1034,1323,2678,518,3114,14871
479.0,21087.0,55.66336633663367,18930.0,50252.0,53747.0,208.0,361.0,373.0,21.785714285857143,10.253846153846156,7.296296296296297,72349,243,34.8,5897.0,149749.0,4142.0,5557,154231,3419,10987,5,4687,300,2323,138067,79351,80437,6133,3397,4224,2869,4872,5133,4370,6690,9144,12744,90143,7856,6327,22501,18780,4406,29516,159788
39.0,1720.0,57.10714285714285,3092.0,10239.0,10932.0,11.0,58.0,63.0,22.357142857285712,9.453846153846154,7.655555555555555,16593,26,39.2,782.0,35003.0,925.0,2913,33797,156,1280,26,870,138,1094,33146,18370,18340,1769,1022,931,739,971,1483,1162,1497,2293,2969,19450,1532,1728,5396,5003,1177,6723,36710
0.0,0.0,61.0,755.0,2606.0,2831.0,9.0,13.0,14.0,22.707142857071428,15.614285714285714,6.81111111111111,4248,6,33.8,380.0,9169.0,221.0,663,9107,220,154,19,194,150,252,8781,4872,4898,352,235,193,235,280,268,266,411,583,860,5468,308,428,1453,1074,166,1537,9770
0.0,0.0,77.08333333333333,887.0,2271.0,2382.0,18.0,33.0,33.0,22.56785714278572,11.0,7.859259259259259,3966,10,43.8,225.0,9033.0,71.0,491,8838,30,149,81,133,38,153,8745,4684,4645,395,153,187,231,345,457,332,408,535,1200,4801,458,876,1043,1163,347,1943,9329
0.0,0.0,67.68,2506.0,6676.0,7137.0,30.0,56.0,61.0,22.27857142857143,12.853846153846153,7.633333333333333,9270,64,43.9,555.0,23815.0,233.0,1588,23015,160,145,7,960,162,488,22681,11949,12654,984,398,281,209,1004,1024,832,1274,1380,2502,11438,677,2297,1555,4000,1553,4664,24603
0.0,0.0,86.0,312.0,831.0,893.0,5.0,10.0,10.0,22.85714285675,19.97142857142857,36.88510638297872,1366,11,46.6,24.0,3231.0,27.0,120,3162,4,8,0,87,202,42,2939,1662,1620,116,82,65,59,189,180,120,169,202,408,1745,134,316,275,466,60,803,3282
0.0,0.0,52.63157894736842,1884.0,5509.0,6009.0,3.0,16.0,19.0,21.78214285696429,6.238461538461539,7.21111111111111,9641,23,45.4,182.0,21181.0,201.0,652,20912,130,109,0,275,87,239,20724,10702,10862,875,693,586,433,627,765,841,982,1420,1859,11750,511,1356,2766,3323,547,4234,21564
0.0,0.0,75.2,1326.0,4126.0,4429.0,20.0,52.0,58.0,22.575000000035715,12.776923076923076,9.02962962962963,5056,7,41.3,189.0,13437.0,55.0,276,13405,44,109,0,518,107,82,12821,6914,6767,493,122,192,82,761,792,436,604,690,1576,6476,836,955,1031,1939,420,3004,13681
0.0,0.0,60.285714285714285,2133.0,5424.0,5768.0,19.0,39.0,39.0,22.36428571425,8.853846153846154,7.811111111111111,8453,45,40.6,417.0,18045.0,196.0,1148,17510,149,258,2,349,255,226,17419,9742,8916,614,467,387,356,726,675,632,917,1064,1709,9817,794,1223,2218,3212,591,3580,18658
154.0,10334.0,29.42931937172775,22353.0,66096.0,72826.0,267.0,470.0,494.0,21.57857142842857,3.838461538461538,3.692307692307693,116470,157,39.5,6090.0,241195.0,11787.0,11229,247843,15919,12206,165,9228,817,2532,218205,130839,128233,11601,9916,11166,14029,4440,5816,6234,8743,13883,9968,141092,5852,5520,66028,24289,5005,41205,259072
0.0,0.0,78.33333333333333,1187.0,2949.0,3062.0,8.0,23.0,24.0,22.432142857142857,12.007692307692308,7.67037037037037,4532,29,40.7,1040.0,9470.0,393.0,2819,8084,181,46,0,251,0,1350,9075,5494,5409,463,285,198,99,623,228,374,471,422,1208,5494,493,1020,1033,1658,839,1682,10903
0.0,0.0,70.5,682.0,1627.0,1714.0,11.0,22.0,22.0,22.217857143107143,14.992857142857144,9.289285714285716,2723,7,43.0,9.0,6192.0,63.0,199,6065,5,56,0,129,88,73,5913,2979,3285,230,174,137,69,307,346,219,342,391,584,3300,304,514,821,851,116,1435,6264
41.0,1409.0,61.60526315789474,4219.0,12466.0,13888.0,49.0,71.0,74.0,22.078571428821427,9.092307692307692,6.914814814814815,23500,16,35.6,1033.0,49013.0,698.0,1532,49212,1334,586,0,1170,205,342,47107,25546,25198,1958,1006,1147,771,1771,1952,1454,2079,2776,4552,29709,1091,1840,7380,5394,1177,9066,50744
39.0,1966.0,38.47058823529412,12707.0,36234.0,38356.0,118.0,302.0,306.0,21.567857142642858,3.5846153846153848,4.35,65589,123,37.1,1301.0,132534.0,2552.0,4224,132163,1769,2366,8,3011,381,1486,127366,67321,69066,7587,4634,5225,3510,2854,3361,3595,4919,7214,6198,75427,3302,4466,24013,18238,3812,25107,136387
0.0,0.0,75.71428571428571,979.0,2509.0,2684.0,17.0,28.0,30.0,22.717857142857145,11.746153846153844,7.574074074074074,4228,0,42.5,121.0,9564.0,90.0,468,9307,49,68,0,243,229,129,9057,4856,4919,368,190,241,132,326,423,448,452,634,874,4968,303,668,823,1586,308,2069,9775
179.0,2659.0,89.12903225806451,2366.0,7119.0,8433.0,79.0,141.0,152.0,22.353571428571428,24.707692307692305,10.34074074074074,9604,0,39.9,1903.0,28441.0,759.0,2923,28180,185,16462,0,436,97,798,13125,15923,15180,360,244,303,232,1544,846,659,710,823,5408,11370,2905,2621,2732,5016,3967,4259,31103
177.0,5957.0,84.58620689655173,2929.0,9897.0,12419.0,63.0,153.0,166.0,22.49642857142857,16.86923076923077,9.877777777777778,14246,9,40.0,271.0,36579.0,208.0,1209,35849,122,4535,0,1023,102,340,30936,18789,18269,814,421,533,259,1592,1537,1144,1437,1357,5516,16137,2283,3610,3632,5653,3177,6254,37058
0.0,0.0,91.92307692307692,1132.0,3223.0,3787.0,37.0,68.0,70.0,22.357142857142858,20.876923076923077,10.185185185185183,3514,64,47.3,42.0,12275.0,24.0,6,12335,37,5082,0,98,2,37,7085,6425,5916,330,83,287,117,506,416,269,407,370,2631,4131,909,1798,709,2719,762,1996,12341
0.0,0.0,89.41176470588235,2106.0,5253.0,6557.0,71.0,111.0,123.0,22.28214285714285,21.32307692307692,10.35925925925926,6622,99,39.7,66.0,18156.0,86.0,374,17934,38,7893,0,272,15,299,9791,9612,8696,508,370,92,218,590,604,326,540,641,3001,7826,1933,1516,1328,2525,1695,2992,18308
0.0,0.0,91.71428571428572,941.0,2264.0,2728.0,24.0,49.0,51.0,21.928571428857143,19.515384615384612,10.762962962962964,3159,0,42.3,314.0,7826.0,135.0,225,8050,0,2785,26,278,0,124,5062,4207,4068,154,38,84,46,472,350,296,247,367,1129,3452,325,1093,426,1591,968,1434,8275
164.0,1950.0,88.62962962962963,4641.0,9238.0,11061.0,125.0,177.0,189.0,22.42142857107143,31.553846153846152,10.374074074074075,9845,14,36.0,408.0,30630.0,215.0,689,30564,235,20068,0,307,46,496,10101,16548,14705,580,348,296,314,1334,795,837,843,1066,5701,11841,4300,3602,3882,4167,2360,5058,31253
0.0,0.0,94.85714285714286,1592.0,4632.0,5472.0,29.0,70.0,78.0,22.71071428535714,22.91538461538461,9.666666666666666,5397,13,42.3,400.0,13936.0,81.0,865,13552,32,4102,0,146,0,757,9380,7505,6912,405,84,70,38,810,636,541,541,609,2037,5997,1130,1505,815,2597,1318,2390,14417
0.0,0.0,84.44444444444444,1197.0,2556.0,2990.0,25.0,50.0,58.0,22.642857142857142,16.784615384615385,10.55925925925926,3248,0,46.9,0.0,9972.0,0.0,21,9951,0,3515,0,27,0,0,6430,4816,5156,377,151,64,98,325,257,297,358,587,1504,4019,802,1396,820,1566,660,2116,9972
108.0,15.0,93.8,2020.0,5581.0,6755.0,54.0,96.0,101.0,22.571428571428573,20.161538461538463,11.044444444444444,5945,6,39.8,231.0,16783.0,46.0,809,16251,14,7517,0,279,21,670,8559,8818,8242,281,80,183,63,737,619,371,496,886,2807,6847,1638,2171,1019,3177,1712,2437,17060
0.0,0.0,88.55555555555556,704.0,2213.0,2774.0,17.0,33.0,36.0,22.789285714285715,21.8,10.644444444444444,2925,7,43.9,3.0,8199.0,4.0,41,8165,2,2555,6,48,30,0,5565,4084,4122,199,96,41,90,455,211,221,299,385,1356,3432,570,888,937,1574,459,989,8206
0.0,0.0,94.875,993.0,2138.0,2493.0,30.0,46.0,49.0,22.353571428214284,28.16923076923077,13.137037037037036,2383,54,34.1,32.0,8980.0,30.0,4,9038,62,7938,0,23,5,7,1007,4808,4234,68,57,54,55,452,185,264,180,223,1362,3032,1147,847,748,1221,610,1143,9042
0.0,0.0,92.0,1714.0,4207.0,4763.0,74.0,106.0,112.0,22.639285714285712,20.29230769230769,11.07777777777778,5512,0,42.3,12.0,15554.0,46.0,128,15484,0,5600,0,28,0,23,9961,8345,7267,416,205,206,156,510,518,368,678,522,2674,6680,1225,1831,885,2984,936,2789,15612
49.0,1032.0,87.58823529411765,1795.0,4936.0,5985.0,53.0,98.0,102.0,22.571428571428573,22.72307692307692,12.644444444444444,6606,0,39.2,109.0,19361.0,45.0,16,19499,106,11598,0,155,109,0,7547,10358,9157,463,271,155,150,833,697,381,585,682,3511,8005,1648,1680,2087,3293,1310,3131,19515
181.0,1607.0,96.08333333333331,2838.0,6432.0,7905.0,69.0,121.0,135.0,22.42500000035714,35.01538461538461,11.148148148148149,6794,3,35.4,72.0,22570.0,43.0,357,22328,109,17465,0,201,75,124,4711,12181,10504,294,154,143,150,1066,710,456,565,871,4205,8804,3920,2725,1839,2780,1783,4452,22685
0.0,0.0,85.04166666666667,2806.0,7102.0,8864.0,59.0,114.0,125.0,21.714285714285715,18.26923076923077,9.962962962962964,10161,53,38.6,182.0,27993.0,164.0,927,27412,45,14683,0,499,7,490,12615,15162,13177,427,349,394,250,899,1066,657,906,1270,3350,11732,2489,3070,2403,4641,1941,4940,28339
0.0,0.0,95.3125,2511.0,7056.0,8312.0,80.0,109.0,118.0,22.428571428571427,20.476923076923075,9.092592592592592,7092,0,37.0,84.0,18648.0,78.0,440,18370,5,6961,0,83,67,2,11692,9696,9114,722,146,169,47,808,523,502,565,412,3148,7862,1679,2825,1427,3046,1374,3328,18810
398.0,19093.0,58.96,19868.0,49914.0,59899.0,233.0,540.0,574.0,21.567857143,9.03076923076923,4.215384615384616,86088,200,37.1,4072.0,175166.0,3018.0,9107,173149,2736,52270,11,4403,281,4031,118524,94528,87728,7122,4407,4964,2804,4733,6108,5081,6634,10656,11915,95596,8220,5746,25851,26736,7696,35753,182256
639.0,27918.0,80.73584905660377,7320.0,21908.0,26445.0,139.0,307.0,322.0,21.785714285714285,17.684615384615384,8.97037037037037,29321,9,32.5,1336.0,73293.0,533.0,2247,72915,683,27715,43,1685,208,296,44532,39365,35797,1687,1168,845,671,2728,2951,2542,2709,2258,10557,36237,6089,5513,10328,8922,3807,13595,75162
0.0,0.0,90.2,769.0,1922.0,2274.0,20.0,38.0,39.0,22.78571428535714,22.67692307692308,10.8,2433,8,43.2,13.0,7670.0,33.0,2,7714,2,2697,0,146,11,1,4859,3981,3735,203,35,103,74,320,452,194,243,173,1234,2724,729,615,455,1439,625,1334,7716
39.0,809.0,79.64285714285714,2329.0,7120.0,8462.0,45.0,86.0,90.0,22.03928571392857,14.9,7.934615384615385,7375,13,36.6,301.0,23639.0,158.0,687,23411,214,1887,0,317,102,59,21519,11943,12155,510,239,197,251,609,863,862,980,906,2668,9344,1479,2319,1735,4517,1665,4366,24098
0.0,0.0,88.44444444444444,1284.0,3179.0,3768.0,33.0,56.0,60.0,22.496428571714286,18.36923076923077,11.414814814814816,2449,4,40.1,159.0,13453.0,7.0,128,13491,1,3563,0,99,29,3,9924,5510,8109,237,164,133,120,336,447,264,330,494,1300,3484,643,1226,880,2840,1794,2361,13619
49.0,1611.0,84.26315789473684,2494.0,5497.0,6277.0,79.0,128.0,138.0,22.5,23.746153846153845,9.414814814814816,7891,0,39.7,135.0,20784.0,8.0,188,20739,57,9180,0,196,73,93,11328,10692,10235,607,344,240,283,938,824,660,683,592,3305,8858,1696,1838,2190,3134,1677,3754,20927
49.0,939.0,64.79069767441861,3562.0,12154.0,14613.0,78.0,150.0,161.0,21.7428571425,15.576923076923077,6.019230769230769,18751,121,44.7,306.0,46165.0,868.0,1802,45537,468,3702,0,1395,301,202,41271,24420,22919,2116,1446,866,1148,2419,1664,1683,1853,2402,5897,22837,2686,3642,6360,7202,2139,9145,47339
922.0,22392.0,68.80628272251309,16962.0,53345.0,63903.0,290.0,652.0,703.0,21.753571428214286,16.984615384615385,5.861538461538462,84764,335,36.5,4005.0,197678.0,4486.0,11268,194901,5260,51512,174,8723,925,1931,137644,104963,101206,6664,3460,3153,2327,8016,8314,6600,7805,9073,24685,103166,18402,11732,25469,29055,10887,40878,206169
2093.0,98388.0,79.8956043956044,19021.0,51981.0,65439.0,397.0,775.0,838.0,21.717857142857145,21.96153846153846,8.829629629629629,95242,189,35.3,2310.0,231936.0,1358.0,3561,232043,1701,171899,73,2093,272,1056,58510,125622,109982,5800,3047,2963,2662,9782,8105,7166,9227,9939,30141,114342,22110,12610,35399,28421,12169,43127,235604
0.0,0.0,98.94444444444444,1836.0,4440.0,5109.0,70.0,104.0,105.0,22.285714285714285,31.8,13.474074074074077,4696,0,35.0,6.0,17373.0,35.0,84,17330,29,14602,0,71,0,48,2664,9072,8342,150,81,56,85,470,711,307,463,417,3618,5925,2387,2770,932,3246,1312,2808,17414
0.0,0.0,97.33333333333331,936.0,2007.0,2274.0,29.0,44.0,47.0,22.464285714285715,31.007692307692302,12.829629629629627,2390,20,38.0,70.0,8126.0,2.0,70,8128,14,6415,12,27,5,55,1670,4342,3856,109,112,31,118,385,232,112,161,243,1694,3175,1577,852,476,1126,1139,1210,8198
0.0,0.0,94.0,167.0,261.0,298.0,6.0,9.0,9.0,32.38333333330556,40.97894736842105,37.07142857142857,246,0,43.6,0.0,1223.0,0.0,12,1211,0,734,0,1,0,2,486,428,795,19,0,3,9,13,9,92,31,47,239,278,79,240,30,252,260,183,1223
0.0,0.0,86.17647058823529,2910.0,7359.0,9067.0,75.0,143.0,147.0,22.50357142857143,13.223076923076924,6.376923076923077,9409,4,40.5,14.0,23382.0,0.0,388,23008,6,1692,7,214,64,117,21296,11635,11761,711,249,204,141,1225,836,652,859,1234,2414,10307,759,1692,1570,3902,2188,3955,23396
398.0,13509.0,72.26086956521739,12784.0,36768.0,44433.0,234.0,450.0,493.0,21.74642857142857,12.946153846153846,6.496153846153846,58047,127,38.9,1824.0,138014.0,3034.0,9589,133283,3393,30162,185,3578,657,4202,100695,72394,70478,3715,2536,2476,2250,4360,4875,4727,5608,7609,15722,68346,7907,7980,17343,20716,7615,29172,142872
20.0,11.0,87.8125,2157.0,4814.0,5908.0,45.0,75.0,79.0,22.635714285714283,18.884615384615383,10.585185185185184,6129,71,41.3,0.0,16418.0,36.0,79,16375,0,8930,0,94,0,106,7324,8404,8050,337,121,149,182,925,449,483,604,769,2597,6605,1453,2864,1137,3352,875,2641,16454
30.0,70.0,96.85714285714286,631.0,1469.0,1763.0,27.0,37.0,39.0,22.564285713928573,29.85384615384616,15.674074074074074,2089,4,40.7,40.0,7018.0,71.0,307,6822,41,6116,0,7,18,9,938,3625,3504,157,10,26,18,241,121,120,314,243,1293,2556,900,455,616,1400,627,1100,7129
0.0,0.0,92.83333333333331,1029.0,2844.0,3500.0,31.0,53.0,56.0,22.50357142857143,26.03076923076923,10.744444444444444,4230,0,44.5,0.0,11126.0,56.0,66,11116,17,6838,0,60,0,12,4255,5870,5312,308,103,136,68,406,356,366,215,539,2118,4922,770,1435,749,2050,704,1961,11182
268.0,5440.0,84.40384615384616,8066.0,21107.0,2529.0,149.0,287.0,310.0,22.067857142857143,17.26153846153846,8.714814814814815,26666,227,37.5,1397.0,66670.0,240.0,3102,65205,257,20152,36,585,228,434,46615,35031,33276,2008,851,932,579,2756,2120,1933,2552,2533,8591,29945,5873,8444,7073,10211,3847,12469,68307
0.0,0.0,95.33333333333331,919.0,2164.0,18275.0,23.0,47.0,51.0,22.642857142857142,26.22307692307692,11.62962962962963,3361,0,38.6,15.0,9814.0,0.0,34,9795,7,6093,0,26,343,8,3352,4947,4882,78,107,63,108,512,400,251,163,225,1850,4341,775,1363,455,1849,619,1498,9829
208.0,12257.0,51.95,5779.0,15115.0,21124.0,114.0,177.0,187.0,22.000000000107143,12.353846153846153,5.119230769230769,22963,47,30.5,1290.0,52031.0,738.0,1386,52673,1135,12793,0,643,166,720,38602,27915,26144,1466,709,1304,1041,1777,1488,1802,1586,2066,5346,26681,1774,1617,11674,4214,1613,6722,54059
0.0,0.0,61.55555555555556,5956.0,17320.0,21402.0,82.0,160.0,168.0,21.7928571425,11.453846153846154,4.503846153846154,25949,37,36.6,757.0,61233.0,703.0,1789,60904,882,12814,0,1006,78,469,47444,32854,29839,2268,1204,1316,1474,1691,1734,1857,2553,2689,5681,31686,3393,2681,11358,8541,3516,9990,62693
684.0,14647.0,80.42424242424242,6903.0,18719.0,4327.0,229.0,359.0,382.0,22.357142857142858,20.876923076923077,9.674074074074074,28872,92,37.9,705.0,74249.0,603.0,1715,73842,538,33113,23,781,114,506,40482,38916,36641,2585,820,1023,784,2327,2670,2100,2664,3035,11710,32942,6703,5900,8376,10144,4973,14633,75557
0.0,0.0,87.27272727272727,1218.0,3572.0,7419.0,21.0,56.0,57.0,22.503571428928574,18.99230769230769,10.781481481481482,4234,0,40.7,50.0,12520.0,25.0,102,12493,32,4137,0,136,26,120,8144,6401,6194,383,172,107,111,778,319,366,390,494,1899,5160,1073,2094,1122,2406,732,2083,12595
0.0,0.0,90.83333333333331,2554.0,6383.0,32819.0,72.0,115.0,125.0,22.289285714285715,23.79230769230769,9.496296296296295,7950,23,37.7,355.0,22405.0,31.0,1075,21716,68,9632,0,157,1265,344,11325,11304,11487,365,244,175,205,874,783,715,464,866,3422,9250,2084,2418,1821,4212,1851,3250,22791
624.0,19228.0,71.78688524590164,9736.0,26559.0,8467.0,163.0,294.0,320.0,22.357142856785718,15.246153846153844,6.038461538461538,37253,17,37.5,1108.0,83731.0,465.0,2354,82950,798,25162,202,1272,172,1145,56553,44599,40705,3050,1193,1434,1273,2814,2813,2448,3493,4395,8953,41700,4174,5968,12303,10886,5893,15015,85304
193.0,3178.0,89.75862068965517,3414.0,7293.0,10134.0,123.0,167.0,181.0,22.36428571392857,32.3,11.37037037037037,9171,2,34.1,179.0,28367.0,218.0,766,27998,171,21473,0,222,0,517,6381,15213,13551,353,169,405,220,1297,536,523,571,890,4937,11036,3486,4053,2661,5515,1602,3834,28764
22.0,2145.0,83.32142857142857,3680.0,8269.0,20628.0,104.0,156.0,164.0,22.207142856785712,17.407692307692308,9.537037037037036,12236,17,39.5,187.0,33914.0,96.0,424,33773,180,10652,0,43,0,9,23313,18108,16089,1039,675,296,357,1354,1225,786,982,1545,4868,13942,2124,3267,2896,6455,2111,6130,34197
211.0,7172.0,75.9375,6068.0,17463.0,30406.0,141.0,234.0,250.0,22.357142857142858,18.569230769230767,7.023076923076923,22930,7,37.5,666.0,57324.0,906.0,1226,57670,582,25715,8,1287,127,366,30811,30929,27967,1476,1115,766,649,1948,1892,1569,1863,3467,7712,27179,4265,3918,7352,9754,3183,9579,58896
67.0,839.0,51.39344262295082,9569.0,23911.0,30406.0,204.0,321.0,348.0,21.717857143107143,10.192307692307692,4.588461538461538,47991,14,37.4,2317.0,101086.0,2079.0,3160,102322,2824,40012,0,1202,126,1314,60004,54863,50619,3088,2769,3421,4765,3338,2816,2991,3939,5068,7984,54864,4325,4310,28427,9629,3668,14366,105482
49.0,503.0,90.36363636363636,2594.0,6940.0,8395.0,78.0,134.0,143.0,22.2821428575,20.976923076923075,9.562962962962963,7692,6,40.7,101.0,24466.0,218.0,407,24378,185,7898,24,168,0,417,16093,12823,11962,512,333,130,255,1062,777,417,780,864,4640,9436,1813,3084,1445,4681,1997,4291,24785
0.0,0.0,78.5,4075.0,9876.0,11666.0,96.0,172.0,185.0,21.57857142857143,18.53846153846154,9.74074074074074,13631,0,41.4,409.0,34937.0,156.0,1355,34147,0,16883,0,380,43,644,17552,17959,17543,1082,362,409,434,1880,1076,1119,1264,1257,4428,15863,2758,2841,2484,6897,3409,5499,35502
94.0,1939.0,86.62068965517241,3999.0,10952.0,13284.0,129.0,216.0,229.0,22.571428571428573,16.653846153846153,11.337037037037035,12260,42,41.2,98.0,35205.0,256.0,467,35092,122,10881,0,321,7,6,24222,18649,16910,990,333,599,239,1550,1229,1108,1323,1580,4531,14494,2276,2819,2912,7034,2515,5362,35559
0.0,0.0,91.36363636363636,1235.0,2948.0,3535.0,40.0,75.0,83.0,22.57857142857143,22.16923076923077,10.98148148148148,3507,4,42.8,68.0,9880.0,8.0,94,9862,0,4523,0,175,0,76,5182,5383,4573,206,127,119,36,413,599,219,558,209,1880,4146,1199,1188,867,1337,951,1724,9956
213.0,893.0,89.35714285714286,3865.0,10581.0,12336.0,172.0,235.0,247.0,22.571428571785717,21.26923076923077,9.414814814814816,10172,57,37.3,362.0,28738.0,150.0,669,28581,159,6222,10,364,4852,65,17578,15268,13982,728,223,244,233,1105,1072,791,752,1284,4063,12522,2948,2737,1825,4390,2307,5279,29250
0.0,0.0,89.78947368421052,2343.0,5989.0,6920.0,53.0,97.0,102.0,22.567857142857143,19.838461538461537,9.492592592592594,8053,0,37.6,70.0,20936.0,209.0,417,20798,108,6532,0,328,1125,276,12846,11267,9948,356,293,313,272,1065,671,847,491,928,2690,9045,1437,2210,1868,3115,1231,4042,21215
0.0,0.0,95.5,1236.0,2715.0,3469.0,31.0,48.0,51.0,22.610714285714288,27.069230769230767,12.525925925925923,3693,24,37.5,69.0,10428.0,69.0,148,10418,11,7632,0,58,0,0,2865,5733,4833,151,64,62,22,499,568,302,276,318,1753,4389,1278,1334,691,1808,1100,1464,10566
88.0,1347.0,71.03225806451613,4444.0,11063.0,13234.0,96.0,158.0,173.0,22.35357142871429,18.26923076923077,9.181481481481482,17976,0,26.1,1578.0,47593.0,422.0,858,48735,1637,18427,81,958,55,212,28223,24957,24636,883,774,950,729,1151,1650,1135,1620,1646,8311,22844,2669,2703,9026,4168,1293,5687,49593
67.0,1581.0,87.7,4351.0,10368.0,12184.0,99.0,167.0,179.0,22.13928571392857,22.884615384615383,11.1,11212,73,39.2,245.0,33633.0,201.0,667,33412,138,16430,145,715,130,41,16480,17732,16347,486,663,294,398,1735,1060,795,1031,1095,4797,12916,2742,3523,2665,5406,3722,5406,34079
49.0,1312.0,70.09756097560975,4232.0,14979.0,17411.0,132.0,269.0,286.0,22.071428571785717,15.023076923076925,6.0346153846153845,20469,28,41.7,410.0,54702.0,400.0,1795,53717,184,7102,1,1378,397,295,46155,28103,27409,1878,1125,960,662,2158,1953,1660,2105,2594,6226,24063,3041,3509,4109,8206,3497,11961,55512
0.0,0.0,84.72727272727273,1236.0,3033.0,3622.0,36.0,63.0,65.0,21.785714286,18.79230769230769,10.55925925925926,3964,0,41.6,25.0,11734.0,222.0,187,11794,141,2057,0,303,0,0,9480,6103,5878,252,149,206,52,461,620,379,573,404,1501,4896,1238,1277,615,2504,808,2040,11981
128.0,3647.0,87.66666666666667,3047.0,9571.0,12212.0,97.0,184.0,192.0,22.353571428214284,25.07692307692308,9.91851851851852,12781,101,37.5,211.0,38956.0,198.0,628,38737,283,21357,0,305,186,251,16983,20794,18571,381,310,263,270,1522,1715,1060,1205,971,6864,14740,3636,4600,2829,6690,2668,6619,39365
0.0,0.0,79.5909090909091,4118.0,10314.0,12330.0,71.0,141.0,156.0,22.500000000357144,16.26923076923077,6.003846153846154,13062,85,37.0,929.0,30922.0,145.0,2258,29738,9,5114,0,601,0,1654,24618,16706,15290,764,531,277,191,1286,1084,890,1231,1461,3108,14271,1943,2960,3244,4228,3349,5387,31996
42.0,641.0,88.04761904761905,2714.0,8175.0,9928.0,58.0,103.0,112.0,22.567857142857143,16.284615384615385,6.715384615384616,9822,0,39.4,409.0,24568.0,178.0,379,24776,630,2457,0,1017,11,229,20811,12962,12193,405,381,289,114,894,1031,760,557,1110,3714,10856,1780,1947,1723,3733,1755,5328,25155
0.0,0.0,99.0,777.0,1559.0,1796.0,15.0,31.0,33.0,22.14642857178572,31.00769230769231,11.307407407407409,2097,0,40.1,12.0,7017.0,9.0,73,6965,15,5106,0,45,0,5,1867,3751,3287,107,21,43,9,256,167,195,213,267,1744,2811,979,1186,365,1303,741,1122,7038
306.0,6933.0,61.8421052631579,12877.0,36386.0,45167.0,266.0,478.0,524.0,21.71428571464286,9.592307692307692,4.084615384615384,69897,208,38.0,2176.0,149991.0,1952.0,4181,149938,1721,32914,0,2448,230,1703,115103,79785,74334,6305,3544,4499,2753,4483,4884,4696,6270,8936,10270,78946,4822,6163,25841,19530,8855,28919,154119
0.0,0.0,90.84,2973.0,6480.0,7629.0,71.0,118.0,122.0,22.28571428557143,19.13076923076923,8.237037037037037,10584,8,36.7,1479.0,26641.0,168.0,3191,25097,73,10714,0,434,47,1198,15822,14094,14194,695,240,371,197,834,953,679,924,1053,4282,12321,2525,3030,1524,4865,2750,4799,28288
0.0,0.0,97.66666666666669,492.0,950.0,1126.0,17.0,25.0,28.0,22.650000000357142,34.69230769230769,13.964285714285714,1646,0,41.2,0.0,4427.0,0.0,17,4410,0,3296,13,16,6,4,1092,2366,2061,106,63,42,34,170,97,193,97,167,788,2000,668,510,341,870,415,647,4427
44.0,553.0,90.125,2791.0,6939.0,8308.0,81.0,146.0,159.0,21.710714285714285,19.884615384615383,8.65925925925926,10021,0,39.9,32.0,26634.0,152.0,70,26748,135,9923,0,169,31,0,16560,13842,12976,530,432,214,400,1229,1006,847,731,1001,3257,11643,2411,2475,2280,3541,2563,5143,26818
29.0,2.0,83.13333333333334,1546.0,4089.0,4863.0,34.0,67.0,72.0,22.49285714285714,17.353846153846153,9.137037037037036,5459,44,42.1,80.0,15741.0,98.0,133,15786,87,3817,50,61,0,10,11894,8256,7663,446,249,247,115,404,456,558,437,722,2254,6358,901,2590,1045,3016,1491,2377,15919
0.0,0.0,78.81818181818181,1738.0,5385.0,6514.0,29.0,70.0,80.0,22.03928571392857,16.353846153846153,6.619230769230769,6902,21,39.7,37.0,18155.0,90.0,384,17898,0,3284,18,649,23,0,14308,9079,9203,513,320,111,173,453,529,421,665,797,2322,8112,1542,1191,1328,2926,1709,3296,18282
46.0,664.0,92.04347826086956,3222.0,5746.0,6689.0,87.0,120.0,132.0,22.4321428575,38.68461538461538,12.05925925925926,7766,41,36.3,38.0,25627.0,94.0,483,25276,7,19069,0,227,60,99,6297,12178,13581,316,146,198,176,724,844,582,584,780,3995,9468,2971,2577,2154,4592,3203,3956,25759
0.0,0.0,96.9090909090909,1720.0,3176.0,3747.0,39.0,60.0,64.0,22.599999999607142,30.484615384615385,10.407407407407408,4437,0,36.4,235.0,13759.0,47.0,699,13342,74,8296,26,94,11,660,4880,6086,7955,199,138,209,39,602,252,352,197,229,2105,5540,1231,1723,912,2605,1582,2581,14041
0.0,0.0,71.0,3103.0,7294.0,8554.0,76.0,140.0,155.0,21.571428571428573,13.184615384615386,6.065384615384615,11362,18,38.6,177.0,28043.0,199.0,764,27655,44,8763,32,552,17,119,18892,14706,13713,1152,384,387,384,1255,767,892,1160,1406,2766,12770,2146,2141,2378,4556,1500,5586,28419
0.0,0.0,88.35,2810.0,7296.0,8743.0,66.0,106.0,115.0,22.35357142892857,19.284615384615385,7.038461538461538,8260,11,39.2,170.0,21485.0,321.0,1049,20927,60,3669,0,543,12,725,16967,11493,10483,381,208,71,137,1072,796,499,860,750,3068,9419,1907,1963,1607,3669,2100,3398,21976
48.0,684.0,87.42105263157895,2134.0,6107.0,7465.0,66.0,122.0,123.0,22.424999999642857,14.961538461538462,10.762962962962964,7504,0,43.2,291.0,19100.0,5.0,631,18765,10,544,0,576,28,31,18207,10027,9369,456,137,202,113,1001,663,667,885,668,3146,8163,1031,2030,1287,3687,1652,3065,19396
0.0,0.0,85.25,1009.0,2510.0,2984.0,24.0,45.0,50.0,21.57499999928572,25.876923076923077,10.92962962962963,3646,0,34.6,37.0,9719.0,51.0,95,9712,0,7890,0,49,0,28,1840,5186,4621,198,43,73,5,347,541,489,288,246,1734,4400,1815,862,781,1913,916,1570,9807
90.0,3203.0,82.04761904761905,3974.0,9452.0,11227.0,74.0,118.0,131.0,22.36071428607143,14.876923076923076,5.788461538461538,12129,0,38.6,607.0,27780.0,191.0,1257,27321,82,4714,0,318,62,989,22413,14688,13890,422,375,305,362,1024,1259,783,976,1479,2864,13201,1426,2249,1957,4365,3287,4781,28578
0.0,0.0,88.38461538461539,1260.0,3580.0,4447.0,41.0,79.0,83.0,22.785714285714285,24.200000000000003,10.425925925925926,4830,253,39.6,139.0,14260.0,24.0,311,14112,9,6471,0,80,0,205,7658,7285,7138,370,316,103,73,402,681,356,369,357,2680,5395,1009,2368,1214,2682,1330,1606,14423
193.0,4880.0,78.19444444444444,4148.0,10184.0,12272.0,115.0,201.0,218.0,22.075,22.015384615384612,6.407692307692307,18642,122,39.6,457.0,45049.0,524.0,972,45058,316,22663,9,698,99,234,22011,23985,22045,1125,896,815,656,1558,2216,1318,1775,1725,6023,21136,4431,3228,5233,6827,2919,8523,46030
274.0,7709.0,90.28301886792453,5236.0,10248.0,12113.0,130.0,195.0,209.0,22.360714285714288,26.646153846153844,12.07037037037037,16224,18,37.1,139.0,44628.0,305.0,756,44316,306,32445,0,506,21,468,11326,24070,21002,742,416,708,397,1612,1361,1277,1580,1350,8439,19146,5955,5144,4151,7156,3599,7229,45072
49.0,1087.0,91.70588235294116,2563.0,5951.0,6734.0,41.0,84.0,89.0,22.57500000007143,22.63076923076923,10.244444444444444,6519,0,41.1,326.0,19948.0,70.0,328,20016,44,8290,0,264,0,95,11651,10466,9878,405,131,320,276,477,579,467,369,1171,3772,8541,1757,2146,2055,3490,1692,2609,20344
38.0,668.0,88.0,1112.0,3377.0,3887.0,32.0,69.0,73.0,22.785714285714285,18.015384615384612,8.084615384615384,3697,0,40.5,8.0,9684.0,35.0,145,9582,26,1901,0,18,21,44,7717,5070,4657,191,194,29,47,365,296,238,459,742,1138,4236,763,920,779,1756,669,1664,9727
0.0,0.0,95.0,628.0,1792.0,1924.0,27.0,46.0,46.0,22.50357142832143,27.3,11.666666666666666,2271,0,38.5,0.0,8727.0,0.0,50,8677,19,6099,0,71,0,108,2430,4021,4706,106,55,22,64,286,584,83,231,288,1626,2771,843,1228,620,1961,983,1059,8727
120.0,332.0,87.88888888888889,2226.0,5199.0,6354.0,79.0,103.0,104.0,22.564285714642857,22.26153846153846,11.703703703703704,5993,21,41.5,60.0,18017.0,39.0,244,17872,6,8544,0,211,178,60,9117,9316,8800,383,202,46,204,865,686,578,562,829,2745,7460,1850,2245,1210,3628,1187,2885,18116
26.0,258.0,89.33333333333333,1468.0,4052.0,4748.0,37.0,56.0,62.0,22.567857142857143,23.50769230769231,10.648148148148149,4721,0,44.0,14.0,12241.0,21.0,285,11991,0,4790,0,84,6,16,7380,6390,5886,176,252,89,17,405,588,528,571,467,2018,5306,1214,1966,797,2786,770,1855,12276
0.0,0.0,90.57142857142856,2943.0,8006.0,9655.0,66.0,103.0,114.0,21.96428571392857,25.892307692307693,10.203703703703704,7769,88,35.8,955.0,27542.0,14.0,2143,26368,13,16407,0,474,126,690,10801,12397,16114,378,355,223,109,1055,569,539,612,739,3998,9476,3762,2071,1653,6016,3489,4485,28511
45.0,1721.0,80.18181818181819,2310.0,5479.0,6722.0,18.0,61.0,71.0,22.50000000021429,16.846153846153847,7.84074074074074,9515,14,27.9,898.0,24374.0,196.0,646,24822,632,942,6,620,42,121,23105,13181,12287,469,406,325,247,730,906,704,814,957,3520,11392,1117,1542,3244,3411,735,2570,25468
0.0,0.0,67.35714285714286,1829.0,4694.0,5665.0,18.0,55.0,66.0,21.789285714357145,7.576923076923077,4.2615384615384615,7843,10,41.9,55.0,17276.0,223.0,446,17108,150,187,95,381,33,20,16688,8770,8784,698,447,326,190,658,579,618,661,1030,1592,8948,565,1268,2475,3075,514,2809,17554
0.0,0.0,86.0,429.0,1382.0,1815.0,6.0,20.0,24.0,22.78214285717857,19.3,21.53939393939394,2287,44,48.3,5.0,5156.0,19.0,76,5104,4,21,0,59,48,15,5033,2599,2581,231,74,80,83,266,197,307,285,273,753,2661,159,395,630,1004,229,659,5180
0.0,0.0,86.34782608695652,2721.0,5698.0,6866.0,58.0,109.0,125.0,22.217857142857145,16.0,8.244444444444445,10033,82,40.0,255.0,24838.0,243.0,806,24530,23,1394,26,967,94,136,22696,13543,11793,612,474,231,260,1433,1302,805,659,870,2703,11682,1509,1803,2098,5049,1810,4041,25336
0.0,0.0,77.60714285714286,2851.0,6598.0,7963.0,45.0,125.0,151.0,22.2821428575,19.93846153846154,7.814814814814815,13346,14,43.6,761.0,33871.0,983.0,3342,32273,619,80,0,1894,276,788,31958,17909,17706,1019,447,420,376,1986,1225,1349,1301,1642,4107,15464,2505,2746,2808,6833,2697,5138,35615
0.0,0.0,87.08333333333333,1157.0,2805.0,3371.0,12.0,50.0,56.0,22.28214285714285,14.723076923076924,8.103703703703705,4275,3,41.7,92.0,11635.0,5.0,327,11405,4,20,7,486,269,86,10860,5945,5787,366,181,184,122,474,470,380,504,435,1714,5221,706,971,1281,2067,738,1579,11732
40.0,464.0,81.07142857142857,1257.0,3734.0,4457.0,24.0,89.0,102.0,21.571428571428573,11.938461538461535,8.707407407407409,6372,2,41.3,29.0,16110.0,143.0,390,15892,46,298,9,262,120,150,15397,8247,8035,488,344,227,166,832,616,538,580,747,2027,7782,859,1479,1220,3696,1004,2158,16282
0.0,0.0,81.05263157894737,1614.0,4140.0,5499.0,27.0,92.0,113.0,22.717857143214285,18.553846153846152,9.566666666666666,5921,0,54.1,96.0,19101.0,108.0,401,18904,14,80,0,461,259,30,18461,9648,9657,514,254,191,146,810,897,640,639,922,3047,7134,1260,1642,1390,3344,1164,3092,19305
0.0,0.0,82.0,1130.0,2545.0,3260.0,12.0,36.0,48.0,22.210714285714285,15.46923076923077,8.562962962962963,4343,0,44.9,4.0,12148.0,29.0,170,12011,0,68,0,183,92,56,11782,6050,6131,300,145,70,52,415,404,358,589,529,1564,5326,609,1121,781,2669,957,1874,12181
991.0,44415.0,57.12068965517241,17431.0,43180.0,53197.0,84.0,244.0,299.0,21.785714285857143,10.36923076923077,3.534615384615385,81619,113,31.6,7600.0,167741.0,4363.0,6233,173471,7926,15924,157,8701,662,1793,144541,92472,87232,5848,4075,3795,4807,6767,6277,5412,7448,9314,18176,98527,6440,6307,42418,16587,4314,23560,179704
352.0,15172.0,77.97260273972603,9064.0,22510.0,29734.0,136.0,300.0,349.0,21.78928571392857,15.423076923076923,7.766666666666667,36885,66,38.3,1760.0,84601.0,1543.0,5744,82160,1170,4252,513,4201,357,1820,75591,43519,44385,2649,1392,1331,1049,3200,3030,3006,3562,4320,10103,42664,5302,6309,10063,16693,4979,13787,87904
297.0,10160.0,83.47368421052632,4046.0,9921.0,12433.0,37.0,157.0,182.0,22.435714285714287,19.46153846153846,8.262962962962963,15375,0,41.2,196.0,42062.0,312.0,926,41644,378,2119,31,1393,287,85,38277,21628,20942,803,522,256,435,1540,2001,1340,1583,1713,6165,18183,3991,3447,2823,7905,3032,7525,42570
0.0,0.0,79.5,761.0,1680.0,2076.0,11.0,35.0,42.0,21.578571427857145,11.223076923076924,8.033333333333333,3438,11,42.9,42.0,8971.0,39.0,217,8835,43,57,0,241,42,21,8648,4486,4566,329,107,103,46,342,333,349,510,476,1108,3907,589,801,637,1945,397,1430,9052
0.0,0.0,66.13333333333334,4821.0,12021.0,14439.0,46.0,121.0,148.0,21.789285714285715,9.653846153846152,4.4423076923076925,18127,59,38.7,247.0,44134.0,563.0,956,43988,365,1894,194,908,282,210,41091,21985,22959,1603,839,577,359,1527,1682,1588,2307,2407,3344,21175,2040,2326,5701,8192,2529,7155,44944
121.0,5100.0,52.775,3962.0,9238.0,10881.0,82.0,173.0,197.0,22.56785714307143,14.715384615384616,9.35925925925926,17121,0,52.1,483.0,44821.0,519.0,1291,44532,163,387,0,804,197,420,43852,23102,22721,1574,1113,644,931,1913,1539,1531,1665,1925,4465,19957,2733,2680,4422,8146,2011,7464,45823
551.0,15211.0,65.74137931034483,8798.0,18571.0,23434.0,131.0,238.0,275.0,22.071428571535712,10.107692307692307,7.7555555555555555,34862,45,36.7,1595.0,76637.0,602.0,1889,76945,1392,5744,104,2334,73,357,68830,40751,38083,2181,1375,1264,1051,3156,2644,2620,3129,4653,8142,40619,3432,3811,12838,11252,2553,11011,78834
0.0,0.0,85.72727272727273,1005.0,2222.0,2691.0,23.0,44.0,48.0,22.14285714292857,12.915384615384616,8.95185185185185,3165,0,44.2,43.0,8625.0,55.0,145,8578,21,104,0,256,7,14,8321,4417,4306,242,170,143,89,390,214,329,390,465,1086,3885,503,853,784,1760,507,1195,8723
0.0,0.0,78.5,515.0,1491.0,1761.0,9.0,21.0,24.0,22.782142856785715,21.96153846153846,11.992857142857144,2162,0,41.5,0.0,6085.0,0.0,305,5780,0,5,0,43,236,0,5801,3071,3014,82,167,170,14,366,185,157,309,157,727,2680,575,564,493,1406,307,670,6085
71.0,3799.0,53.15,8688.0,24725.0,30193.0,92.0,299.0,348.0,21.567857142857143,6.238461538461538,4.703846153846154,47128,53,39.9,828.0,102791.0,1068.0,4800,99887,626,4377,152,3827,482,823,94400,53676,51011,4788,3128,3167,2097,3103,3405,3394,4250,6396,6669,54561,4780,4342,15405,16917,3147,18492,104687
0.0,0.0,87.71428571428571,1056.0,2905.0,3751.0,19.0,48.0,61.0,22.292857143214288,18.207692307692305,7.9222222222222225,4383,17,44.3,77.0,13954.0,113.0,319,13825,30,17,0,383,53,70,13591,6962,7182,158,189,109,182,809,688,340,572,477,2049,5437,1459,1074,927,2506,781,2284,14144
0.0,0.0,83.44444444444444,674.0,1691.0,1996.0,6.0,34.0,43.0,22.74642857142857,12.284615384615384,11.096428571428572,2787,19,46.2,26.0,7381.0,42.0,70,7379,0,159,0,149,5,74,7062,3790,3659,231,89,81,53,224,305,287,357,308,788,3261,285,574,787,1367,282,1011,7449
0.0,0.0,56.13461538461539,8112.0,20777.0,24975.0,84.0,250.0,292.0,21.714285714571428,7.007692307692308,4.2384615384615385,39158,41,38.6,1209.0,85173.0,942.0,2735,84589,527,1012,24,2604,383,390,82384,44740,42584,2984,1991,1802,1409,2611,3423,2793,3974,5294,6206,44245,3574,3425,14908,11629,3279,15372,87324
0.0,0.0,84.28571428571429,699.0,1581.0,1922.0,6.0,32.0,49.0,22.64285714321429,15.353846153846153,12.314285714285717,2563,18,44.4,48.0,6672.0,63.0,53,6730,89,19,0,80,12,20,6563,3336,3447,195,59,101,88,211,300,249,273,248,909,3201,433,721,437,1414,369,1126,6783
768.0,29736.0,56.56842105263158,9504.0,26898.0,33549.0,153.0,357.0,412.0,21.571428571535712,6.699999999999999,4.380769230769231,116469,178,37.2,4915.0,233444.0,8121.0,17175,229305,5548,15172,828,12072,1028,4578,207254,125529,120951,10788,6205,7445,5344,8525,7591,7122,9908,14618,14968,135928,9918,7158,45891,34114,7417,44702,246480
59.0,1122.0,63.94117647058823,1927.0,4732.0,5749.0,65.0,115.0,130.0,21.571428571535712,8.338461538461539,4.965384615384616,8483,11,40.6,87.0,20275.0,141.0,467,20036,112,293,15,408,74,20,19581,10348,10155,835,357,405,180,661,712,828,1075,1360,1687,9848,758,1210,2437,4444,613,3064,20503
281.0,11560.0,62.36206896551724,8889.0,20058.0,24120.0,120.0,272.0,306.0,21.7821428575,9.746153846153849,3.865384615384616,34764,18,39.0,1102.0,74334.0,1194.0,2192,74438,1194,9067,18,1740,297,201,64113,37904,38726,3444,1972,1870,945,2510,2896,2828,3348,3951,6527,39225,2891,5354,14734,10847,2833,11747,76630
0.0,0.0,70.23076923076923,1878.0,4137.0,4792.0,28.0,74.0,81.0,22.28928571464286,12.36923076923077,8.377777777777778,6790,4,38.8,67.0,17374.0,81.0,347,17175,71,1024,36,718,86,59,15528,8526,8996,485,388,159,152,634,488,596,624,966,1850,7985,679,1107,1930,3038,933,2987,17522
0.0,0.0,79.57142857142857,2369.0,5369.0,6579.0,34.0,97.0,117.0,22.142857142857142,15.176923076923078,8.985185185185186,8667,8,42.2,82.0,23737.0,165.0,497,23487,73,138,116,406,11,176,23064,12213,11771,590,250,227,146,1008,1311,711,1088,1036,3431,10274,1926,2372,1472,4872,1994,3741,23984
0.0,0.0,85.66666666666667,575.0,1417.0,1815.0,14.0,40.0,49.0,22.507142857142856,15.692307692307692,13.044827586206896,2619,3,46.4,28.0,7450.0,93.0,167,7404,38,32,6,238,53,21,7183,3719,3852,174,87,81,80,324,311,275,267,355,1074,3417,361,648,436,1577,427,1212,7571
0.0,0.0,79.26666666666667,1279.0,3781.0,4697.0,24.0,70.0,83.0,21.710714285714285,15.176923076923078,8.485185185185186,5249,0,43.3,143.0,16634.0,64.0,357,16484,108,19,0,324,170,29,16191,8877,7964,323,87,112,171,816,660,570,519,785,2369,6444,1113,1438,969,3824,1113,2248,16841
0.0,0.0,79.25,692.0,1685.0,2027.0,11.0,26.0,32.0,22.292857143214285,14.446153846153846,11.332142857142856,3099,19,40.9,59.0,8221.0,14.0,136,8158,17,51,10,132,17,56,8011,4129,4165,225,83,96,79,368,159,385,363,396,848,3663,536,595,842,1436,521,1018,8294
0.0,0.0,74.875,1127.0,2149.0,2551.0,27.0,44.0,51.0,21.78571428607143,9.76923076923077,8.033333333333333,3588,0,41.0,52.0,11796.0,24.0,310,11562,61,1061,12,286,54,17,10381,4606,7266,345,202,112,57,432,258,353,489,648,904,4157,202,919,990,2981,819,1877,11872
0.0,0.0,82.71428571428571,956.0,3240.0,3966.0,17.0,75.0,93.0,22.571428571428573,17.43846153846154,8.651851851851852,5977,0,45.6,99.0,15217.0,202.0,276,15242,91,100,0,523,124,94,14586,7822,7696,497,143,114,117,721,612,619,460,798,2274,6909,1146,1640,1244,2953,1076,2360,15518
0.0,0.0,78.18181818181819,887.0,2539.0,3059.0,27.0,77.0,87.0,22.2928571425,19.453846153846158,8.75925925925926,4504,0,47.8,85.0,13134.0,116.0,286,13049,16,54,0,83,255,197,12730,6627,6708,436,86,83,197,401,498,676,474,443,2023,5326,1184,1174,862,2696,1017,1795,13335
0.0,0.0,91.72727272727272,3002.0,7191.0,9718.0,19.0,112.0,138.0,22.499999999642856,21.96923076923077,9.781481481481482,10505,40,39.4,723.0,28794.0,140.0,2005,27652,142,3035,14,1164,27,630,24645,15594,14063,604,312,279,254,1409,1168,1023,1132,1000,4938,12545,3441,2247,2144,5821,2644,3814,29657
140.0,6359.0,61.50684931506849,10025.0,22582.0,31433.0,168.0,326.0,415.0,21.567857142857143,7.969230769230768,5.334615384615384,44917,180,40.6,830.0,102035.0,764.0,1843,101786,523,763,13,2473,253,549,99055,52005,51624,3871,2018,2107,1786,3960,3986,3760,3965,6857,8817,52165,5093,4835,12151,16160,4937,20741,103629
0.0,0.0,69.42857142857143,1467.0,3316.0,4094.0,42.0,94.0,115.0,22.14642857142857,11.392307692307693,8.585185185185185,6349,30,47.5,18.0,14461.0,194.0,87,14586,133,88,0,259,53,24,14116,7344,7329,464,373,203,193,620,609,624,655,895,1518,7239,648,928,1597,2741,775,2211,14673
0.0,0.0,86.28571428571429,811.0,2137.0,2690.0,21.0,30.0,37.0,22.5,14.284615384615384,16.90967741935484,2526,4,40.3,49.0,6504.0,23.0,116,6460,37,36,3,76,17,26,6381,3390,3186,149,101,130,58,263,295,164,245,351,739,3043,358,578,700,1243,408,792,6576
1539.0,60359.0,71.5982905982906,27126.0,69664.0,84976.0,443.0,980.0,1156.0,21.71785714260714,10.192307692307692,7.270370370370371,124817,201,36.3,4503.0,282667.0,4404.0,11148,280426,5771,8951,128,12152,1445,3137,259990,149706,141868,8704,5287,4359,3906,14426,11435,11480,12597,14666,40672,146698,12482,17333,47356,38171,9573,48049,291574
0.0,0.0,84.41666666666667,978.0,2426.0,3140.0,34.0,66.0,75.0,22.714285714285715,17.446153846153848,7.9,3574,19,40.5,176.0,9659.0,50.0,243,9642,119,26,1,267,49,28,9395,5008,4877,257,144,121,85,435,326,300,345,592,1295,4516,563,943,885,1531,739,1356,9885
0.0,0.0,91.45454545454544,873.0,1803.0,2465.0,14.0,30.0,36.0,22.71785714282143,16.638461538461538,10.789285714285716,2975,0,42.8,70.0,8318.0,39.0,208,8219,24,68,3,141,35,12,8144,4248,4179,164,116,75,21,373,289,252,307,472,1292,3569,670,630,684,1775,328,1138,8427
42.0,2064.0,80.0952380952381,1980.0,5725.0,7064.0,38.0,78.0,96.0,22.14285714321429,13.83846153846154,8.377777777777778,8541,29,44.3,218.0,21491.0,145.0,551,21303,118,267,1,519,49,41,20859,11108,10746,612,350,310,277,1109,838,814,1143,934,2897,9875,1558,1655,1774,4306,1227,3515,21854
0.0,0.0,91.77777777777776,642.0,1825.0,2408.0,14.0,55.0,59.0,22.499999999392852,20.26153846153846,9.385185185185184,2569,0,55.0,0.0,9365.0,87.0,169,9283,45,2,0,145,145,40,9075,4857,4595,171,105,49,3,751,399,224,297,231,1782,3256,495,1173,406,1969,454,1348,9452
0.0,0.0,86.66666666666667,434.0,1052.0,1314.0,10.0,27.0,34.0,22.503571428642857,18.99285714285714,24.66111111111111,1754,1,48.7,8.0,4332.0,34.0,45,4329,41,44,2,17,43,0,4227,2227,2147,170,101,34,36,238,163,236,165,223,644,2023,159,533,374,925,128,684,4374
0.0,0.0,69.66666666666667,1025.0,2155.0,2972.0,7.0,25.0,38.0,22.032142856785715,10.953846153846154,7.966666666666667,4116,0,38.8,24.0,9964.0,34.0,170,9852,36,588,0,328,67,34,8969,4939,5083,362,143,111,115,369,382,316,379,464,819,4867,400,569,1402,1479,439,1293,10022
111.0,5003.0,83.51515151515152,3494.0,8859.0,10995.0,42.0,205.0,233.0,22.5,17.976923076923075,8.285185185185185,14499,37,40.8,259.0,39649.0,222.0,899,39231,279,111,0,802,453,85,38400,20611,19519,708,412,318,195,2015,1704,1420,1289,1631,5865,16512,3679,3133,3886,7439,2189,6060,40130
0.0,0.0,91.11111111111111,862.0,2175.0,2695.0,5.0,40.0,50.0,22.392857142857142,19.03846153846154,9.97037037037037,3629,0,45.9,10.0,10021.0,119.0,181,9969,48,49,0,301,41,0,9711,5133,5017,194,110,52,39,520,314,293,574,478,1528,4092,694,1061,601,2059,782,1662,10150
2407.0,92759.0,68.39354838709677,77369.0,207655.0,81711.0,936.0,2382.0,878.0,21.564285714357144,11.061538461538465,5.661538461538461,308153,512,36.8,22999.0,659390.0,18344.0,64160,636573,12938,162903,2397,29895,2174,26679,463747,362123,338610,25739,17192,15933,13778,29511,25407,22438,29682,37550,74302,373329,38706,33121,125895,99046,30642,117272,700733
0.0,0.0,78.71717171717172,15020.0,34493.0,24375.0,226.0,517.0,348.0,21.785714285714285,13.461538461538462,7.518518518518518,50962,243,36.2,3532.0,115005.0,1991.0,9913,110615,1398,2364,343,5381,1482,2069,107491,61837,58691,3096,1488,1490,951,5499,4515,4547,5274,6045,13556,59332,9604,6440,14499,20012,7579,18583,120528
259.0,11056.0,59.16,21411.0,53781.0,67882.0,229.0,614.0,750.0,21.571428571285715,7.115384615384615,5.023076923076923,103294,317,39.6,1329.0,220508.0,2940.0,4548,220229,1748,1943,35,8063,545,526,211917,112988,111789,10011,5837,5701,2791,7365,7659,6635,9961,13738,15280,118524,9680,8180,27471,36205,10386,48051,224777
59.0,2360.0,65.21052631578948,4654.0,12091.0,14723.0,47.0,139.0,153.0,21.9285714285,9.776923076923076,8.385185185185186,23840,109,30.3,884.0,52346.0,718.0,2514,51434,1144,2096,164,2503,124,304,47613,26253,27695,1819,1260,583,432,2082,2061,2019,2666,2534,4475,28147,1480,2042,7502,6978,1724,8656,53948
0.0,0.0,81.4,365.0,957.0,1189.0,2.0,12.0,16.0,22.785714285714285,20.346153846153847,32.78139534883721,1251,0,44.2,23.0,3919.0,6.0,40,3908,28,21,2,83,0,6,3808,1964,1984,64,88,10,5,168,121,80,135,142,587,1762,126,457,267,693,242,544,3948
43.0,1566.0,81.56666666666666,3213.0,8079.0,9621.0,66.0,170.0,193.0,22.210714285714285,15.076923076923077,9.08148148148148,14452,75,39.2,117.0,35345.0,218.0,912,34768,140,197,16,1382,218,184,33543,18198,17482,1042,428,306,184,1811,1603,1378,1868,1621,4172,16779,2715,2518,2913,7377,2054,5472,35680
0.0,0.0,65.66666666666667,2977.0,7730.0,9250.0,57.0,125.0,146.0,21.571428571535712,9.376923076923076,4.903846153846154,13752,162,42.4,168.0,32187.0,342.0,1009,31688,236,767,68,538,69,384,30635,16149,16548,1502,648,707,596,944,1280,873,1306,1868,2987,16039,2026,2395,3539,7035,1499,4615,32697
0.0,0.0,80.79411764705883,3356.0,7737.0,9297.0,77.0,157.0,186.0,22.285714285714285,13.984615384615385,7.833333333333333,14442,37,38.7,751.0,37233.0,257.0,2911,35330,35,122,45,1186,256,603,35994,19324,18917,930,468,405,317,2089,1794,1192,1453,1646,4555,18110,2865,2564,3087,7200,2559,5675,38241
0.0,0.0,89.5,1025.0,2726.0,3365.0,10.0,34.0,44.0,22.642857142857142,14.453846153846154,7.52962962962963,3615,47,40.9,53.0,9819.0,26.0,92,9806,4,386,38,200,68,0,9202,4824,5074,279,50,110,118,490,307,362,314,427,1140,4427,554,840,721,2071,537,1282,9898
0.0,0.0,59.16216216216216,5643.0,15090.0,18483.0,39.0,133.0,162.0,21.575000000107146,7.992307692307692,5.438461538461539,24800,0,37.4,169.0,57032.0,389.0,1459,56131,160,1321,12,1417,125,261,54294,28761,28829,2898,1221,1330,559,1686,1393,1414,2167,3087,4063,28429,2668,2375,5774,12064,2453,10268,57590
0.0,0.0,82.8125,1170.0,2534.0,3167.0,12.0,62.0,76.0,22.714285714285715,15.9,9.75925925925926,5061,22,42.0,32.0,11923.0,49.0,306,11698,43,72,7,199,26,17,11640,6189,5815,348,225,240,96,533,509,395,563,680,1413,5780,631,1193,1189,2469,540,1535,12004
0.0,0.0,78.6923076923077,1653.0,3720.0,4454.0,37.0,91.0,109.0,22.14642857142857,12.684615384615386,7.366666666666667,6051,0,40.0,100.0,14848.0,21.0,288,14681,96,407,5,407,67,32,13955,8295,6674,447,187,124,166,585,572,592,814,687,1733,6743,686,1537,1542,2729,890,2467,14969
0.0,0.0,84.94117647058823,2373.0,5261.0,6205.0,26.0,66.0,80.0,21.71071428557143,16.16923076923077,6.94074074074074,8423,158,38.2,1563.0,21025.0,294.0,2626,20256,349,428,590,1699,711,621,18484,11251,11631,653,235,166,195,1002,840,935,785,801,2781,9911,1571,2747,1219,5012,2474,2876,22882
0.0,0.0,86.82352941176471,1447.0,3602.0,4264.0,15.0,52.0,68.0,22.5714285715,14.6,8.155555555555555,5710,25,43.1,108.0,14996.0,50.0,233,14921,112,332,4,368,94,27,14217,7640,7514,422,135,78,81,616,547,562,688,748,2031,6651,868,1558,1432,3213,535,1866,15154
0.0,0.0,77.58333333333333,1579.0,3563.0,4264.0,16.0,52.0,59.0,22.42857142835714,15.123076923076924,8.655555555555555,4575,17,41.9,13.0,12027.0,136.0,289,11887,43,77,0,253,29,39,11735,6151,6025,326,204,218,112,407,447,491,440,545,1661,5279,763,1305,972,2466,643,2088,12176
0.0,0.0,71.42857142857143,628.0,1591.0,1966.0,7.0,34.0,42.0,22.503571428214286,12.484615384615385,11.428571428571429,3300,26,45.3,125.0,8630.0,36.0,291,8500,29,27,0,37,25,12,8661,4393,4398,373,127,51,99,539,371,342,373,479,1054,4000,435,858,764,1653,687,1332,8791
99.0,4355.0,79.14814814814815,3499.0,7938.0,9802.0,42.0,115.0,135.0,22.353571428571428,12.961538461538462,8.174074074074074,11808,47,38.9,133.0,28326.0,113.0,525,28047,153,1243,41,856,58,55,26166,14712,13860,935,688,262,213,1082,1029,1021,1731,1326,3250,13591,2115,1688,3822,4593,1337,4494,28572
0.0,0.0,86.5,298.0,693.0,903.0,2.0,12.0,17.0,22.935714285357143,18.82857142857143,35.85,1274,0,42.7,42.0,3537.0,44.0,95,3528,19,13,0,114,0,10,3467,1829,1794,112,42,3,16,100,134,113,193,188,432,1611,93,321,384,585,160,504,3623
0.0,0.0,72.1304347826087,2483.0,6067.0,7090.0,51.0,114.0,129.0,22.289285714285715,14.261538461538462,8.781481481481482,10638,56,40.5,195.0,25021.0,153.0,505,24864,217,135,14,376,88,36,24503,12760,12609,702,309,256,366,1344,1022,816,1211,1364,3062,12389,1479,1711,2497,4843,1437,3918,25369
0.0,0.0,92.83333333333331,1434.0,3331.0,4425.0,25.0,56.0,65.0,22.435714285714283,20.846153846153847,8.385185185185186,4047,13,41.0,127.0,13159.0,42.0,308,13020,5,3380,6,221,74,0,9642,6067,7261,271,124,75,72,570,511,373,274,567,2161,4756,1369,1099,856,3191,1464,1616,13328
0.0,0.0,67.9090909090909,1755.0,3803.0,4386.0,29.0,55.0,61.0,21.785714285714285,10.184615384615386,7.814814814814815,6049,51,37.7,114.0,15694.0,99.0,788,15119,35,577,18,214,132,102,14829,7549,8358,477,213,214,99,670,433,403,552,1055,1334,6911,632,1218,1579,3310,1243,2014,15907
0.0,0.0,80.9090909090909,979.0,2162.0,2509.0,11.0,40.0,52.0,22.714285714,15.461538461538462,9.01851851851852,3416,7,46.6,26.0,8581.0,23.0,146,8484,44,277,12,130,61,24,8082,4252,4378,213,151,66,31,366,499,199,381,524,1301,3786,279,912,626,1912,385,1224,8630
0.0,0.0,77.14285714285714,1002.0,2457.0,3116.0,10.0,56.0,63.0,22.22142857142857,13.438461538461535,8.481481481481481,4688,7,43.9,104.0,11261.0,49.0,244,11170,10,187,1,320,3,144,10749,5774,5640,342,299,140,66,484,480,444,660,679,1401,5335,667,1139,942,2530,743,1544,11414
0.0,0.0,72.9047619047619,1692.0,3999.0,4920.0,42.0,104.0,125.0,22.46428571464286,17.853846153846156,9.670370370370373,6119,32,46.0,56.0,20272.0,110.0,472,19966,180,198,0,439,75,45,19501,10277,10161,500,308,74,237,878,702,440,914,755,2831,7711,1155,1919,1148,3752,2244,2515,20438
0.0,0.0,91.23809523809524,2068.0,5013.0,6109.0,45.0,83.0,93.0,22.571428571428573,20.36923076923077,8.966666666666667,6248,15,41.7,63.0,17180.0,32.0,335,16940,0,2732,0,516,34,0,13993,9053,8222,466,260,174,60,898,714,469,725,783,2732,7340,2278,1637,1048,4178,1434,2107,17275
602.0,28483.0,73.34782608695652,5121.0,11671.0,13831.0,69.0,194.0,223.0,21.7821428575,13.461538461538462,8.174074074074074,23609,20,39.7,1118.0,56472.0,698.0,3198,55090,816,596,641,3862,1111,391,50871,29344,28944,1630,1019,696,1073,2952,2239,1875,2587,2700,5352,27563,3699,3855,6496,9693,3293,9523,58288
51.0,1076.0,77.16666666666667,2317.0,5668.0,7218.0,25.0,43.0,51.0,22.21785714275,10.761538461538462,7.066666666666667,9677,15,30.0,287.0,21773.0,139.0,392,21807,324,573,24,378,47,129,20724,11077,11122,433,386,263,164,712,1058,585,880,1195,2834,11287,695,1319,2721,3400,434,2555,22199
0.0,0.0,88.3,808.0,2017.0,2432.0,3.0,32.0,41.0,22.78214285714285,22.146153846153844,8.14074074074074,3407,0,46.5,23.0,10497.0,41.0,196,10365,38,10,5,249,140,40,10079,5364,5197,252,38,82,24,453,436,386,304,251,2072,3979,1076,1245,679,2427,586,1331,10561
0.0,0.0,62.90909090909091,1584.0,3202.0,3793.0,14.0,42.0,52.0,21.785714285857143,7.115384615384615,4.1269230769230765,6064,0,41.3,2.0,13593.0,18.0,122,13491,0,26,0,128,82,20,13357,6576,7037,602,262,143,204,428,506,522,656,863,1087,6751,389,957,1534,2901,371,2085,13613
0.0,0.0,87.0,636.0,1697.0,2035.0,16.0,55.0,66.0,25.17586206862069,22.63076923076923,9.055555555555555,2675,0,51.8,15.0,9023.0,100.0,167,8971,62,8,0,158,81,32,8797,4635,4503,187,90,25,28,711,348,264,349,273,1807,3239,763,1186,607,1767,723,1220,9138
160.0,407.0,90.15789473684212,1584.0,2973.0,3800.0,29.0,73.0,87.0,22.578571428571426,24.361538461538466,9.75925925925926,5210,19,38.1,71.0,16169.0,90.0,435,15895,6,4416,0,441,13,157,11297,8709,7621,387,176,292,117,743,582,505,347,604,2887,6374,2650,1379,947,3558,1474,1983,16330
0.0,0.0,66.8125,2157.0,4900.0,6336.0,27.0,44.0,51.0,22.428571428214287,10.507692307692308,7.474074074074075,8904,10,41.2,183.0,18917.0,127.0,431,18796,193,81,0,428,64,0,18461,9808,9419,607,443,178,203,776,661,767,933,1212,1797,9766,721,1349,2072,3911,975,2686,19227
108.0,3232.0,77.8974358974359,5022.0,11882.0,14937.0,77.0,155.0,191.0,21.928571428214287,14.36923076923077,8.059259259259258,17280,76,37.8,1859.0,39240.0,1322.0,3758,38663,297,1270,27,1285,150,1061,38331,21397,21024,859,942,401,394,2061,1869,1485,1931,1965,4286,20345,2737,2726,3919,7084,2598,7405,42421
242.0,6628.0,74.65789473684211,3613.0,10050.0,12903.0,123.0,235.0,263.0,22.353571428607143,16.053846153846152,7.770370370370371,16495,83,35.8,1545.0,42402.0,640.0,1179,43408,1640,917,0,1836,324,114,39756,21147,23440,1328,690,682,503,1738,1789,1815,1486,1884,6298,19556,2197,2239,6395,6265,1874,6099,44587
0.0,0.0,81.75,1738.0,4229.0,5220.0,23.0,57.0,65.0,22.142857142857142,15.2,8.037037037037036,6490,1,38.6,58.0,18054.0,46.0,411,17747,87,1233,15,362,36,160,16265,8320,9838,496,241,155,125,935,767,497,571,888,1978,7438,642,1340,1456,4733,1130,2033,18158
0.0,0.0,41.828947368421055,3925.0,10264.0,12814.0,44.0,100.0,108.0,21.56428571457143,5.407692307692307,4.05,49034,154,38.3,2236.0,97281.0,3331.0,6466,96382,2956,6853,522,4381,298,1483,86355,52093,50755,4783,3187,3760,3973,3302,2796,2666,3949,6272,5230,57587,2292,2209,25170,11321,1966,16617,102848
72.0,2593.0,74.27272727272727,3188.0,8006.0,9932.0,31.0,103.0,121.0,21.71428571464286,13.238461538461538,8.085185185185185,12589,13,38.1,116.0,31677.0,238.0,813,31218,104,298,48,941,419,71,30150,16299,15732,897,460,552,224,1416,1112,1068,1241,1213,3650,14792,2046,2152,3341,5747,1490,4373,32031
0.0,0.0,65.6774193548387,3451.0,8794.0,10785.0,49.0,113.0,132.0,22.357142857214285,11.253846153846156,8.862962962962964,19274,0,27.8,1287.0,49226.0,1846.0,5927,46432,1434,5846,374,3510,511,1370,39314,22593,29766,1641,818,464,348,1286,1727,1392,2002,2027,3356,29807,2381,1714,7255,6814,1252,9582,52359
0.0,0.0,80.14285714285714,436.0,990.0,1177.0,4.0,23.0,26.0,22.78214285742857,15.892307692307693,20.045454545454547,1958,0,46.4,9.0,4733.0,4.0,68,4678,3,13,0,120,0,0,4610,2376,2370,60,80,74,24,199,197,80,237,280,467,2187,275,449,559,843,134,626,4746
0.0,0.0,72.8,1023.0,2442.0,2948.0,12.0,25.0,30.0,22.63928571475,10.623076923076924,8.592592592592593,4297,0,45.2,9.0,10171.0,78.0,101,10157,64,182,0,203,49,68,9692,5152,5106,470,201,123,43,454,323,408,376,678,1056,5100,350,716,799,2296,343,1690,10258
67.0,1007.0,82.54545454545455,2536.0,5990.0,7202.0,30.0,101.0,116.0,22.217857142857145,14.2,8.485185185185186,9928,25,39.2,98.0,24465.0,206.0,533,24236,156,1483,0,752,146,123,22109,11896,12873,616,407,235,112,1116,636,750,1242,1122,2636,11231,1579,1645,2284,4839,1209,4738,24769
0.0,0.0,68.38095238095238,1847.0,5132.0,6208.0,25.0,89.0,102.0,21.57142857107143,9.076923076923077,5.434615384615385,10082,0,42.4,43.0,22752.0,105.0,588,22312,42,256,0,718,85,78,21721,11578,11322,906,529,494,269,712,773,643,979,1492,1969,11530,1090,1563,1896,5394,1264,3275,22900
0.0,0.0,88.0,376.0,1149.0,1392.0,3.0,25.0,27.0,24.65517241444828,21.161538461538463,15.262068965517242,2234,0,46.3,8.0,6242.0,24.0,49,6225,24,82,10,239,12,28,5879,2993,3281,238,42,61,34,308,236,176,265,219,1001,2752,536,527,517,1215,562,925,6274
0.0,0.0,91.92857142857144,1010.0,2675.0,3194.0,14.0,61.0,68.0,22.785714285392856,23.253846153846155,9.103703703703705,4564,28,42.1,21.0,13346.0,117.0,200,13284,77,90,21,194,69,60,12973,6835,6649,118,231,35,54,471,347,556,523,452,2186,5490,886,1283,792,2697,942,2284,13484
868.0,32258.0,42.49777777777778,39750.0,93477.0,119652.0,436.0,890.0,1050.0,21.571428571285715,4.161538461538462,4.038461538461538,188680,294,39.0,7346.0,382762.0,8364.0,13418,385054,10342,18068,117,12687,494,2959,353805,202565,195907,19797,14181,15372,14352,9814,10527,10056,14935,23466,16972,220076,8705,9758,94276,42947,8093,66229,398472
0.0,0.0,88.4,773.0,2096.0,2618.0,8.0,32.0,45.0,22.285714285,19.06153846153846,8.474074074074075,3164,23,49.3,29.0,9346.0,80.0,221,9234,17,58,0,291,35,91,8963,4717,4738,291,108,48,44,755,340,294,419,432,1389,3788,512,1006,611,1748,582,1514,9455
0.0,0.0,58.70588235294117,1746.0,3642.0,4846.0,15.0,39.0,42.0,22.14285714325,10.353846153846153,5.165384615384616,7995,0,43.7,52.0,17726.0,109.0,213,17674,77,386,0,78,21,49,17276,8833,9054,838,749,323,245,582,676,544,566,1023,1706,9075,965,1247,1814,3146,738,3580,17887
108.0,4332.0,79.43478260869566,8592.0,18958.0,23553.0,109.0,278.0,330.0,21.924999999642857,15.707692307692309,8.914814814814815,24778,67,39.2,564.0,65620.0,469.0,1068,65585,283,2736,21,1513,229,374,61497,31044,35609,1696,1155,632,479,2903,2372,1914,2558,3024,7839,28290,4029,4143,5160,13029,5029,12909,66653
4303.0,173572.0,54.899057873485866,85115.0,214579.0,288555.0,1747.0,3037.0,3530.0,21.56785714303572,8.569230769230769,4.7,429199,511,40.4,33137.0,920640.0,42402.0,29396,966783,44412,241560,289,35359,1745,10642,662172,523364,472815,38113,25257,30703,43126,35313,33816,32158,39919,52605,78648,524232,41063,38112,241318,97937,25600,146841,996179
52.0,1446.0,81.6086956521739,2789.0,6252.0,7228.0,39.0,100.0,118.0,22.07857142821429,12.807692307692308,7.785185185185185,9529,39,36.7,768.0,21769.0,395.0,2428,20504,181,1196,192,1019,23,925,19396,11505,11427,472,338,302,134,915,870,709,751,1226,2518,10912,1337,1439,2566,3751,1547,2895,22932
0.0,0.0,90.8,330.0,723.0,896.0,5.0,25.0,26.0,24.89310344851724,15.7,21.86060606060606,1816,0,39.5,16.0,4506.0,28.0,102,4448,9,13,0,112,0,7,4409,2339,2211,89,35,5,22,152,181,199,134,132,491,2048,265,478,229,942,141,840,4550
0.0,0.0,76.5,303.0,682.0,839.0,3.0,18.0,20.0,22.77857142857143,15.384615384615383,22.06,1635,11,36.3,36.0,4848.0,39.0,0,4923,2,1,0,128,3,2,4787,2551,2372,34,99,77,70,225,131,172,203,183,493,2052,25,315,344,779,508,533,4923
132.0,3484.0,80.77777777777777,4624.0,11073.0,13875.0,79.0,153.0,172.0,22.214285714285715,15.83846153846154,8.181481481481482,16209,140,40.1,215.0,38121.0,202.0,942,37596,145,4290,0,1263,56,168,32616,19778,18760,1023,693,439,360,1418,1567,1172,1942,1475,5253,18267,3374,2587,3936,7396,2211,5630,38538
0.0,0.0,81.5,576.0,1593.0,1916.0,12.0,36.0,43.0,22.782142856785715,22.515384615384612,9.651851851851852,2534,15,45.0,12.0,8177.0,18.0,108,8099,0,10,0,394,11,0,7792,4149,4058,90,30,34,13,397,389,407,214,291,1198,3112,598,858,635,1779,646,1058,8207
0.0,0.0,92.14285714285714,634.0,1508.0,2075.0,7.0,15.0,18.0,22.785714285714285,15.684615384615386,18.11290322580645,2368,1,42.8,7.0,5917.0,51.0,134,5841,8,138,0,75,17,54,5683,2874,3101,157,51,80,32,317,260,162,225,395,806,2867,307,514,560,1143,239,919,5975
48.0,1394.0,85.11111111111111,2465.0,6077.0,7191.0,37.0,122.0,152.0,22.428571429285714,16.092307692307692,8.77037037037037,11038,0,42.0,59.0,29185.0,11.0,519,28736,7,395,0,607,0,23,28223,15128,14127,684,392,172,87,1490,1171,1144,907,1661,3837,12858,2510,2318,1986,6166,2598,3848,29255
0.0,0.0,60.333333333333336,2350.0,5750.0,6942.0,39.0,117.0,132.0,22.285714285678573,16.015384615384615,10.54074074074074,11018,14,54.2,212.0,31205.0,458.0,743,31132,145,66,0,617,146,308,30593,16226,15649,851,523,585,374,1437,1427,1394,1492,1397,3209,13435,1319,1250,2702,5022,1639,5528,31875
0.0,0.0,91.375,830.0,1702.0,2048.0,14.0,21.0,29.0,22.78928571464286,15.707692307692309,15.833333333333334,2491,0,42.3,213.0,5583.0,367.0,1129,5034,3,188,15,209,34,200,5514,3139,3024,137,41,68,28,273,215,226,238,303,689,2742,392,500,427,1440,432,816,6163
157.0,5487.0,70.02173913043478,5124.0,13236.0,16064.0,91.0,218.0,252.0,22.14642857142857,15.26923076923077,10.52962962962963,22609,26,43.2,677.0,53939.0,947.0,3404,52159,395,1049,11,1420,553,1261,50874,29116,26447,1324,830,399,623,2974,2256,2736,2006,2801,6441,27150,3542,2680,6003,8643,2663,9331,55563
47.0,1190.0,84.0952380952381,1826.0,4650.0,5677.0,22.0,94.0,113.0,22.71428571392857,21.946153846153848,8.7,8485,14,43.1,12.0,25054.0,452.0,560,24958,467,514,11,671,248,123,23484,12270,13248,716,371,252,63,1301,792,669,764,881,4043,10113,1486,2100,1826,4788,1921,4297,25518
71.0,873.0,85.55555555555556,1833.0,5037.0,6150.0,40.0,102.0,116.0,22.71428571464286,19.315384615384616,7.748148148148148,7153,4,41.7,101.0,20322.0,137.0,461,20099,153,82,0,637,63,24,19601,10574,9986,510,270,167,101,1069,834,808,796,1118,2621,9288,866,1426,1754,3806,1026,3162,20560
0.0,0.0,54.0,2939.0,8092.0,9926.0,20.0,101.0,116.0,21.567857143214287,7.738461538461538,5.119230769230769,15622,67,41.2,94.0,34538.0,458.0,1220,33870,210,646,11,1223,198,630,32172,17720,17370,1442,1003,555,844,1226,1740,801,1714,1656,2148,17525,1904,1467,3769,6226,1799,6115,35090
0.0,0.0,86.3157894736842,2683.0,5926.0,7086.0,48.0,133.0,154.0,21.85357142871429,17.4,9.911111111111111,8203,0,40.5,72.0,24676.0,71.0,363,24456,21,513,35,695,53,0,23502,11968,12851,402,304,215,207,1055,961,758,1250,928,3198,9907,2078,2601,1501,5227,2285,4062,24819
0.0,0.0,88.875,1018.0,2365.0,2979.0,11.0,47.0,58.0,22.78214285696429,21.200000000000003,8.988888888888889,3868,29,48.2,15.0,12957.0,86.0,248,12810,89,79,0,395,27,35,12433,6651,6407,165,203,122,30,842,777,327,552,432,1988,4780,1116,1499,701,2695,1093,1998,13058
0.0,0.0,67.34782608695652,3431.0,8985.0,10347.0,53.0,142.0,165.0,21.714285714285715,14.923076923076923,8.311111111111112,14539,60,36.4,194.0,38658.0,275.0,841,38286,125,241,18,1019,141,290,37293,19150,19977,1409,528,410,358,1338,1448,1421,1556,1891,3338,16920,2165,2879,3697,6744,2451,6347,39127
0.0,0.0,92.0,161.0,401.0,559.0,1.0,3.0,5.0,22.78214285732143,31.00526315789474,26.092,735,0,48.2,0.0,1985.0,16.0,48,1953,1,12,0,19,1,1,1967,1006,995,79,25,17,22,100,47,58,87,108,265,918,123,170,178,391,82,291,2001
0.0,0.0,84.26315789473684,1550.0,3821.0,4585.0,29.0,79.0,95.0,22.28214285714285,19.200000000000003,8.551851851851852,6082,34,41.5,26.0,18140.0,90.0,376,17880,96,25,26,647,60,57,17345,9373,8883,398,79,64,59,966,765,541,581,570,2954,7094,1771,1578,904,3745,1504,2519,18256
1801.0,67595.0,73.6742671009772,21388.0,55869.0,76241.0,398.0,752.0,869.0,21.578571428928573,20.8,9.251851851851852,121476,245,36.0,11829.0,283820.0,9060.0,12530,292179,10266,139140,112,9447,784,3441,141519,157017,147692,9223,6333,5744,5868,14911,12608,11695,13169,14998,49017,167870,25295,25732,71061,40293,16760,48868,304709
0.0,0.0,56.6,870.0,2118.0,2475.0,8.0,28.0,32.0,22.714285714321427,12.323076923076922,7.044444444444444,3731,0,42.6,58.0,9347.0,49.0,467,8987,15,7,22,265,199,58,8888,4728,4726,249,164,190,177,491,301,334,383,489,1425,4692,354,520,1441,1245,250,1421,9454
0.0,0.0,72.27272727272727,2343.0,4949.0,5867.0,72.0,92.0,104.0,22.282142856785715,21.99230769230769,11.133333333333336,4131,12,31.4,47.0,13230.0,25.0,785,12517,31,0,0,611,8740,35,3885,6705,6597,323,121,106,123,345,388,218,326,518,1154,5630,988,799,923,2025,654,2259,13302
0.0,0.0,87.5,707.0,2059.0,2592.0,24.0,31.0,34.0,22.857142856607144,18.03076923076923,20.078125,1982,1,33.5,20.0,6657.0,21.0,231,6467,6,31,0,105,3487,55,3014,3417,3281,141,91,147,24,192,204,244,276,183,897,2903,839,507,807,805,251,1247,6698
0.0,0.0,48.6,420.0,1259.0,1548.0,5.0,18.0,22.0,22.785714285392856,15.378571428571428,22.54848484848485,2367,12,47.1,62.0,5993.0,25.0,175,5905,0,5,0,174,49,18,5834,2910,3170,175,178,85,67,249,312,219,354,267,530,2913,205,443,856,736,133,1206,6080
0.0,0.0,39.75,840.0,2033.0,2469.0,12.0,28.0,30.0,21.782142856714284,9.03076923076923,7.4,4077,23,51.1,41.0,10575.0,73.0,271,10418,45,58,11,147,89,98,10241,5258,5431,412,210,211,232,439,385,347,546,725,1017,5567,358,666,1532,1721,200,2020,10689
0.0,0.0,84.0,146.0,248.0,291.0,5.0,5.0,5.0,27.477419355225805,22.468421052631577,13.51,407,0,53.3,2.0,1302.0,1.0,0,1305,0,0,0,32,17,0,1256,615,690,29,15,23,14,53,71,61,56,102,226,658,10,104,148,162,43,283,1305
498.0,12219.0,61.391891891891895,7767.0,25042.0,30069.0,150.0,319.0,375.0,21.789285714250003,11.061538461538465,7.296296296296297,34962,86,38.0,529.0,80051.0,996.0,3826,77750,684,1198,57,3891,3406,1195,71145,40323,41253,3013,1308,1477,1184,3735,3129,3024,3730,4183,9657,40844,4040,6031,11453,12090,2748,14269,81576
0.0,0.0,72.33333333333333,492.0,976.0,1364.0,5.0,14.0,15.0,22.5,13.984615384615385,36.99111111111111,1931,0,40.9,35.0,5648.0,48.0,45,5686,33,14,1,194,1043,10,4436,2878,2853,181,70,94,63,223,350,177,229,228,686,2657,286,548,751,980,226,807,5731
0.0,0.0,61.5,1144.0,3035.0,3520.0,15.0,46.0,53.0,22.717857142892857,12.046153846153846,7.014814814814815,5218,62,42.5,53.0,11339.0,171.0,404,11159,58,80,22,394,113,79,10817,5847,5716,480,254,285,155,564,536,270,445,662,1186,6329,319,683,1748,1596,375,2218,11563
0.0,0.0,64.0,197.0,386.0,486.0,7.0,9.0,9.0,28.35806451580645,20.068421052631574,16.542,693,0,51.4,9.0,1676.0,20.0,30,1675,15,0,0,40,56,0,1594,794,911,82,32,23,35,134,50,77,95,122,206,884,36,185,235,263,30,331,1705
0.0,0.0,67.7,1073.0,2327.0,2769.0,29.0,54.0,60.0,22.714285713964284,11.930769230769233,3.719230769230769,4032,6,41.7,37.0,8696.0,91.0,269,8555,24,44,0,226,119,60,8351,4145,4679,374,109,134,142,543,459,344,499,420,868,4804,538,532,1079,1388,335,1951,8824
0.0,0.0,77.55555555555556,1054.0,2514.0,3276.0,13.0,28.0,30.0,22.56428571457143,20.135714285714283,7.625925925925926,3332,0,49.0,97.0,9001.0,55.0,324,8829,51,136,15,374,124,60,8393,4319,4834,257,109,45,82,419,484,352,332,520,1469,4129,406,897,942,1828,512,1715,9153
0.0,0.0,58.0,278.0,676.0,799.0,2.0,10.0,12.0,25.379310344896552,26.194444444444443,23.038775510204083,1276,0,35.3,48.0,2926.0,1.0,40,2935,30,1,0,40,101,3,2800,1514,1461,214,88,85,57,113,94,49,128,151,295,1557,88,207,258,443,45,714,2975
0.0,0.0,69.4,1065.0,2492.0,2972.0,27.0,54.0,62.0,22.71785714275,12.484615384615385,7.748148148148148,3887,4,45.0,73.0,10910.0,184.0,148,11019,167,80,8,149,182,99,10482,5453,5714,295,299,142,130,418,480,481,413,698,1701,5509,374,618,1743,1435,308,2040,11167
331.0,8120.0,36.26190476190476,11201.0,29012.0,33879.0,81.0,268.0,303.0,22.3535714285,9.176923076923076,6.061538461538461,41518,43,42.2,875.0,99209.0,1917.0,3017,98984,658,472,13,3197,1561,511,95589,51069,50932,3313,1833,2290,1718,4478,3780,3131,5052,5166,9164,51667,4956,4815,16753,14852,2813,18506,102001
124.0,6667.0,24.45945945945946,12520.0,34020.0,41667.0,54.0,115.0,134.0,22.360714285535717,6.984615384615385,3.742307692307692,50410,327,33.4,1808.0,107821.0,1772.0,4349,107052,1416,459,5,3753,1031,926,103811,53605,57796,4663,3003,3350,3583,3373,3400,4079,4553,6683,8600,65956,2862,2929,29850,9761,1638,16287,111401
0.0,0.0,71.0,76.0,224.0,251.0,2.0,3.0,3.0,27.0343749998125,25.026315789473685,13.884,298,0,40.1,0.0,1051.0,0.0,3,1048,0,6,0,0,0,0,1045,526,525,22,12,22,21,80,27,31,44,46,132,562,0,65,121,186,5,187,1051
26.0,363.0,80.92857142857143,1524.0,3928.0,4742.0,30.0,68.0,78.0,22.717857143214285,21.71538461538461,10.385185185185184,4021,0,32.5,186.0,13486.0,34.0,440,13266,45,52,36,411,8809,158,4195,6941,6765,194,159,115,126,566,515,319,256,314,1594,5547,1632,1054,1568,2284,767,1947,13706
0.0,0.0,82.0,53.0,150.0,178.0,2.0,5.0,5.0,31.352941176352942,23.25263157894737,13.345999999999998,235,0,55.0,0.0,797.0,17.0,87,727,0,12,0,63,7,0,732,404,410,24,8,7,22,35,37,40,34,42,112,367,55,91,85,160,38,148,814
0.0,0.0,46.0,191.0,529.0,672.0,2.0,8.0,10.0,24.75862068937931,24.91111111111111,32.15853658536585,925,0,54.6,21.0,3294.0,10.0,76,3249,11,7,0,96,34,0,3177,1604,1721,36,66,11,82,142,154,103,210,180,371,1392,57,219,407,436,124,537,3325
184.0,1002.0,69.14285714285714,1933.0,4531.0,5408.0,40.0,71.0,77.0,22.607142857000003,16.338461538461537,7.714814814814815,6220,14,34.5,94.0,16221.0,107.0,622,15800,87,68,4,689,3961,184,11429,8235,8187,621,222,205,106,644,529,475,719,936,2014,7553,1688,937,2062,2285,523,2905,16422
0.0,0.0,39.44444444444444,1025.0,2582.0,3155.0,8.0,23.0,27.0,22.6392857145,8.384615384615385,4.576923076923077,4773,10,47.5,85.0,11886.0,98.0,322,11747,8,82,0,383,122,146,11328,5924,6145,411,339,561,154,395,259,515,303,665,843,5806,378,481,2206,1733,238,2030,12069
0.0,0.0,69.0,87.0,219.0,284.0,1.0,1.0,1.0,26.7033333327,30.872222222222224,23.732,527,0,53.9,13.0,1953.0,2.0,64,1904,0,0,0,66,46,0,1856,891,1077,42,8,20,91,83,75,75,86,138,297,980,129,148,270,251,41,466,1968
0.0,0.0,43.51851851851852,1945.0,6556.0,8363.0,26.0,98.0,107.0,22.292857143392855,14.83846153846154,8.492592592592594,10786,54,42.3,366.0,29721.0,296.0,1330,29053,158,100,55,2582,7110,146,20232,15393,14990,1083,388,581,461,1177,1010,991,1395,1242,3541,13860,2471,2053,4298,3712,1125,5173,30383
125.0,5950.0,40.9245283018868,6430.0,17469.0,21874.0,68.0,173.0,202.0,22.35714285739286,8.96923076923077,3.9269230769230767,29898,54,41.3,397.0,67669.0,648.0,2404,66310,443,233,0,2447,914,637,64040,34705,34009,2939,2052,2235,1420,2404,2340,2366,2896,3778,6072,37048,2478,3300,15810,7663,1453,10648,68714
0.0,0.0,85.0,118.0,395.0,528.0,1.0,4.0,4.0,22.860714285357144,28.922222222222224,18.156,599,6,40.1,0.0,2442.0,13.0,27,2428,0,0,0,13,0,0,2442,1378,1077,80,42,15,60,135,108,56,81,104,244,1191,10,255,256,201,426,363,2455
0.0,0.0,60.3,1504.0,4683.0,5639.0,13.0,86.0,96.0,22.564285713785715,18.615384615384617,11.725925925925926,5956,23,52.5,275.0,19141.0,429.0,638,19207,71,38,37,761,188,176,18574,10038,9807,715,150,296,147,999,780,510,592,1101,3332,7868,1256,1351,1680,3567,786,3524,19845
0.0,0.0,67.0,180.0,385.0,452.0,1.0,9.0,9.0,27.709677419612905,28.847368421052632,15.564,665,0,49.4,12.0,1795.0,19.0,69,1757,46,0,0,10,68,0,1702,844,982,85,41,17,30,108,77,44,91,125,200,933,0,157,149,283,37,368,1826
0.0,0.0,36.25,712.0,1804.0,2395.0,7.0,20.0,23.0,22.785714285928574,16.342857142857145,8.14074074074074,2792,15,53.1,192.0,8247.0,91.0,371,8159,5,2,0,284,19,28,8192,4211,4319,411,155,65,168,519,367,328,464,444,786,4116,36,468,1365,1144,151,1608,8530
0.0,0.0,66.0,125.0,408.0,597.0,7.0,10.0,12.0,23.782758620655173,28.672222222222224,25.942,668,0,56.3,39.0,1734.0,22.0,93,1702,8,1,0,58,18,62,1648,841,954,79,40,40,5,114,84,78,66,50,203,882,112,179,250,326,33,184,1795
0.0,0.0,58.6,236.0,1083.0,1369.0,0.0,17.0,17.0,22.499999999642856,21.714285714285715,18.276666666666664,1389,0,52.3,10.0,4285.0,35.0,90,4240,30,43,0,139,67,3,4048,2047,2283,87,45,167,23,189,208,227,218,179,583,1885,351,563,419,808,130,721,4330
360.0,14706.0,37.593023255813954,8297.0,27125.0,34081.0,83.0,201.0,224.0,21.789285714285715,9.446153846153846,4.096153846153846,53186,86,36.0,1568.0,115518.0,1976.0,4058,115004,2346,769,134,5200,2380,664,107569,59658,59404,3831,2756,2788,2369,4875,4694,4278,5072,6407,12630,69862,5185,4191,27515,12475,2578,19613,119062
0.0,0.0,63.2,310.0,912.0,1107.0,8.0,26.0,31.0,22.50357142857143,22.307142857142857,22.74848484848485,1309,21,51.5,64.0,4566.0,52.0,126,4556,31,0,0,106,140,34,4371,2330,2352,157,72,47,61,266,196,261,206,187,758,1917,290,477,352,993,201,683,4682
0.0,0.0,40.70588235294117,1151.0,4153.0,5137.0,12.0,34.0,39.0,22.57142857160714,10.353846153846153,8.385185185185184,6583,33,46.5,154.0,16087.0,272.0,508,16005,65,59,16,525,120,49,15679,8263,8250,715,459,360,276,937,858,583,786,1000,1987,8847,412,939,2920,2289,333,3467,16513
0.0,0.0,73.0,12.0,35.0,45.0,1.0,1.0,1.0,36.18372093030233,22.90909090909091,9.672,124,0,49.6,0.0,453.0,11.0,0,464,15,0,0,0,0,0,449,223,241,25,10,2,6,43,12,11,17,23,63,258,8,24,61,93,1,111,464
0.0,0.0,74.0,508.0,1054.0,1150.0,14.0,28.0,30.0,22.932142856892856,21.571428571428573,32.88,1184,25,47.5,57.0,3916.0,59.0,120,3912,26,0,0,357,258,15,3376,1981,2051,106,33,45,47,205,301,166,246,166,441,1907,121,362,375,801,115,705,4032
0.0,0.0,71.57142857142857,457.0,1156.0,1480.0,3.0,6.0,11.0,22.70714285725,16.615384615384617,12.141379310344828,2033,3,41.1,57.0,5813.0,41.0,40,5871,16,6,0,108,959,13,4809,2986,2925,95,85,145,70,267,230,220,168,355,444,2807,446,394,708,736,184,1178,5911
0.0,0.0,71.0,114.0,331.0,418.0,6.0,10.0,10.0,28.90322580629032,20.7,18.356,591,17,50.2,25.0,1609.0,0.0,76,1558,0,0,0,41,53,4,1536,859,775,68,29,33,37,72,51,104,75,88,191,883,28,102,208,190,58,364,1634
0.0,0.0,68.0,892.0,1864.0,2219.0,7.0,28.0,32.0,22.42500000032143,18.79285714285714,12.741379310344827,2075,1,46.1,24.0,6763.0,56.0,141,6702,27,48,0,198,372,54,6144,2542,4301,292,20,43,67,200,131,233,314,295,920,2667,201,782,615,1625,399,1269,6843
0.0,0.0,87.0,130.0,262.0,292.0,2.0,3.0,4.0,26.33333333333333,20.27368421052632,14.732,313,0,52.5,34.0,1105.0,23.0,18,1144,22,0,0,0,17,2,1121,581,581,40,17,9,23,55,70,21,91,27,149,557,119,92,95,134,77,172,1162
0.0,0.0,38.65625,2729.0,6998.0,8553.0,30.0,141.0,173.0,22.285714285642857,10.66153846153846,8.748148148148148,15386,10,49.3,205.0,42445.0,774.0,1528,41896,256,114,0,1944,298,38,40774,21882,21542,1169,1100,768,797,1334,1851,1644,2267,2011,4882,20161,1912,2179,6082,6119,1583,7514,43424
0.0,0.0,45.22222222222222,1075.0,2576.0,3024.0,15.0,31.0,39.0,22.64642857178572,9.907692307692308,7.4222222222222225,4814,16,38.0,153.0,10810.0,134.0,610,10487,2,0,44,540,216,316,9979,5348,5749,380,460,193,132,450,416,266,472,718,921,5714,498,737,1162,2048,198,2311,11097
0.0,0.0,82.4,1577.0,3251.0,4033.0,52.0,71.0,76.0,22.642857142892854,22.41538461538461,8.292592592592591,3224,16,30.4,75.0,10930.0,86.0,374,10717,81,22,0,510,6568,16,3894,5641,5450,184,142,176,42,356,352,233,360,292,1111,4321,1179,981,992,1694,509,1943,11091
0.0,0.0,73.0,1182.0,2627.0,3115.0,44.0,59.0,63.0,22.928571429285714,18.115384615384617,9.15925925925926,3351,9,36.5,100.0,8919.0,46.0,435,8630,64,23,0,406,3505,282,4785,4527,4538,255,206,167,85,293,275,283,369,466,838,4274,670,719,791,1250,368,1940,9065
0.0,0.0,51.90909090909091,593.0,2133.0,2439.0,9.0,46.0,53.0,22.50000000017857,16.73076923076923,10.485185185185186,3009,71,54.5,80.0,11604.0,120.0,372,11432,47,31,2,383,453,25,10863,5706,6098,309,88,93,137,533,579,423,553,591,1975,4343,497,1078,1007,2339,482,1594,11804
0.0,0.0,75.5,395.0,689.0,926.0,5.0,11.0,13.0,22.928571428571427,26.352941176470587,32.046,1317,8,43.7,43.0,3316.0,30.0,145,3244,16,0,0,150,16,7,3200,1652,1737,125,70,86,89,172,102,192,111,190,406,1695,82,242,439,580,73,571,3389
69.0,3279.0,68.41666666666667,3817.0,8437.0,9955.0,81.0,129.0,139.0,22.35357142871428,12.407692307692308,7.681481481481482,14461,92,40.1,319.0,34210.0,366.0,1629,33266,262,96,13,1022,797,82,32623,17070,17825,1186,686,484,405,1355,1337,1821,1263,1556,4933,17173,1901,2344,4830,5604,1008,5830,34895
0.0,0.0,40.57142857142857,698.0,1522.0,1734.0,13.0,29.0,32.0,22.49642857125,13.907142857142857,4.073076923076924,3761,88,47.5,42.0,9483.0,37.0,382,9180,18,7,0,242,109,24,9162,4756,4806,478,272,279,221,373,296,309,404,494,714,4651,176,569,1103,1509,313,1723,9562
0.0,0.0,47.0,371.0,769.0,913.0,7.0,11.0,13.0,22.92857142835714,27.53333333333333,30.8734693877551,1369,1,46.8,14.0,3648.0,14.0,122,3554,9,0,0,94,47,0,3526,1854,1822,104,58,40,36,162,155,214,155,260,331,1807,86,241,323,607,72,617,3676
0.0,0.0,57.0,431.0,1268.0,1540.0,5.0,21.0,27.0,22.50000000025,12.830769230769231,22.081818181818186,2059,2,42.5,21.0,6065.0,41.0,33,6094,7,48,0,265,66,2,5739,3116,3011,186,102,121,68,293,220,243,427,252,584,2789,222,471,725,914,179,972,6127
0.0,0.0,73.0,706.0,1240.0,1412.0,10.0,23.0,25.0,22.717857143214285,19.785714285714285,31.80454545454546,1706,10,44.2,26.0,4671.0,115.0,152,4660,22,25,0,128,375,13,4249,2158,2654,113,69,49,127,220,223,125,237,188,476,2205,47,255,631,972,311,720,4812
0.0,0.0,69.0,55.0,134.0,148.0,1.0,1.0,1.0,32.836111111138884,25.03333333333333,11.032,283,0,57.8,0.0,614.0,0.0,2,612,5,0,0,0,1,0,608,298,316,15,7,10,15,52,30,21,63,23,97,323,6,73,115,88,30,99,614
0.0,0.0,70.5,835.0,1692.0,2170.0,11.0,36.0,42.0,22.710714285535715,12.323076923076922,7.118518518518518,2836,28,44.4,7.0,7346.0,71.0,70,7354,15,30,10,343,692,9,6325,3671,3753,246,126,91,65,389,297,293,309,572,936,3738,446,557,709,1184,205,1474,7424
0.0,0.0,85.0,175.0,382.0,460.0,7.0,14.0,14.0,22.932142857,26.76875,24.792,448,2,46.9,6.0,2106.0,26.0,38,2100,17,0,0,46,17,0,2058,1125,1013,38,5,30,20,151,88,49,57,100,359,893,44,233,218,359,128,296,2138
0.0,0.0,81.0,118.0,204.0,247.0,6.0,8.0,8.0,29.696969697,17.64,12.172,404,0,50.5,9.0,1013.0,15.0,76,961,5,0,0,0,12,0,1020,526,511,87,9,2,0,87,51,22,38,84,97,511,8,119,113,162,35,174,1037
520.0,25842.0,47.48672566371681,16365.0,42684.0,51429.0,239.0,538.0,605.0,21.78214285714285,9.146153846153847,3.603846153846154,72921,170,38.7,1333.0,157271.0,1786.0,9429,150961,1145,1412,90,6503,6372,1746,143122,81262,79128,6700,3754,4274,4433,5872,5672,5555,7486,9013,15288,84637,6415,7462,27745,23789,3677,27369,160390
132.0,5890.0,71.70370370370371,2724.0,6448.0,6499.0,38.0,46.0,46.0,22.214285714321427,9.676923076923076,6.403703703703703,14777,265,38.0,1194.0,29698.0,649.0,3413,28128,415,177,3,883,81,1030,28952,15807,15734,1222,606,555,491,987,1256,1062,1297,1819,3491,16767,1572,1755,3732,3477,1255,6315,31541
0.0,0.0,87.875,481.0,1071.0,1075.0,6.0,7.0,7.0,22.78928571464286,17.62857142857143,26.50277777777778,2653,10,44.8,95.0,6200.0,20.0,217,6098,17,72,1,73,0,55,6097,3148,3167,219,80,76,48,335,311,299,322,360,675,3297,281,493,580,830,207,1265,6315
0.0,0.0,77.0,22.0,32.0,32.0,1.0,1.0,1.0,33.43181818190909,21.036363636363635,9.512,180,0,48.0,2.0,434.0,3.0,7,432,0,0,0,15,1,1,422,234,205,23,3,9,3,17,15,22,17,16,67,227,16,35,50,33,5,83,439
0.0,0.0,62.0,35.0,89.0,89.0,0.0,0.0,0.0,29.43888888852778,24.4,9.748,240,0,50.4,21.0,612.0,12.0,43,602,6,0,0,9,0,9,621,325,320,16,12,10,12,42,35,27,24,25,31,330,10,32,89,58,4,140,645
0.0,0.0,88.0,20.0,67.0,67.0,0.0,0.0,0.0,36.06904761892857,22.49090909090909,9.082,157,10,57.5,0.0,467.0,0.0,0,467,0,0,0,0,0,0,467,221,246,2,4,10,0,15,39,41,51,28,47,268,0,18,60,105,6,58,467
0.0,0.0,72.42857142857143,520.0,1088.0,1091.0,5.0,4.0,4.0,22.785714285607146,14.992857142857144,33.06279069767442,2329,0,44.6,23.0,5176.0,29.0,118,5110,20,7,0,63,5,0,5133,2640,2588,206,89,146,84,275,225,198,240,367,431,2864,71,419,543,765,108,1036,5228
0.0,0.0,72.54545454545455,918.0,2324.0,2336.0,8.0,8.0,8.0,22.7178571425,11.446153846153846,7.548148148148148,4793,38,39.6,510.0,10157.0,178.0,1382,9463,88,400,0,118,159,159,9921,5354,5491,675,253,215,17,391,362,341,406,800,1141,5547,544,479,1085,1770,493,2210,10845
0.0,0.0,86.0,174.0,404.0,404.0,3.0,3.0,3.0,26.563333332966668,31.626315789473683,20.25,713,0,56.2,26.0,1828.0,28.0,57,1825,4,4,0,44,13,20,1797,958,924,78,41,32,32,90,65,59,81,138,260,973,73,205,168,322,17,328,1882
0.0,0.0,90.0,215.0,508.0,506.0,2.0,2.0,2.0,22.93214285742857,26.74117647058824,28.754,1124,0,48.6,82.0,2788.0,17.0,72,2815,11,1,0,72,6,0,2797,1497,1390,50,49,35,36,250,120,127,140,138,388,1427,35,170,281,512,54,482,2887
288.0,7458.0,60.77142857142857,5166.0,11965.0,12000.0,55.0,57.0,57.0,22.20714285753571,9.192307692307692,6.314814814814815,24975,148,33.8,1282.0,47340.0,972.0,4597,44997,721,422,3,1278,85,2034,45051,24852,24742,1945,1182,1303,641,1884,1343,1435,2022,2870,4391,28313,1888,1923,8387,5026,1836,7953,49594
0.0,0.0,81.66666666666667,638.0,1331.0,1343.0,11.0,12.0,12.0,22.500000000107143,15.55714285714286,13.213793103448277,2529,4,45.6,37.0,6435.0,31.0,209,6294,21,20,13,145,166,57,6081,3324,3179,182,171,104,98,339,235,243,289,428,792,2999,315,609,775,915,247,1142,6503
0.0,0.0,71.42857142857143,814.0,1891.0,1903.0,12.0,11.0,11.0,22.282142857071427,13.62142857142857,9.68214285714286,3557,0,42.9,94.0,7829.0,74.0,314,7683,15,6,0,160,58,58,7700,4020,3977,357,190,198,122,276,343,303,270,539,789,4218,347,481,1018,1161,288,1406,7997
0.0,0.0,52.95454545454545,2348.0,6119.0,6124.0,17.0,16.0,16.0,21.717857142892857,5.023076923076923,3.5307692307692307,12118,17,41.3,187.0,25667.0,168.0,914,25108,98,68,63,694,104,298,24697,12874,13148,1260,851,753,551,821,924,812,1086,1504,1511,13694,1035,1253,4148,3334,608,5249,26022
0.0,0.0,72.22222222222223,740.0,1504.0,1506.0,12.0,11.0,11.0,22.789285714535715,14.207142857142856,12.220689655172414,3725,7,42.2,28.0,8451.0,4.0,173,8310,4,10,0,78,64,86,8241,4189,4294,409,161,179,89,286,320,245,487,581,722,4571,342,596,966,1093,144,1671,8483
0.0,0.0,71.0,451.0,740.0,744.0,3.0,5.0,5.0,22.932142857142857,23.764705882352946,27.07,1522,0,44.2,164.0,3501.0,42.0,522,3185,27,3,0,213,0,1,3463,1931,1776,94,58,46,91,186,150,155,237,210,364,1875,85,179,453,420,211,645,3707
0.0,0.0,69.57142857142857,267.0,539.0,537.0,6.0,7.0,7.0,22.714285714357143,17.45,39.42916666666667,2402,0,42.1,8.0,5705.0,88.0,113,5688,78,9,31,337,221,16,5109,2881,2920,196,110,60,115,343,216,259,329,271,560,3365,296,355,653,862,58,1258,5801
0.0,0.0,83.25,908.0,2017.0,2025.0,18.0,16.0,16.0,22.721428570964285,12.876923076923076,6.218518518518517,4186,7,41.0,85.0,9310.0,33.0,692,8736,74,61,2,364,56,48,8823,4729,4699,341,140,133,146,480,342,543,443,618,1217,4976,549,675,1265,1286,219,1987,9428
0.0,0.0,77.28571428571429,660.0,1512.0,1515.0,11.0,11.0,11.0,22.571428571142857,14.471428571428572,21.59090909090909,2719,10,41.9,112.0,5957.0,124.0,556,5637,1,19,0,165,33,91,5884,3037,3156,190,168,113,80,236,187,177,346,487,591,3258,243,400,621,968,178,1228,6193
0.0,0.0,79.2,1554.0,2718.0,2737.0,20.0,21.0,21.0,22.575,9.592307692307692,3.119230769230769,4689,0,36.0,3085.0,6871.0,725.0,4855,5826,78,402,3,924,209,574,8491,4595,6086,414,122,123,123,374,289,271,623,650,753,5462,335,679,744,1341,1779,1373,10681
0.0,0.0,71.75,988.0,1803.0,1806.0,11.0,15.0,15.0,22.56428571428572,14.892857142857142,12.458620689655174,4192,10,40.9,440.0,8329.0,113.0,892,7990,15,24,13,334,38,272,8186,4388,4494,300,219,159,111,576,410,292,550,558,679,4855,128,829,1045,1288,410,1398,8882
0.0,0.0,78.16666666666667,837.0,2025.0,2030.0,18.0,19.0,19.0,22.578571428392856,11.23076923076923,5.896296296296296,4549,0,43.6,113.0,10566.0,109.0,357,10431,78,11,0,208,32,104,10355,5387,5401,373,278,170,193,451,583,517,547,510,1206,5548,552,808,1305,1499,234,2044,10788
0.0,0.0,68.07142857142857,3750.0,6905.0,6900.0,58.0,65.0,65.0,21.77857142892857,9.792307692307691,7.488888888888888,9362,10,33.0,2654.0,15332.0,2138.0,7858,12266,676,1218,0,1771,439,3476,12544,10085,10039,934,395,261,213,753,607,784,747,1204,1452,10952,1638,1474,1510,2834,2260,2965,20124
0.0,0.0,75.85714285714286,709.0,1356.0,1361.0,19.0,12.0,12.0,22.714285714321427,19.792857142857144,6.0814814814814815,3416,0,34.3,46.0,8620.0,19.0,482,8203,51,260,0,447,251,0,7676,4363,4322,210,117,118,31,460,501,312,489,464,853,4542,249,391,1483,660,246,1359,8685
0.0,0.0,73.91304347826087,2801.0,5251.0,5261.0,31.0,31.0,31.0,22.49642857142857,10.523076923076925,7.022222222222222,11160,62,35.9,2798.0,18865.0,1975.0,7912,15726,187,1470,2,1042,77,1185,19675,11573,12065,855,635,326,239,959,906,953,1047,1177,1910,12537,1144,1236,1953,2990,2722,3734,23638
0.0,0.0,87.0,98.0,321.0,322.0,2.0,1.0,1.0,25.50689655186207,28.152631578947368,17.858,718,0,50.1,10.0,1753.0,7.0,166,1604,11,4,0,38,25,3,1689,931,839,36,17,5,22,109,112,84,144,91,203,902,55,121,203,249,76,375,1770
0.0,0.0,81.0,568.0,1176.0,1182.0,8.0,9.0,9.0,21.78214285714285,21.39375,30.318421052631574,2568,0,41.4,269.0,5294.0,119.0,806,4876,21,5,0,215,26,206,5209,2818,2864,203,90,123,66,221,203,217,235,395,623,3020,201,503,683,733,332,910,5682
176.0,2403.0,72.5625,4687.0,10058.0,10107.0,56.0,62.0,62.0,22.067857142857143,9.115384615384617,6.81851851851852,16770,71,39.2,1779.0,34056.0,730.0,4953,31612,234,391,69,1046,295,483,34047,18431,18134,1305,783,654,374,1480,1490,1271,1610,2733,3584,19095,2267,2072,3643,5361,1916,6414,36565
1802.0,70854.0,59.1975051975052,64621.0,148815.0,149432.0,636.0,718.0,718.0,21.714285714178573,9.384615384615383,3.630769230769231,257887,682,34.9,37115.0,509406.0,19218.0,72462,493277,22897,61490,243,26343,2788,14966,437012,286767,278972,20978,14274,15957,16303,18998,18591,16980,23601,30768,45001,308065,29336,21789,124298,57170,27588,86789,565739
0.0,0.0,90.0,178.0,350.0,349.0,4.0,4.0,4.0,22.921428571321428,28.32631578947369,17.976,884,0,42.9,82.0,1835.0,11.0,170,1758,0,3,0,4,1,9,1911,936,992,100,30,18,14,120,91,86,87,80,216,1038,61,185,294,172,127,356,1928
0.0,0.0,78.4,474.0,1127.0,1127.0,10.0,8.0,8.0,22.710714285535715,22.38125,33.043902439024386,2504,0,46.6,16.0,5462.0,64.0,221,5321,50,9,0,97,30,23,5333,2807,2735,246,171,96,129,205,212,200,249,390,590,2971,53,421,751,771,131,1139,5542
0.0,0.0,89.5,236.0,419.0,421.0,3.0,4.0,4.0,22.78928571464286,25.425,28.29,1227,0,50.6,13.0,2944.0,13.0,71,2899,10,13,9,51,1,30,2856,1496,1474,110,55,35,18,132,188,185,151,115,339,1467,106,259,265,509,77,574,2970
0.0,0.0,77.0,189.0,542.0,543.0,1.0,1.0,1.0,25.41379310351724,28.4,23.88,1030,0,44.5,15.0,2617.0,4.0,55,2581,2,26,0,62,5,9,2532,1275,1361,116,51,28,12,109,100,77,137,218,288,1360,113,253,304,269,57,515,2636
0.0,0.0,89.0,495.0,1122.0,1122.0,4.0,5.0,5.0,22.92857142878572,17.714285714285715,39.206,2066,3,47.2,60.0,4610.0,42.0,213,4499,16,8,1,94,6,37,4550,2381,2331,219,40,39,44,159,223,200,294,297,562,2368,153,354,450,614,204,894,4712
0.0,0.0,74.23809523809524,2107.0,3573.0,3588.0,19.0,19.0,19.0,22.2178571425,10.461538461538462,6.951851851851852,9604,18,43.4,194.0,21125.0,229.0,585,20963,123,121,0,303,146,116,20739,10700,10848,822,435,387,250,1051,803,809,767,1241,2483,11216,1176,1335,2478,3486,842,3812,21548
0.0,0.0,92.0,112.0,366.0,368.0,1.0,1.0,1.0,27.363333333766665,32.16111111111111,19.404,609,0,49.6,42.0,1866.0,8.0,96,1820,4,0,0,14,8,19,1871,953,963,58,6,20,20,130,143,88,77,99,288,867,65,140,217,251,46,419,1916
0.0,0.0,80.0,145.0,398.0,399.0,3.0,1.0,1.0,27.167741935612906,24.86842105263158,17.26,880,12,45.8,0.0,2066.0,15.0,40,2041,3,2,0,12,0,34,2030,974,1107,32,43,47,33,77,162,89,181,67,175,1126,33,223,275,215,19,446,2081
0.0,0.0,60.0,181.0,371.0,372.0,4.0,5.0,5.0,26.706451613129037,22.063157894736843,16.914285714285715,900,2,54.0,27.0,1944.0,30.0,80,1921,8,4,4,14,1,1,1969,955,1046,86,26,54,41,76,83,59,186,134,195,1005,27,101,293,241,62,416,2001
0.0,0.0,91.0,209.0,409.0,410.0,2.0,1.0,1.0,24.210344827724136,26.961111111111112,22.368,858,0,45.4,16.0,2330.0,15.0,53,2308,3,6,0,23,6,27,2296,1183,1178,71,63,31,12,180,119,68,103,125,273,1144,23,205,203,300,63,493,2361
196.0,6125.0,67.48936170212765,7299.0,16471.0,16513.0,112.0,117.0,117.0,22.067857143214287,10.8,6.766666666666667,29199,149,36.1,5796.0,52473.0,3069.0,17572,43766,687,1808,247,2363,432,7309,48492,30294,31044,2137,1137,1107,910,2517,2267,1993,2853,3274,5301,32507,3578,2847,6622,8825,4520,10321,61338
0.0,0.0,58.66666666666666,893.0,2251.0,2254.0,16.0,17.0,17.0,22.18214285725,11.69285714285714,2.7884615384615383,4166,3,41.7,84.0,9089.0,46.0,337,8882,48,8,9,246,1,103,8804,4652,4567,531,249,227,152,418,259,262,510,506,508,5083,204,320,1247,1180,130,1978,9219
0.0,0.0,80.0,210.0,375.0,378.0,0.0,0.0,0.0,22.778571428785718,26.23888888888889,27.066,1541,0,46.3,67.0,3283.0,30.0,110,3270,47,26,1,35,11,49,3211,1692,1688,160,81,45,99,207,125,79,127,180,412,1702,44,293,425,279,85,732,3380
0.0,0.0,88.0,59.0,106.0,106.0,0.0,0.0,0.0,32.25714285714286,25.745,11.282,367,0,48.3,28.0,844.0,17.0,63,826,0,0,0,7,2,13,867,437,452,27,4,6,15,57,23,46,46,62,103,456,9,67,79,122,36,223,889
0.0,0.0,91.0,249.0,530.0,530.0,4.0,5.0,5.0,25.320689655275864,23.81875,26.856,1093,0,45.4,2.0,2780.0,6.0,42,2746,0,1,0,118,5,1,2663,1352,1436,64,28,26,49,100,179,80,146,179,377,1336,75,286,199,380,96,591,2788
0.0,0.0,73.5,794.0,2139.0,2147.0,16.0,16.0,16.0,22.71785714303571,11.076923076923077,6.411111111111112,4502,4,43.1,112.0,9888.0,123.0,514,9609,41,22,2,136,64,29,9829,5025,5098,315,192,251,118,400,330,447,644,684,1009,5586,325,892,1247,1269,227,1994,10123
0.0,0.0,86.0,51.0,112.0,112.0,2.0,2.0,2.0,30.72222222213889,14.004545454545456,10.75,214,0,46.1,0.0,738.0,3.0,53,688,0,4,0,41,4,25,667,367,374,12,11,0,8,69,35,28,51,41,61,336,0,75,103,86,13,126,741
0.0,0.0,63.333333333333336,529.0,1183.0,1189.0,17.0,10.0,10.0,22.210714285964286,13.514285714285714,11.351724137931036,3000,10,42.6,42.0,6321.0,65.0,168,6260,18,10,2,294,3,100,6001,3176,3252,228,111,100,27,284,334,156,326,569,597,3488,193,506,758,1126,95,1147,6428
0.0,0.0,83.66666666666667,629.0,1213.0,1211.0,1.0,1.0,1.0,22.57142857192857,15.45,11.83103448275862,3049,16,47.1,74.0,6887.0,141.0,316,6786,26,51,0,93,31,47,6854,3677,3425,197,148,87,92,267,372,286,407,351,1039,3526,220,767,662,1239,313,1243,7102
0.0,0.0,81.33333333333333,630.0,867.0,868.0,8.0,9.0,9.0,22.499999999642856,24.875,34.65681818181818,1680,0,39.8,99.0,4961.0,58.0,524,4594,61,271,0,243,53,217,4273,2043,3075,155,92,53,50,270,222,137,171,244,453,2033,183,353,557,1205,342,683,5118
0.0,0.0,61.2,670.0,1177.0,1182.0,5.0,5.0,5.0,22.49285714285714,12.585714285714287,30.06923076923077,2973,14,39.1,192.0,6344.0,52.0,470,6118,30,5,0,152,55,21,6325,3322,3266,361,149,84,130,266,262,226,295,347,571,3448,245,361,907,799,102,1357,6588
0.0,0.0,73.22222222222223,684.0,1530.0,1539.0,6.0,10.0,10.0,22.571428571357146,13.169230769230769,9.171428571428573,3378,17,49.3,61.0,7818.0,169.0,601,7447,38,132,6,142,58,33,7639,3948,4100,236,209,182,104,390,304,406,484,455,1094,4128,273,587,708,917,348,1832,8048
0.0,0.0,91.0,48.0,118.0,118.0,0.0,0.0,0.0,28.385294117882356,25.847368421052632,10.172,305,1,48.4,0.0,874.0,1.0,11,864,0,0,0,11,0,1,863,417,458,19,19,19,25,28,29,42,41,31,96,452,0,51,104,97,16,182,875
0.0,0.0,89.0,410.0,767.0,769.0,8.0,1.0,1.0,22.385714285714283,21.9125,31.39591836734694,1554,0,47.6,39.0,3518.0,19.0,332,3244,12,5,0,127,75,7,3350,1748,1828,81,57,22,33,216,144,136,239,217,467,1925,156,361,194,638,190,709,3576
0.0,0.0,84.33333333333333,845.0,1678.0,1677.0,12.0,12.0,12.0,22.785714285928574,13.03076923076923,6.485185185185186,3555,4,45.5,47.0,8281.0,72.0,260,8140,30,26,2,203,812,56,7271,4259,4141,263,167,87,97,409,364,343,404,602,869,4383,433,631,826,1114,173,1622,8400
1053.0,41493.0,56.70776255707762,28650.0,77561.0,78065.0,165.0,0.0,0.0,21.714285714321427,8.461538461538462,6.485185185185186,150638,339,33.8,13378.0,289824.0,12774.0,22972,293004,13418,12324,205,14442,2027,4371,269189,157372,158604,12741,7582,7650,6882,12173,11041,10680,14105,16705,27107,178191,12715,9547,63845,28726,10394,49798,315976
115.0,4219.0,67.02777777777777,3592.0,8667.0,8708.0,52.0,60.0,60.0,22.353571428357142,11.069230769230767,6.722222222222222,15925,22,41.5,364.0,33978.0,700.0,3200,31842,251,561,21,959,228,275,32747,17776,17266,1453,814,737,380,1536,1174,1176,1832,2166,3497,18099,1357,1754,3768,4898,917,8016,35042
0.0,0.0,83.0,77.0,148.0,148.0,0.0,0.0,0.0,30.71315789473684,20.213636363636365,9.53,339,0,39.4,15.0,879.0,2.0,26,870,0,0,0,7,4,0,885,421,475,17,10,28,0,53,47,17,33,38,76,441,24,50,112,89,5,196,896
0.0,0.0,90.0,40.0,87.0,87.0,0.0,0.0,0.0,30.489743589666663,28.052380952380958,10.066,252,0,44.5,0.0,667.0,23.0,58,632,0,0,0,58,3,0,629,325,365,13,12,11,0,51,35,25,48,39,82,365,32,79,66,125,4,148,690
0.0,0.0,89.0,30.0,74.0,74.0,1.0,1.0,1.0,34.93023255813954,17.227272727272727,7.07,156,0,58.1,1.0,418.0,1.0,5,415,0,0,0,0,0,5,415,213,207,0,11,6,12,17,32,22,17,40,42,233,13,41,51,46,7,98,420
129.0,4717.0,70.7,4116.0,9647.0,9685.0,42.0,44.0,44.0,22.34999999989285,9.315384615384614,6.737037037037037,16038,116,36.6,1739.0,32392.0,892.0,5392,29631,634,428,0,1032,545,1076,31308,17569,17454,1224,649,584,462,1375,1461,1297,1496,1725,3914,18524,2025,2095,4265,4650,1577,6862,35023
0.0,0.0,78.0,743.0,1703.0,1703.0,14.0,15.0,15.0,22.142857142642857,14.178571428571429,9.446428571428571,3544,43,43.1,154.0,7556.0,116.0,380,7446,96,61,0,144,26,108,7391,3949,3877,328,131,123,53,441,376,271,338,476,793,4096,309,591,727,1365,152,1658,7826
0.0,0.0,84.0,491.0,1236.0,1243.0,15.0,7.0,7.0,22.78214285703572,19.214285714285715,37.38478260869565,1769,8,41.9,125.0,4525.0,61.0,730,3981,37,13,0,294,16,19,4332,2281,2430,130,99,96,36,204,271,156,190,201,586,2326,219,417,528,730,197,823,4711
0.0,0.0,88.0,379.0,795.0,802.0,10.0,10.0,10.0,22.64285714260714,27.08333333333333,31.92244897959184,1536,4,45.1,21.0,3503.0,1.0,100,3425,0,10,0,58,19,8,3430,1777,1748,85,59,97,46,97,176,175,160,217,418,1868,159,301,357,589,55,757,3525
0.0,0.0,85.0,610.0,1481.0,1485.0,14.0,15.0,15.0,22.717857143,16.12142857142857,12.717241379310344,2842,0,38.4,36.0,6875.0,67.0,203,6775,50,107,2,263,27,26,6503,3478,3500,224,169,166,87,311,299,185,312,320,839,3455,219,464,907,724,287,1261,6978
0.0,0.0,88.8,385.0,970.0,977.0,1.0,11.0,11.0,22.85357142882143,25.029411764705884,33.96875,1867,0,49.6,54.0,4137.0,13.0,123,4081,47,13,7,29,31,3,4074,2126,2078,96,68,58,75,210,174,196,220,288,467,2262,98,400,460,575,100,792,4204
0.0,0.0,65.08333333333333,1338.0,3334.0,3344.0,9.0,10.0,10.0,22.28928571471429,8.953846153846154,3.696153846153846,7285,26,42.0,584.0,15271.0,110.0,1298,14667,35,108,0,534,17,394,14877,8098,7867,694,480,301,279,683,410,517,835,950,1360,8401,1120,930,2133,2333,551,2791,15965
0.0,0.0,92.0,220.0,409.0,412.0,1.0,1.0,1.0,22.78214285714285,24.49375,26.384,1002,33,49.7,22.0,2603.0,15.0,51,2589,0,5,0,87,0,0,2548,1361,1279,82,50,27,9,98,125,129,144,121,436,1245,141,346,179,389,190,372,2640
0.0,0.0,74.0,269.0,529.0,530.0,11.0,11.0,11.0,22.782142857107143,26.572222222222223,21.828000000000003,1231,0,42.7,28.0,2822.0,39.0,127,2762,0,5,0,31,4,19,2830,1386,1503,145,85,50,41,118,84,106,132,153,288,1474,9,147,380,269,164,555,2889
0.0,0.0,70.3,937.0,2322.0,2326.0,9.0,10.0,10.0,22.567857142857143,9.546153846153846,6.374074074074074,4233,14,41.6,166.0,8863.0,21.0,536,8514,19,9,13,298,88,62,8561,4535,4515,499,205,177,94,283,356,361,406,472,1047,4666,272,489,1200,991,283,1885,9050
0.0,0.0,70.0,607.0,1275.0,1272.0,20.0,20.0,20.0,22.64285714264286,14.85,12.524137931034485,3140,6,41.6,23.0,7033.0,76.0,147,6985,18,10,0,189,13,13,6889,3610,3522,281,191,114,106,229,369,236,336,412,716,3890,322,394,993,976,52,1493,7132
50.0,1669.0,62.82142857142857,3880.0,8621.0,8648.0,47.0,50.0,50.0,22.360714285357144,7.746153846153846,3.465384615384615,15343,40,38.3,1931.0,29822.0,1497.0,6618,26632,277,193,5,1275,67,1288,30145,16207,17043,1164,630,560,547,1361,1414,1058,1456,2338,2645,17691,895,1986,3847,4533,1656,6024,33250
0.0,0.0,74.8,543.0,1224.0,1219.0,9.0,9.0,9.0,22.785714286107144,26.116666666666667,33.586046511627906,2180,18,44.9,99.0,5021.0,88.0,301,4907,0,10,0,119,9,103,4967,2661,2547,155,125,107,35,176,191,300,270,329,360,2728,232,274,500,772,242,961,5208
0.0,0.0,81.83333333333333,1181.0,2320.0,2329.0,12.0,15.0,15.0,22.717857143107143,11.238461538461538,6.707407407407407,4817,0,40.2,58.0,10595.0,72.0,588,10137,20,69,0,369,41,153,10073,5415,5310,222,150,307,121,570,440,471,485,433,1304,5646,207,666,1169,1354,346,2187,10725
0.0,0.0,91.5,664.0,1805.0,1807.0,18.0,19.0,19.0,22.71785714275,12.23076923076923,10.18214285714286,3439,12,47.3,53.0,7832.0,28.0,158,7755,11,79,0,281,178,2,7362,3933,3980,261,116,96,113,397,470,229,288,475,1261,4048,320,616,752,1329,183,1556,7913
0.0,0.0,86.0,102.0,172.0,172.0,2.0,2.0,2.0,26.74838709706452,22.48421052631579,14.58,604,0,41.0,0.0,1426.0,4.0,11,1419,0,24,0,9,13,2,1382,667,763,50,10,32,44,94,65,44,65,67,146,767,15,108,235,168,17,225,1430
0.0,0.0,77.4,1932.0,3799.0,3796.0,3.0,2.0,2.0,22.28571428535714,8.723076923076924,6.803703703703703,6210,29,37.5,1359.0,11939.0,923.0,3644,10577,456,206,0,529,41,633,12356,7127,7094,502,240,164,213,526,724,460,612,615,1236,7254,531,913,1424,1976,1387,2137,14221
72.0,4870.0,46.75886524822696,20249.0,49548.0,49702.0,108.0,131.0,131.0,21.714285714285715,4.492307692307692,3.0384615384615383,91130,229,34.8,5105.0,173651.0,5200.0,17854,166102,4761,7267,147,8410,862,4677,157832,91866,92090,9129,6063,6989,4920,4628,4765,4740,6910,10439,8716,102903,6049,3745,41536,18169,3700,33104,183956
0.0,0.0,54.5625,2348.0,4995.0,5023.0,14.0,16.0,16.0,21.710714286035717,5.507692307692308,3.246153846153846,10210,42,41.1,62.0,21137.0,157.0,499,20857,74,136,0,379,39,65,20663,10572,10784,1043,714,636,328,646,793,640,1050,1291,1401,11542,459,1025,3251,2854,448,4123,21356
158.0,5285.0,73.94444444444444,3324.0,9393.0,9439.0,95.0,48.0,48.0,22.360714285714288,13.238461538461538,6.803703703703703,15370,43,39.1,714.0,34545.0,625.0,8743,27141,236,233,40,1964,680,1049,31682,18578,17306,1328,542,513,536,1417,1379,1253,1783,1754,4152,17748,1802,2450,4210,4829,1716,6483,35884
0.0,0.0,57.45454545454545,1476.0,3364.0,3371.0,26.0,32.0,32.0,21.714285714214288,5.346153846153846,2.9384615384615387,8003,0,37.8,116.0,17018.0,83.0,469,16748,75,112,0,384,19,81,16546,8464,8753,898,502,359,277,501,545,592,746,1137,1209,9370,386,735,2630,2013,229,3041,17217
0.0,0.0,90.8,489.0,995.0,1000.0,19.0,10.0,10.0,22.932142856785717,15.623076923076924,37.31489361702128,2096,0,46.3,46.0,5113.0,56.0,301,4914,64,122,1,222,496,16,4294,2709,2506,186,57,69,52,269,280,201,243,253,702,2634,430,460,428,800,228,912,5215
0.0,0.0,85.0,181.0,584.0,586.0,4.0,4.0,4.0,22.63571428582143,25.75294117647059,28.988000000000003,1276,0,51.1,17.0,2966.0,32.0,69,2946,22,5,1,31,0,32,2924,1509,1506,123,49,40,12,194,130,156,158,211,341,1586,88,314,281,398,84,621,3015
0.0,0.0,83.0,36.0,66.0,65.0,0.0,0.0,0.0,26.838709677612904,25.64210526315789,12.902,457,6,35.4,16.0,1261.0,21.0,54,1244,0,37,0,9,7,53,1192,690,608,44,9,38,2,36,125,22,62,62,130,653,51,118,144,161,24,260,1298
0.0,0.0,69.0,354.0,745.0,744.0,9.0,11.0,11.0,22.646428571214283,22.13125,27.24722222222222,2857,0,41.3,115.0,5760.0,71.0,355,5591,14,116,0,68,0,50,5698,2895,3051,183,142,170,46,204,282,226,272,497,408,3300,106,348,684,766,99,1387,5946
0.0,0.0,89.5,481.0,1108.0,1109.0,4.0,4.0,4.0,22.92142857167857,24.6125,37.01489361702128,2197,2,46.8,14.0,4969.0,17.0,140,4860,0,26,0,151,10,32,4781,2520,2480,168,59,52,92,219,269,232,262,363,531,2566,238,413,528,669,119,948,5000
0.0,0.0,75.0,52.0,95.0,96.0,1.0,1.0,1.0,31.66111111097222,26.45,10.942,235,0,33.6,5.0,580.0,1.0,0,586,0,0,0,5,2,0,579,318,268,46,9,11,11,33,40,15,39,18,54,303,15,22,72,59,7,144,586
0.0,0.0,87.66666666666667,809.0,1778.0,1782.0,11.0,11.0,11.0,22.503571428857143,17.815384615384616,9.051851851851852,2469,12,28.0,92.0,7108.0,18.0,501,6717,53,14,0,217,4183,66,2685,3712,3506,219,91,88,50,183,190,209,212,334,589,3268,1004,512,615,871,330,1222,7218
0.0,0.0,79.2,314.0,745.0,752.0,3.0,2.0,2.0,22.932142857214284,22.28666666666667,35.398,1908,49,47.0,18.0,4042.0,40.0,96,4004,0,17,0,35,15,10,4023,2092,2008,112,45,63,82,191,184,142,148,388,489,2118,124,439,608,475,111,686,4100
0.0,0.0,48.47058823529412,2029.0,4539.0,4552.0,21.0,25.0,25.0,21.717857142785714,4.884615384615385,3.05,9387,0,40.9,192.0,20243.0,111.0,597,19949,68,129,34,403,0,131,19781,10343,10203,1133,607,698,517,733,604,708,894,1071,1338,10973,594,881,3476,2708,406,3694,20546
0.0,0.0,68.0,996.0,1818.0,1823.0,8.0,7.0,7.0,22.28214285725,13.821428571428571,6.17037037037037,4251,34,32.2,253.0,8996.0,139.0,595,8793,67,116,0,213,14,53,8925,4675,4713,275,168,219,105,280,249,431,509,563,994,5621,185,336,1390,896,158,1485,9388
0.0,0.0,87.5,313.0,709.0,712.0,4.0,7.0,7.0,22.78214285775,28.133333333333333,31.962,1534,7,45.7,3.0,3480.0,14.0,184,3313,0,7,30,74,29,7,3350,1749,1748,116,49,67,59,214,140,174,119,211,375,1840,134,208,390,476,78,735,3497
0.0,0.0,85.0,36.0,127.0,127.0,0.0,0.0,0.0,28.697222222027776,21.366666666666667,9.29,257,0,58.9,5.0,684.0,0.0,14,675,1,0,0,2,0,4,682,339,350,13,6,16,10,31,52,23,62,39,101,374,5,78,87,92,13,175,689
0.0,0.0,69.0909090909091,1644.0,3894.0,3920.0,9.0,11.0,11.0,22.499999999714284,9.092307692307692,6.65925925925926,5933,3,39.8,136.0,13455.0,80.0,714,12957,34,204,0,392,79,243,12719,7095,6576,609,324,192,307,493,513,458,728,821,1240,7048,303,530,1868,1596,277,2753,13671
0.0,0.0,58.25,1932.0,6469.0,7624.0,49.0,107.0,123.0,22.210714285821428,10.13846153846154,6.015384615384615,9773,97,40.5,1092.0,22634.0,880.0,3543,21063,692,638,28,1500,1217,1186,19345,11967,12639,1107,406,402,326,954,905,626,924,1649,2673,11751,1009,1295,2170,3365,723,5827,24606
4200.0,218051.0,46.34411085450346,229415.0,514086.0,671243.0,3960.0,7633.0,9313.0,21.57857142892857,12.953846153846154,9.992592592592594,899584,3116,37.5,240102.0,1736249.0,252515.0,697554,1531312,220504,265744,17714,179816,19198,264544,1261346,1117189,1111677,76542,45138,48611,46955,76990,73533,64396,84484,109786,182591,1130273,137788,92444,297457,339157,165170,396187,2228866
0.0,0.0,21.647058823529413,2561.0,7958.0,8816.0,33.0,88.0,98.0,21.99999999975,8.061538461538461,6.31923076923077,18316,31,52.9,1383.0,45139.0,1964.0,6222,42264,928,339,112,2201,817,2042,42047,24026,24460,2276,1113,1730,1610,1706,1638,1756,2503,3355,3384,22523,1385,1726,7127,5990,1511,9214,48486
59.0,1999.0,51.13157894736842,4581.0,12340.0,12918.0,52.0,135.0,152.0,22.36428571428572,9.5,4.684615384615385,20455,295,34.7,2267.0,48227.0,2043.0,12840,39697,653,676,70,2965,2939,3194,42040,25101,27436,2562,1808,1650,891,1059,1023,1005,1629,3006,3883,27364,1663,1833,4767,9255,3408,10333,52537
0.0,0.0,94.0,37.0,90.0,124.0,0.0,3.0,5.0,30.05999999971429,21.175,16.314,313,0,54.6,76.0,932.0,22.0,263,767,0,15,0,1,15,0,999,554,476,44,2,8,2,67,41,24,30,55,242,406,16,161,66,183,154,220,1030
0.0,0.0,63.0,50.0,309.0,191.0,0.0,1.0,2.0,29.12424242460606,22.426315789473687,22.571428571428573,562,27,42.5,24.0,1792.0,23.0,91,1748,11,1,0,0,68,17,1742,912,927,64,33,44,48,18,41,11,90,141,171,787,124,59,123,420,38,297,1839
0.0,0.0,56.5,1071.0,4508.0,2791.0,13.0,53.0,67.0,22.61428571392857,11.307692307692308,5.142307692307692,6155,379,37.1,982.0,14989.0,863.0,4585,12249,151,174,9,569,814,1171,13946,8072,8762,638,578,370,335,532,579,384,792,836,1535,8542,889,852,1653,2870,1295,2704,16834
0.0,0.0,60.4,443.0,1189.0,1350.0,9.0,20.0,22.0,22.57142857132143,11.830769230769231,8.959259259259259,2059,121,37.6,273.0,5075.0,217.0,1371,4194,4,88,0,68,273,33,5099,2546,3019,434,136,204,114,68,186,56,208,231,678,2692,268,192,384,1110,420,1223,5565
0.0,0.0,72.5,348.0,958.0,681.0,1.0,7.0,11.0,22.292857143214285,17.835714285714285,33.175,1471,0,43.7,101.0,5006.0,70.0,572,4605,49,226,0,253,58,230,4361,2263,2914,117,107,62,61,215,86,208,253,334,560,1838,43,435,432,1178,257,651,5177
0.0,0.0,50.6,2791.0,10746.0,12266.0,57.0,168.0,185.0,22.178571428571427,10.038461538461538,7.992307692307692,21420,142,43.9,2110.0,51932.0,1625.0,9823,45844,698,508,101,3505,1508,3199,46148,27656,28011,2158,1258,836,641,1907,2081,2207,2397,3275,4966,25393,2488,2232,3397,9738,3819,11570,55667
0.0,0.0,87.4,303.0,960.0,1503.0,6.0,17.0,20.0,22.64285714335714,19.04615384615385,17.323333333333334,1308,13,53.3,40.0,4355.0,92.0,630,3857,65,129,0,118,916,103,3156,2368,2119,57,82,20,31,165,225,118,91,201,948,1721,295,452,195,743,267,707,4487
0.0,0.0,69.33333333333333,2816.0,6958.0,9156.0,95.0,234.0,305.0,22.010714285714283,15.746153846153844,11.15925925925926,13184,45,53.1,2353.0,41515.0,1646.0,6868,38646,793,965,185,2641,717,3418,36795,22218,23296,1181,783,652,184,2641,1528,2094,1939,2420,5831,16657,2892,4131,2116,8409,3143,7787,45514
0.0,0.0,77.0,943.0,1416.0,2361.0,20.0,29.0,32.0,22.64642857142857,20.164285714285715,14.296551724137933,1885,0,42.6,386.0,5955.0,250.0,1618,4973,132,227,5,389,258,653,4927,2368,4223,238,41,107,32,173,177,174,280,248,539,2386,233,379,388,1607,830,1260,6591
1151.0,45682.0,32.99168975069252,43265.0,102749.0,128178.0,649.0,1165.0,1309.0,21.71071428607143,8.6,5.776923076923077,201886,883,38.5,34202.0,397470.0,32510.0,114756,349426,25935,11195,3137,30892,7196,41950,343877,230266,233916,19028,12457,13522,14093,15410,15210,15279,19102,25925,36090,249599,22040,17992,76967,59410,28847,81471,464182
0.0,0.0,72.125,549.0,1947.0,1776.0,6.0,19.0,26.0,22.649999999964287,12.492307692307692,8.444444444444445,3091,89,40.8,337.0,9164.0,69.0,1579,7991,106,619,0,265,377,148,8055,3838,5732,327,206,160,103,260,362,363,445,587,936,3838,261,711,737,2297,704,1683,9570
226.0,10852.0,39.142857142857146,726.0,14478.0,17441.0,8.0,206.0,238.0,21.78928571464286,10.807692307692308,9.829629629629627,23030,75,42.2,3824.0,48161.0,3259.0,13377,41867,1559,1066,37,2808,1327,4704,43743,26798,28446,2089,1007,1275,1109,1987,2354,2354,2498,2967,5218,27297,2300,2359,6420,7660,3613,10913,55244
86.0,2690.0,46.320754716981135,3184.0,13342.0,15795.0,93.0,170.0,190.0,21.928571428285714,7.838461538461539,6.851851851851852,27931,93,47.9,621.0,59553.0,1000.0,1083,60091,623,394,7,1153,205,172,58620,31136,30038,2898,1757,1890,1542,2238,1971,2015,2161,3893,5211,32784,2140,2515,9704,9057,2299,11059,61174
0.0,0.0,43.79245283018868,1784.0,9103.0,11201.0,6.0,56.0,67.0,22.22142857139286,8.892307692307693,6.5,20650,0,53.4,295.0,47242.0,924.0,742,47719,360,253,0,826,127,77,46818,24160,24301,2581,1183,1270,1478,1959,1600,1652,2400,3216,4896,25663,1504,1924,8266,7089,1426,7537,48461
110.0,4008.0,53.48214285714285,2840.0,14353.0,17352.0,27.0,105.0,122.0,22.06428571414286,9.138461538461538,6.388888888888889,33030,25,43.0,883.0,73649.0,1508.0,1472,74568,704,654,31,2011,186,402,72052,38811,37229,3058,2111,1675,1633,2221,2400,2844,3464,4639,6468,40983,2619,3495,12973,11819,2138,11437,76040
0.0,0.0,75.6,1373.0,6804.0,7807.0,36.0,109.0,123.0,22.5,14.4,7.225925925925925,12255,33,48.7,287.0,30663.0,536.0,592,30894,170,670,25,487,44,78,30012,14797,16689,1013,699,474,342,1587,1749,1186,1501,1598,3818,15229,1631,2092,3098,6460,1686,5568,31486
422.0,17377.0,44.71428571428572,2806.0,17033.0,21511.0,19.0,62.0,79.0,22.35714285767857,9.384615384615383,6.544444444444444,37536,89,43.3,2756.0,85042.0,2533.0,2265,88066,3185,1187,47,2752,268,349,82543,45947,44384,3630,1878,2102,3034,2866,2546,2560,3783,4945,7797,47982,3030,4063,19522,11213,2961,11584,90331
865.0,33988.0,38.01045296167247,29181.0,96074.0,111377.0,584.0,885.0,954.0,21.717857143142854,6.684615384615385,3.888461538461539,197194,256,40.8,18803.0,374064.0,22438.0,29387,385918,17287,11349,142,16513,488,4444,365082,208765,206540,19002,13712,16904,17041,12555,10347,11489,15281,21771,24741,239253,14636,12027,92399,56040,15234,65644,415305
221.0,10189.0,42.04807692307692,7634.0,31750.0,36676.0,107.0,221.0,249.0,21.99285714253572,7.438461538461539,6.703703703703703,68921,155,43.1,3188.0,142814.0,4900.0,3426,147476,3122,2274,9,3601,521,488,140887,76712,74190,7219,4294,5358,4740,3949,4085,4462,5735,9038,10329,82537,4464,5481,29493,22255,4920,23685,150902
369.0,16565.0,26.510416666666668,19003.0,65914.0,77679.0,212.0,510.0,583.0,21.574999999964287,3.5846153846153848,4.003846153846154,148808,264,44.7,5205.0,293413.0,9593.0,9651,298560,6231,2704,54,7292,165,1921,289844,155332,152879,14630,11291,14254,17899,6385,7299,6849,12343,16465,15105,180402,5108,7024,74957,40767,6368,48186,308211
186.0,10427.0,43.59756097560975,7255.0,28568.0,34177.0,76.0,203.0,227.0,21.56428571442857,6.907692307692307,3.4884615384615385,58901,241,36.8,3249.0,124158.0,2754.0,3451,126710,4566,1317,109,4344,85,460,119280,66080,64081,5241,3383,4623,3692,3731,3471,3795,5507,7296,9092,74796,3813,4219,24291,17650,3166,21089,130161
0.0,0.0,58.575,1364.0,9102.0,10755.0,22.0,67.0,73.0,22.53571428589285,10.0,6.174074074074074,18685,97,46.9,313.0,42024.0,836.0,723,42450,333,243,0,873,108,152,41464,21702,21471,1368,1092,973,859,1392,1513,1455,1564,3198,3867,21378,1368,1879,6644,8427,1762,6147,43173
739.0,33518.0,51.083769633507856,25715.0,67947.0,89852.0,587.0,985.0,1073.0,21.710714285714285,14.13846153846154,9.92962962962963,104046,408,41.8,18744.0,221535.0,24371.0,50562,214088,20803,37622,127,15516,1303,21831,167448,136496,128154,10269,6531,7202,7305,8646,8610,6501,9065,12622,24352,137597,16432,11741,41024,42239,14579,38756,264650
2735.0,90410.0,17.210459183673468,81535.0,219635.0,320734.0,2656.0,3408.0,3708.0,21.56785714317857,6.076923076923077,4.630769230769231,343765,1027,41.9,101675.0,644627.0,184973.0,189827,741448,153970,54347,314,48437,1904,29561,642742,479116,452159,36130,28222,42467,71771,18531,16911,17102,24774,38022,48129,503512,14509,25186,271465,95151,26350,104050,931275
589.0,23986.0,37.98979591836735,36584.0,101130.0,138798.0,763.0,1181.0,1364.0,21.56785714303572,6.330769230769231,4.861538461538462,197332,304,41.6,15171.0,400954.0,30176.0,37264,409037,23074,75309,301,21242,661,9795,315919,226637,219664,19347,13981,19529,22287,10317,10675,10709,15719,24177,21454,242805,12321,12279,99460,60896,11792,67982,446301
2033.0,100939.0,54.75766016713092,45363.0,124498.0,166044.0,1195.0,1775.0,1959.0,21.567857143214287,10.807692307692308,8.959259259259259,203697,453,38.8,23198.0,450080.0,33443.0,87299,419422,29449,98041,193,23256,894,39142,315746,262211,244510,19060,13958,15496,17113,13981,12061,13470,18077,24472,42972,267457,28010,22455,92522,74602,25922,77126,506721
149.0,6281.0,29.84466019417476,7512.0,21692.0,29823.0,186.0,294.0,332.0,21.78214285732143,9.076923076923077,11.496296296296295,36051,17,50.3,2030.0,88584.0,2087.0,7393,85308,552,3703,16,2830,40,1832,83728,47374,45327,3941,2854,3351,3688,2909,3034,2876,4148,5601,8268,45248,3410,3922,15721,13661,2439,13392,92701
347.0,15668.0,65.41836734693878,14628.0,39033.0,51414.0,386.0,582.0,657.0,21.775,13.692307692307692,9.8,54107,214,37.6,9233.0,135294.0,5558.0,47012,103073,2040,29887,21,9614,1393,11172,95958,73556,76529,4897,2992,2180,2470,4446,4107,3702,5214,6449,14490,65681,12121,7590,11966,31040,14367,21480,150085
2281.0,98994.0,32.77811550151976,76640.0,209933.0,287354.0,2718.0,3577.0,3756.0,21.57857142857143,12.515384615384615,9.007407407407406,243844,1276,37.7,100841.0,577848.0,120009.0,185818,612880,43682,313839,324,42771,2116,67473,328493,414404,384294,23308,15103,21772,38214,22335,19041,19858,23064,31080,76905,412659,50175,42550,160942,117011,48735,102161,798698
0.0,0.0,41.85353535353536,24888.0,69195.0,89819.0,558.0,941.0,1044.0,21.575,6.4,5.503846153846154,130667,218,40.4,5406.0,276132.0,10207.0,18922,272823,9019,30509,22,9801,332,6132,235930,149993,141752,13180,9493,12607,12052,6433,7116,6807,9300,14192,15196,159487,9239,8868,57956,44613,7991,45520,291745
1127.0,38733.0,24.097826086956523,72300.0,168997.0,234993.0,2047.0,2706.0,2841.0,21.575000000357143,15.307692307692308,8.866666666666667,154165,1344,35.3,147549.0,379172.0,145202.0,286039,385884,105812,81178,379,53249,3274,89283,338748,337702,334221,23779,17425,24066,35482,17750,17923,16039,22548,29989,56288,381406,39998,27256,193725,91378,42839,72902,671923
184.0,8070.0,19.02409638554217,7275.0,24192.0,34145.0,165.0,269.0,304.0,21.567857143214287,3.1,3.980769230769231,53583,45,46.6,5056.0,112333.0,7674.0,8483,116580,5235,3426,43,3482,124,1347,111406,62995,62068,5664,4059,7074,11432,2186,1839,2363,3519,5008,4503,68562,1572,3214,38485,11643,2252,13968,125063
534.0,24127.0,42.10843373493976,28685.0,74944.0,109219.0,888.0,1250.0,1338.0,21.717857142857145,8.346153846153847,8.21111111111111,138039,531,38.8,43518.0,283311.0,41256.0,66048,302037,42301,75292,275,14705,928,14688,219896,188099,179986,13137,9742,13566,19655,8121,7227,6960,11391,15908,25733,190739,13539,15535,87095,45638,18513,40645,368085
2090.0,95556.0,26.9981884057971,75461.0,190079.0,271261.0,2140.0,2849.0,3011.0,21.571428571428573,6.238461538461538,4.996153846153846,315809,2297,39.0,113192.0,553603.0,158220.0,176010,649005,202163,84952,393,38263,2286,44131,452827,418053,406962,31968,25851,34086,40715,18374,15963,17638,23776,37740,41860,433602,25947,23615,212369,97707,37522,96758,825015
1598.0,86308.0,19.784648187633262,60229.0,161845.0,220141.0,1433.0,2151.0,2362.0,21.571428571035717,5.915384615384616,4.9192307692307695,252953,633,43.4,29540.0,536978.0,54303.0,67427,553394,33752,43044,106,21015,955,16071,505878,318717,302104,24306,20161,29771,48757,13115,10685,12066,18089,26966,34319,337007,14657,16516,165898,65972,17322,78168,620821
1557.0,62739.0,16.261146496815286,39575.0,116783.0,163275.0,1144.0,1516.0,1668.0,21.574999999892857,4.184615384615385,4.173076923076923,212789,605,42.8,37827.0,396365.0,58523.0,66311,426404,51874,16515,82,19002,667,12682,391893,250617,242098,18552,17440,24849,44563,8164,8191,8683,13194,21479,19047,272454,6392,10322,155057,43061,11858,52425,492715
1161.0,52276.0,34.74554707379135,61576.0,160306.0,212331.0,1915.0,2895.0,3256.0,21.57142857192857,11.684615384615386,8.614814814814816,226463,612,42.4,15987.0,555557.0,30474.0,55735,546283,11240,18517,169,16578,543,15424,539547,311408,290610,24897,16841,19294,19928,19273,16678,16367,21198,30880,44098,277172,28599,29687,95119,83903,17009,80763,602018
1008.0,38124.0,32.861333333333334,58987.0,142955.0,190148.0,1724.0,2317.0,2446.0,21.571428571785717,13.023076923076925,9.466666666666669,196349,1763,37.3,72135.0,341342.0,89286.0,210461,292302,26981,56028,192,35135,1501,78338,304588,257425,245338,16124,11837,15051,18313,12662,10905,11394,14343,21694,36358,260682,42815,20574,80397,86730,34439,59144,502763
401.0,15386.0,55.93333333333333,4797.0,14221.0,18157.0,166.0,245.0,262.0,21.56785714292857,11.63846153846154,9.01851851851852,25587,57,42.5,842.0,60524.0,1388.0,5942,56812,595,8687,18,1936,266,1438,49814,32064,30690,2527,1796,2046,1480,1609,1864,1572,2589,2686,6245,30958,3664,3565,7546,12009,2549,10303,62754
347.0,14037.0,19.563451776649742,23905.0,66676.0,96609.0,790.0,962.0,1025.0,21.571428571428573,4.323076923076924,4.296153846153846,141536,165,41.8,33309.0,244726.0,52116.0,48653,281498,60272,32578,47,12130,1004,13314,210806,168724,161427,12177,9736,15862,30248,5319,4859,5498,8324,13884,13814,183657,4897,5851,105685,30200,8434,34349,330151
155.0,7930.0,33.544642857142854,9660.0,33548.0,45026.0,276.0,466.0,516.0,21.567857142464284,5.038461538461538,5.088461538461539,65214,136,44.9,2983.0,130066.0,7947.0,12163,128833,2853,3148,18,4484,44,1623,128826,70718,70278,6770,4606,7529,7085,2919,2514,3463,4505,8427,6348,79621,2290,3618,29681,21501,2893,23151,140996
1063.0,34527.0,28.20047732696897,58936.0,143096.0,193462.0,1808.0,2347.0,2487.0,21.571428571428573,8.061538461538461,8.974074074074075,208984,1314,38.9,77347.0,387845.0,90016.0,177402,377806,29387,118100,89,29901,1915,87345,288471,284047,271161,17986,14598,19081,28640,12991,12163,13541,16784,24195,31883,300214,19285,20260,116241,79811,32859,68992,555208
174.0,8190.0,39.87179487179487,7425.0,23614.0,31693.0,223.0,338.0,365.0,21.714285714142857,7.884615384615385,8.307407407407409,47826,195,44.5,3524.0,95670.0,6536.0,10307,95423,2819,4959,27,4264,138,2040,91483,53939,51791,4954,3630,4330,4039,2343,2830,2906,3887,6340,7063,58586,2792,4120,21177,16115,3373,16079,105730
1942.0,93756.0,55.73348017621145,53321.0,145613.0,197326.0,882.0,1679.0,2251.0,21.717857142642856,12.546153846153846,4.973076923076923,280887,936,38.0,35330.0,611448.0,32259.0,341790,337247,18271,19002,556,63203,31591,69611,476803,346283,332754,23279,13509,13924,13587,26081,23337,21474,26988,33601,76748,342570,47421,36502,124383,81756,33988,118927,679037
0.0,0.0,68.2,83.0,411.0,530.0,5.0,13.0,23.0,22.857142857321428,28.092857142857145,35.68571428571428,648,0,59.4,33.0,3459.0,55.0,602,2945,0,14,0,133,0,62,3338,1728,1819,85,25,14,7,193,194,151,128,72,677,893,244,493,97,714,82,491,3547
189.0,6582.0,81.32692307692308,8672.0,21297.0,24730.0,156.0,301.0,362.0,22.357142857142858,24.73076923076923,8.651851851851852,24977,175,36.1,4262.0,56724.0,3926.0,37378,27534,676,1020,6,4965,1033,4915,52297,32510,32402,1447,1216,830,581,2439,2050,2186,2160,2775,7957,28688,6916,5417,5152,8328,6108,11595,64912
0.0,0.0,88.95238095238095,2772.0,6903.0,9350.0,106.0,178.0,213.0,21.1049999995,22.62307692307693,9.3,7363,9,37.5,601.0,25962.0,200.0,10389,16374,57,392,8,1828,11038,1110,12330,13214,13549,730,275,283,101,1030,678,758,864,873,2816,10043,3687,2830,2253,4357,2314,4794,26763
0.0,0.0,86.125,710.0,2411.0,2808.0,46.0,64.0,71.0,22.70357142821429,19.86923076923077,8.537037037037036,4095,0,50.3,213.0,11631.0,262.0,5989,6117,38,83,0,631,310,973,10071,5978,6128,452,111,153,99,649,596,555,500,392,2439,5139,992,1566,1080,1757,657,2276,12106
106.0,7969.0,78.5,4962.0,12513.0,15400.0,70.0,181.0,235.0,22.353571428214284,17.415384615384617,7.677777777777778,20952,51,31.7,3249.0,44679.0,1574.0,21210,28292,682,2684,80,4178,421,9278,32179,23876,25626,1097,668,485,319,1777,1953,1713,2066,2739,5803,24210,4763,2723,5067,5806,4409,9094,49502
0.0,0.0,83.0,132.0,568.0,756.0,1.0,5.0,6.0,25.17241379310345,29.86875,22.92,558,2,22.2,2.0,1978.0,15.0,1281,714,0,85,0,345,4,664,897,839,1156,49,8,14,1,43,35,32,52,62,258,707,303,161,103,171,102,275,1995
421.0,16751.0,72.21794871794872,23131.0,62492.0,76853.0,408.0,716.0,938.0,21.78928571392857,15.284615384615384,8.796296296296296,79612,510,33.3,20439.0,181729.0,15528.0,149243,68453,2468,3923,193,18582,2111,19622,170797,110706,106990,6035,3559,2655,1919,7833,6331,7188,7018,7549,29334,96664,23523,14683,28866,21663,16182,31809,217696
108.0,2289.0,64.25,6543.0,16973.0,19277.0,119.0,261.0,327.0,22.35,13.053846153846154,4.8,24695,113,35.4,2454.0,54199.0,1212.0,28942,28923,418,890,0,3907,996,3176,48478,28656,29209,2512,1349,1978,1064,1774,1217,1511,2318,2348,5477,27579,4506,3633,4787,9475,4445,10405,57865
0.0,0.0,79.84,1532.0,6590.0,9897.0,35.0,78.0,115.0,22.5,18.46153846153846,9.511111111111113,8432,13,46.5,492.0,26490.0,409.0,13800,13591,188,147,3,2161,654,868,23370,13859,13532,1101,230,296,315,1662,857,679,702,1225,4429,10417,2675,2130,2814,4077,1203,4412,27391
10.0,118.0,91.0,365.0,1097.0,1375.0,9.0,17.0,18.0,22.56428571421429,21.684615384615384,24.184848484848487,1351,0,43.7,66.0,4179.0,91.0,3091,1245,7,80,0,402,336,519,2992,1636,2700,24,19,5,82,244,122,70,16,113,650,1603,148,607,277,1227,285,742,4336
0.0,0.0,93.0,8.0,81.0,103.0,0.0,4.0,4.0,30.605714286,24.455,11.736,174,7,43.5,26.0,398.0,8.0,172,260,0,0,16,10,0,112,294,211,221,7,8,2,13,23,20,12,7,7,77,218,15,67,56,24,10,113,432
0.0,0.0,90.0,350.0,1085.0,1339.0,9.0,13.0,17.0,22.635714286071423,22.346153846153847,19.275,1382,0,43.2,140.0,3951.0,143.0,2484,1750,0,36,0,363,60,135,3640,2149,2085,87,95,7,35,147,155,200,202,165,649,1701,267,382,360,723,314,698,4234
61.0,1979.0,71.38333333333334,8110.0,19155.0,22982.0,154.0,317.0,410.0,22.35,16.76923076923077,8.681481481481482,27439,368,32.0,8571.0,58358.0,3430.0,42033,28326,403,2585,10,6234,735,3566,56826,34165,36194,2144,1120,1442,975,1941,1567,1848,3009,3157,5665,31421,4779,3838,4968,11229,7863,10381,70359
0.0,0.0,61.130434782608695,1561.0,5166.0,6600.0,16.0,64.0,75.0,22.58214285732143,20.04615384615385,8.496296296296297,6480,41,51.5,778.0,18300.0,562.0,6572,13068,28,366,0,1411,239,293,17303,10107,9533,621,595,259,193,838,853,657,869,645,2948,8469,1197,1417,1817,3165,998,3289,19640
47.0,539.0,25.823529411764707,486.0,2686.0,4587.0,5.0,13.0,25.0,22.214285714714286,18.4625,3.2423076923076923,8639,19,41.8,663.0,17315.0,998.0,3440,15536,933,153,0,1338,179,405,15968,9343,9633,1113,980,1035,1623,276,297,368,444,1164,595,10545,214,352,6979,1007,175,1958,18976
0.0,0.0,90.73684210526316,3131.0,6674.0,8018.0,83.0,118.0,152.0,22.214285714285715,25.115384615384617,15.648148148148149,7058,6,37.2,2517.0,20125.0,1380.0,16242,7780,236,349,0,2205,224,789,20219,11923,12099,498,107,64,121,827,889,738,686,810,4171,8712,2852,2529,1214,4208,2588,2518,24022
171.0,5062.0,91.31147540983606,12083.0,25633.0,33357.0,451.0,572.0,656.0,22.2178571425,25.66923076923077,9.848148148148148,19116,44,32.8,1076.0,70147.0,733.0,10391,61565,797,379,120,3514,54439,3303,9404,37205,34751,1012,800,403,521,2062,1716,1561,1691,2210,9271,26683,12164,9996,4085,13746,6155,11477,71956
0.0,0.0,90.8,164.0,751.0,987.0,6.0,16.0,22.0,24.927586206689657,22.32307692307692,11.555555555555555,1185,0,56.6,22.0,4427.0,51.0,3667,833,0,2,0,488,24,1478,2508,2464,2036,126,2,30,0,194,236,198,122,205,1165,1478,93,1239,362,1003,112,703,4500
104.0,3053.0,78.8103448275862,3439.0,13284.0,17135.0,66.0,180.0,228.0,22.071428571785717,19.384615384615383,8.57037037037037,23756,107,36.2,3969.0,60233.0,2602.0,25868,40936,843,2310,155,5379,4577,3459,50081,32324,34480,1514,654,786,495,2772,2352,1999,2269,2735,7536,28741,4962,3398,6083,9082,4135,13538,66804
0.0,0.0,95.66666666666669,424.0,1976.0,2564.0,8.0,49.0,70.0,22.639285714285712,22.876923076923077,8.403703703703703,2894,0,43.0,89.0,8052.0,124.0,3777,4488,86,52,56,447,188,808,6628,4382,3883,181,44,144,17,345,307,180,294,218,1452,3204,938,1006,504,1446,785,1247,8265
70.0,1795.0,65.93103448275862,3433.0,9689.0,13354.0,71.0,126.0,167.0,22.139285714285712,17.53076923076923,9.351851851851851,13119,13,41.5,964.0,37204.0,794.0,27819,11143,234,231,7,2983,6179,10240,19088,19996,18966,813,262,837,367,1237,1196,773,1332,1211,5007,15542,2928,4772,3383,6552,2231,7082,38962
12.0,406.0,80.75,1845.0,4976.0,6230.0,50.0,92.0,110.0,22.5,19.86923076923077,7.696296296296297,7159,2,30.3,1649.0,16540.0,534.0,8005,10718,79,464,24,1315,157,2999,13685,9272,9451,634,295,181,83,717,696,489,579,664,2447,8871,2263,1165,1767,2504,1533,2387,18723
60.0,3152.0,53.72941176470588,11006.0,33153.0,45068.0,209.0,388.0,516.0,21.717857142714283,7.884615384615385,5.546153846153846,55952,47,40.3,2959.0,137404.0,4591.0,57442,87512,2243,3477,261,12092,17786,8927,100168,73705,71249,5299,3492,3228,2880,3999,5112,4769,5460,7801,10464,68315,9806,5972,21699,19551,6634,26362,144954
267.0,11051.0,73.1078431372549,13586.0,40417.0,52482.0,450.0,729.0,863.0,21.78571428535714,20.73076923076923,9.11111111111111,44086,90,36.1,2047.0,122347.0,1214.0,26518,99090,973,1062,64,6827,48718,6086,61878,63472,62136,3308,1849,2066,944,5021,3725,3605,4220,5205,13639,52296,13316,11845,9649,18521,7550,27284,125608
46.0,548.0,83.33333333333333,1255.0,5740.0,7665.0,13.0,51.0,85.0,22.214285714285715,20.407692307692308,9.162962962962965,8583,9,44.6,578.0,26564.0,404.0,21443,6103,354,404,46,2025,453,8147,16117,13864,13682,693,530,344,153,1198,1144,685,920,777,5498,11180,2849,3762,2756,3377,2179,5482,27546
272.0,13065.0,37.37272727272728,9684.0,27949.0,40283.0,140.0,253.0,400.0,21.78571428542857,11.26923076923077,4.496153846153846,58827,80,46.8,11363.0,132651.0,6305.0,76643,73676,1961,1664,245,10765,4932,11993,118759,77499,72820,4791,3841,3949,4653,5489,5815,4882,6601,8019,15112,72795,8002,9645,27274,18508,9003,20956,150319
0.0,0.0,85.66666666666667,704.0,2019.0,2495.0,45.0,70.0,87.0,22.28928571392857,29.07692307692308,8.84074074074074,2850,0,55.9,278.0,10518.0,192.0,3416,7572,84,41,0,695,394,303,9471,5469,5519,350,176,151,112,525,437,424,360,443,2424,3817,720,1545,1050,1375,672,1651,10988
0.0,0.0,83.23076923076923,1228.0,3780.0,4752.0,56.0,86.0,102.0,22.28571428607143,23.63076923076923,7.951851851851852,4308,90,39.9,677.0,15713.0,333.0,8401,8322,359,117,0,1437,2064,457,12289,8042,8681,375,230,172,87,498,507,461,276,405,1991,6151,1862,1769,1743,3003,1157,1713,16723
0.0,0.0,51.03448275862069,1566.0,5272.0,7288.0,49.0,89.0,108.0,22.500000000035715,19.684615384615384,10.307407407407409,10506,63,48.9,763.0,31147.0,849.0,18621,14138,283,89,3,2933,1927,1897,25627,16633,16126,1070,572,535,634,1476,1058,803,1002,828,4614,14671,1550,2797,4599,4162,1200,6133,32759
0.0,0.0,83.18181818181819,658.0,2661.0,3332.0,12.0,51.0,61.0,21.71428571392857,19.907692307692308,9.622222222222222,4402,7,42.9,572.0,14580.0,325.0,6752,8725,191,263,0,749,195,1432,12647,7596,7881,434,164,61,118,686,334,333,803,678,2346,5993,1275,1754,1137,2637,1002,2674,15477
0.0,0.0,91.0,244.0,778.0,933.0,9.0,15.0,20.0,22.860714285714288,20.29230769230769,36.23265306122449,1133,0,38.9,100.0,3964.0,42.0,1761,2345,1,62,0,314,97,235,3397,1884,2222,27,59,16,13,187,85,117,131,165,604,1405,267,434,263,906,358,578,4106
0.0,0.0,69.54901960784314,6242.0,18407.0,24061.0,100.0,251.0,325.0,21.714285714285715,15.892307692307693,9.066666666666666,26810,201,38.7,3221.0,71382.0,1915.0,46606,29912,802,1050,0,6443,3105,6818,58300,38024,38494,1859,1026,1252,719,2882,2623,2355,2955,3314,7471,32086,6901,6003,7222,11955,5578,13483,76518
1344.0,60433.0,51.1948051948052,21403.0,58222.0,79448.0,335.0,504.0,617.0,21.71428571442857,10.538461538461538,4.380769230769231,128085,307,37.9,15754.0,270696.0,19715.0,18980,287185,20849,37645,98,15301,422,4772,227078,158092,148073,13551,9153,9762,10540,10083,10402,9796,12224,16090,26521,167114,13253,13465,70417,29612,10568,42614,306165
49.0,1653.0,88.68181818181819,2939.0,8836.0,10905.0,82.0,151.0,164.0,22.57142857160714,14.96923076923077,8.818518518518518,15989,42,39.3,521.0,45337.0,446.0,782,45522,484,757,26,619,101,142,44175,22947,23357,1520,620,507,422,1660,1927,1546,1921,2740,5165,20788,2218,3163,4903,7104,1542,7631,46304
4042.0,169771.0,26.768325791855204,145052.0,393356.0,512526.0,5897.0,7686.0,8519.0,21.567857143214287,22.161538461538463,10.08148148148148,163626,911,34.5,239156.0,932707.0,255193.0,799765,627291,55362,497301,1786,96743,9539,459756,306569,754572,672484,34442,20191,20474,16795,47768,41844,36172,43724,50848,197877,657783,179481,84774,159421,207359,173543,205704,1427056
649.0,22693.0,76.484375,15620.0,44584.0,59328.0,340.0,508.0,604.0,21.714285714464285,11.623076923076924,8.066666666666666,71126,270,39.7,6383.0,178380.0,7279.0,8455,183587,8522,10219,138,7720,359,2531,162553,97523,94519,6537,3922,3584,3058,7254,6973,6010,7919,10256,24015,90205,12010,10460,27661,25339,8618,29257,192042
299.0,6476.0,84.42857142857143,4518.0,15262.0,19421.0,77.0,218.0,252.0,21.932142857142857,14.392307692307693,8.503703703703703,28902,73,42.5,465.0,75394.0,891.0,1672,75078,541,1147,0,1882,2462,458,70260,38477,38273,2553,1310,1070,724,3346,2681,2775,3513,4289,9738,35416,4689,6702,7703,14382,3475,12419,76750
179.0,4893.0,72.28,5449.0,15715.0,20654.0,90.0,144.0,182.0,22.07142857071429,14.353846153846153,8.28888888888889,31212,23,43.2,783.0,75488.0,687.0,2336,74622,479,2997,51,2682,98,603,70048,37483,39475,3193,1770,1416,1111,2786,3097,2384,3138,4337,7638,37629,3792,4569,9153,12992,4686,14197,76958
371.0,6299.0,84.84297520661157,7486.0,23404.0,29769.0,128.0,292.0,340.0,21.928571428571427,15.66153846153846,7.829629629629629,48600,102,42.8,1487.0,124446.0,1651.0,9817,117767,679,3437,59,3836,332,3195,116046,64623,62961,4388,2637,1765,1118,5310,5063,4558,5136,6413,17237,59143,8478,8851,15219,20739,6510,21278,127584
532.0,7893.0,78.54320987654322,6508.0,21064.0,26850.0,131.0,227.0,265.0,21.7821428575,12.538461538461538,8.37037037037037,32777,139,41.3,1481.0,81442.0,1192.0,2728,81387,1270,4992,4,3533,322,490,73504,42433,41682,2841,1774,1593,1117,3023,3062,2665,3810,4836,9607,39765,5659,4547,10092,14662,4071,14617,84115
138.0,1032.0,82.1923076923077,2527.0,9180.0,11910.0,70.0,118.0,141.0,22.285714285714285,14.123076923076924,8.37037037037037,19026,6,44.8,458.0,46703.0,366.0,1095,46432,193,391,17,1053,111,300,45462,23704,23823,1494,981,852,572,1975,1912,1771,2017,3105,6155,23146,2585,2885,4503,9670,2424,7773,47527
320.0,7423.0,70.12,3843.0,16434.0,22949.0,28.0,84.0,133.0,22.357142857142858,14.853846153846153,8.814814814814815,31872,82,40.3,1921.0,76764.0,1635.0,2367,77953,994,3359,8,1791,197,1336,72635,39040,41280,3092,1498,2015,1161,2886,2503,2982,3705,4172,7543,38109,3412,4334,10038,15247,4594,11787,80320
192.0,3462.0,43.93650793650794,3479.0,9920.0,14046.0,96.0,140.0,175.0,22.142857142892854,10.83846153846154,7.7592592592592595,23418,20,48.5,1810.0,56048.0,2158.0,2975,57041,1071,2512,6,2207,53,1216,52951,30063,29953,2442,1643,2395,1887,1933,1920,1973,2456,3355,5319,31117,2065,3588,10288,9223,2566,9271,60016
173.0,2817.0,72.78260869565217,3265.0,10339.0,13576.0,60.0,114.0,135.0,22.075000000142857,10.961538461538462,8.751851851851852,20099,17,36.4,465.0,46422.0,731.0,1333,46285,454,1016,5,1046,56,326,44715,24203,23415,1777,1043,834,637,1803,1895,1367,2011,2608,4005,25166,2344,2358,6176,6566,1871,7585,47618
0.0,0.0,71.31481481481481,1626.0,7585.0,10245.0,33.0,68.0,93.0,22.28571428575,15.923076923076923,8.037037037037036,16041,34,48.3,827.0,42691.0,1158.0,1803,42873,366,822,3,1100,53,458,41874,22123,22553,1382,950,794,509,1561,2188,1516,2006,2299,5725,20792,2194,3196,4761,8615,2184,6324,44676
672.0,29484.0,35.629629629629626,23288.0,63377.0,85491.0,415.0,650.0,739.0,21.64285714325,7.846153846153846,4.5115384615384615,118457,543,42.5,14364.0,259088.0,20072.0,36957,256567,10098,31432,126,14795,857,10673,225543,147681,145843,11965,9150,11307,12950,7445,7636,6846,9921,13720,19155,154293,7440,8777,58016,39110,12391,45447,293524
3683.0,108205.0,66.20577164366374,67370.0,206391.0,271398.0,1626.0,2594.0,2923.0,21.567857142678573,12.123076923076924,8.266666666666666,382805,694,40.2,29828.0,852265.0,36780.0,52435,866438,34873,120535,272,30457,4446,19939,708351,474133,444740,35450,22567,26060,22060,35466,30362,30943,38173,50577,101252,472072,50827,50550,184402,115475,32614,150344,918873
0.0,0.0,58.75,1374.0,5490.0,7837.0,26.0,57.0,84.0,22.28571428589286,11.86153846153846,8.914814814814815,14330,3,48.3,740.0,35782.0,759.0,1158,36123,102,1195,19,711,81,514,34659,17847,19434,1614,792,714,819,1520,1449,1561,1772,2150,3791,17801,1159,2255,5776,6385,1837,5993,37281
330.0,2830.0,77.0,2199.0,9192.0,12249.0,12.0,44.0,58.0,22.42857142892857,15.653846153846152,8.933333333333334,16729,24,40.5,720.0,48854.0,815.0,1815,48574,552,2842,74,1185,3130,1154,41452,22718,27671,1534,892,797,719,1584,1916,1676,1839,2445,5478,21200,2288,3405,5372,9913,3105,8561,50389
142.0,2126.0,76.50877192982456,3472.0,12334.0,16760.0,85.0,166.0,186.0,22.07142857107143,14.169230769230769,8.833333333333334,22264,2,44.2,195.0,52475.0,782.0,1795,51657,399,993,29,1757,202,376,49696,26790,26662,1861,1231,861,674,2298,2481,1759,2221,2878,6142,25940,3159,3864,5131,9727,3090,10219,53452
126.0,4125.0,72.41176470588235,4508.0,13553.0,16750.0,120.0,184.0,208.0,21.932142857214284,9.638461538461538,8.033333333333333,25884,29,43.0,687.0,56145.0,722.0,1959,55595,462,1307,0,1885,409,841,52650,28744,28810,2325,1354,1478,727,2401,2105,2001,2651,3675,5457,30364,2199,3476,7451,10378,2024,10711,57554
0.0,0.0,56.266666666666666,2722.0,8473.0,11130.0,72.0,123.0,155.0,22.28928571392857,12.6,8.65925925925926,17706,108,46.7,780.0,44570.0,1985.0,2922,44413,493,2728,9,1292,345,597,41871,22656,24679,1363,1114,1088,831,1558,1286,1345,1832,2307,4957,21699,1518,3932,6259,8738,3399,6614,47335
0.0,0.0,57.5,286.0,842.0,1105.0,2.0,5.0,5.0,22.50714285714286,26.564705882352943,12.135714285714286,1628,3,55.5,18.0,4377.0,59.0,77,4377,2,24,0,175,16,8,4229,2188,2266,153,57,83,29,159,117,153,133,255,277,2091,44,227,398,632,445,637,4454
0.0,0.0,77.25,4621.0,13584.0,17618.0,107.0,189.0,214.0,21.721428571392856,12.546153846153846,8.362962962962964,24853,48,44.3,531.0,60224.0,983.0,1411,60327,309,866,54,1546,76,369,58518,31182,30556,2301,1362,1363,618,2509,2311,1660,2517,4120,6332,30912,3096,3312,7051,11030,2455,10468,61738
209.0,8039.0,67.67021276595744,4953.0,19710.0,27488.0,63.0,131.0,161.0,21.93571428560714,12.36153846153846,9.107407407407406,44316,82,32.8,1978.0,106662.0,2814.0,8598,102856,1883,6607,272,5359,493,1546,95294,53059,58395,3642,2120,1963,1171,4231,4345,3762,4427,6500,10885,55472,7225,4838,12620,18607,4267,20233,111454
5511.0,178173.0,8.72060993605509,216835.0,682581.0,912780.0,9144.0,12721.0,14197.0,21.564285713928573,16.6,9.733333333333334,264021,2124,35.4,352802.0,1659365.0,564604.0,486272,2090499,306741,806746,1434,121332,8688,228625,1103205,1355733,1221038,81706,58226,78002,103390,72172,65990,58881,77531,109989,266427,1302701,215433,142803,599744,339245,197864,282912,2576771
0.0,0.0,76.27272727272727,2114.0,6106.0,7413.0,30.0,47.0,59.0,22.2857142855,13.26923076923077,9.25925925925926,10407,42,42.2,223.0,26118.0,115.0,457,25999,74,239,0,346,49,203,25545,13213,13243,911,487,569,252,1128,894,1016,1151,1472,2518,12593,1165,1717,2487,5912,901,4116,26456
67.0,2009.0,70.84782608695652,3625.0,11503.0,14524.0,56.0,113.0,141.0,21.575000000142857,9.307692307692308,8.18888888888889,25211,68,41.5,1264.0,61108.0,846.0,2401,60817,709,1822,53,1566,168,773,58127,31431,31787,2593,1256,1284,885,2348,2379,2197,2933,3355,5266,30568,2395,2739,8880,9683,2218,10494,63218
261.0,2667.0,68.44444444444444,3908.0,12771.0,16987.0,85.0,125.0,146.0,21.714285714107145,9.315384615384614,8.45185185185185,28837,0,42.3,896.0,69105.0,989.0,1636,69354,665,1152,60,1911,404,437,66361,35981,35009,2791,1579,1414,1234,2257,2247,2248,2762,3452,5975,35048,3068,3355,9594,11473,2445,11523,70990
2723.0,96402.0,67.8721541155867,53675.0,149709.0,193819.0,1000.0,1543.0,1855.0,21.574999999821426,11.73076923076923,8.114814814814816,308879,524,39.0,25107.0,680235.0,37742.0,67590,675494,27404,112007,499,30381,2246,15630,554917,384667,358417,30645,18776,20595,19109,26250,23391,22200,30384,38343,75517,387520,45099,33083,158442,81137,31170,115323,743084
290.0,3224.0,80.44186046511628,3284.0,11712.0,15177.0,107.0,199.0,238.0,22.071428571428573,16.13076923076923,8.87037037037037,18968,6,40.9,613.0,47650.0,1031.0,7225,42069,327,1401,12,1890,79,2960,42625,25053,24241,1841,1022,921,532,2262,1764,1680,1810,2035,5754,23693,3643,3361,5311,8003,2895,8797,49294
4338.0,167357.0,12.440888888888889,154288.0,399334.0,551030.0,2971.0,3813.0,4338.0,21.575000000214285,4.853846153846154,4.3769230769230765,493199,1196,41.9,99301.0,1052065.0,204317.0,230740,1124943,139462,157724,345,59531,3473,96226,898922,695183,660500,45177,40156,63608,112767,19029,20478,19621,29486,48854,50791,714915,20949,32409,354320,132006,51174,166037,1355683
10501.0,415650.0,6.084622383985441,110607.0,404646.0,588452.0,3917.0,5403.0,6167.0,21.575,15.215384615384616,5.461538461538462,67507,1176,37.7,221403.0,1168343.0,239407.0,418442,1210711,198678,233476,772,100078,6867,190559,898723,857536,771617,60478,47216,68384,177531,40839,35837,34367,49132,70937,173999,948637,59052,77027,649099,110270,89903,130281,1629153
308.0,8248.0,73.74853801169591,15637.0,47372.0,60083.0,319.0,564.0,637.0,21.5714285715,12.1,8.851851851851851,88775,195,43.4,3110.0,201927.0,5108.0,6755,203390,1946,14363,97,7713,1958,2269,181799,107758,102387,8735,5230,5597,3272,8105,9018,6594,8727,11754,22990,105480,9594,13086,30339,32402,7895,40120,210145
660.0,21550.0,72.71348314606742,20031.0,52383.0,69655.0,481.0,780.0,883.0,21.72142857142857,13.515384615384615,7.944444444444445,89204,206,40.8,7781.0,210533.0,10760.0,13883,215191,9521,13922,15,7929,506,3721,193460,114855,114219,9033,4948,5147,3732,8026,7360,7793,9792,12052,22792,108007,14772,11852,32196,33538,12258,37786,229074
1991.0,73266.0,65.99472295514512,32941.0,108097.0,143761.0,640.0,1036.0,1207.0,21.71428571364285,12.753846153846156,8.014814814814814,186268,296,39.2,16180.0,425383.0,20028.0,23602,437989,17481,51391,149,21436,2154,5311,363669,238922,222669,17691,12596,13089,10906,16122,14555,14285,18691,24403,45011,234118,28624,23225,90193,55356,19206,72702,461591
956.0,9342.0,60.212765957446805,5950.0,19567.0,26444.0,90.0,172.0,224.0,21.56785714242857,6.838461538461539,4.65,48094,139,43.8,1914.0,105760.0,2100.0,5390,104384,1456,2643,27,2773,301,1610,100964,55977,53797,4267,3248,3082,2793,3882,4226,4009,4477,6660,9067,56895,3473,5021,21163,13494,3407,17762,109774
804.0,33062.0,38.26223776223776,38660.0,105662.0,140700.0,653.0,943.0,1059.0,21.64285714321429,11.515384615384615,4.746153846153846,145329,425,37.1,18618.0,337989.0,25470.0,80256,301821,10930,41795,318,21178,1442,29293,277121,190721,191356,14707,10145,13707,13897,8919,8450,7388,11711,17191,24313,188580,19808,16646,61713,52207,16630,60621,382077
0.0,0.0,81.54838709677419,2486.0,8540.0,10659.0,82.0,112.0,131.0,21.575,13.992307692307692,8.585185185185185,15311,12,43.4,596.0,39435.0,593.0,2081,38543,267,2395,0,1158,131,760,35913,20424,20200,1348,727,953,415,1781,1693,1532,1726,2210,4249,18550,2207,2584,3599,8724,2799,7264,40624
164.0,3228.0,77.6989247311828,6181.0,25187.0,34963.0,89.0,182.0,238.0,21.714285714285715,14.507692307692308,9.27037037037037,47644,48,40.6,930.0,115451.0,1249.0,3118,114512,844,1544,30,2882,137,591,111602,58718,58912,4519,2748,2444,1678,4379,4183,3819,4927,6624,11276,58592,7976,4789,12436,22462,6158,19730,117630
364.0,9609.0,66.6140350877193,2544.0,9693.0,13430.0,44.0,88.0,109.0,22.35714285725,13.538461538461538,8.24074074074074,23027,97,42.0,789.0,57385.0,1419.0,2270,57323,760,1261,70,1706,69,404,55323,30774,28819,2057,1412,1123,788,2036,2405,2299,2406,3213,6029,29604,1687,3492,9138,8088,1849,8387,59593
101.0,2797.0,22.10958904109589,8661.0,23360.0,31786.0,87.0,121.0,149.0,21.574999999892857,4.9,4.226923076923077,41009,78,44.2,5132.0,84951.0,8631.0,15388,83326,2063,3349,23,3037,251,6043,83948,49512,49202,4347,3801,4874,5671,1667,1773,1962,2581,4535,3704,53733,1212,1846,23427,13401,3165,13639,98714
4238.0,174936.0,14.015402843601896,217324.0,635775.0,865500.0,8978.0,11755.0,13397.0,21.571428571428573,11.176923076923078,9.12962962962963,419816,6209,39.3,441899.0,1205078.0,623999.0,631657,1639319,588875,409975,1150,134162,10641,311820,814353,1168791,1102185,78931,58261,68673,67800,58094,57531,53294,74120,104471,162187,1192024,102431,95668,462181,330797,185375,302379,2270976
292.0,9986.0,55.89256198347108,9310.0,30989.0,42147.0,132.0,245.0,316.0,21.71785714267857,11.046153846153846,8.22962962962963,68411,30,39.9,4312.0,150664.0,4037.0,8182,150831,4356,9976,14,7235,200,2131,135101,80526,78487,7624,4902,5560,3777,4829,5280,4475,6738,9316,12954,85648,5926,6560,31043,20918,5818,27173,159013
882.0,42052.0,14.449685534591197,59193.0,162403.0,211491.0,1620.0,2289.0,2707.0,21.575000000357143,10.484615384615385,5.923076923076923,135565,478,40.2,36869.0,361780.0,76947.0,87733,387863,47605,48623,141,19223,1149,18419,340436,244961,230635,18160,14269,19557,20776,10096,9717,10777,13023,19762,31023,228993,19052,21272,97234,68169,24817,64616,475596
692.0,23963.0,18.5,40203.0,91394.0,119208.0,695.0,890.0,978.0,21.575,15.330769230769231,4.446153846153846,113814,814,35.9,28026.0,256284.0,40903.0,58036,267177,19474,39485,22,12256,602,25901,227473,165621,159592,9676,8014,11947,18665,6595,5458,5755,7120,11460,16477,154956,25575,13357,64304,31749,17100,39271,325213
185.0,7382.0,83.01010101010101,5748.0,20682.0,26598.0,91.0,180.0,223.0,22.21428571392857,13.853846153846153,9.192592592592591,37688,181,39.0,1897.0,104333.0,2122.0,2554,105798,1116,2814,54,2376,732,952,100308,53158,55194,3832,2186,1610,1334,3916,3396,3424,4196,5311,12720,47639,5212,6338,13457,17756,5613,16019,108352
171.0,10864.0,37.61077844311377,12338.0,45369.0,62023.0,149.0,321.0,417.0,21.71785714303571,6.269230769230769,4.161538461538462,106073,156,42.9,5795.0,216032.0,7486.0,7608,221705,6640,3906,18,5913,479,1099,211258,116036,113277,11372,8952,10222,9839,5836,6722,6442,8890,13605,14018,126537,4910,7407,55302,27020,6552,34397,229313
511.0,15608.0,61.74820143884892,11093.0,32454.0,44077.0,182.0,296.0,379.0,21.71428571410714,11.96923076923077,8.15925925925926,61689,88,39.9,5184.0,139653.0,10249.0,11351,143735,7173,15827,50,9304,408,5333,116991,79642,75444,6127,3836,4308,3224,4697,4585,4304,5787,8098,12513,78598,6964,5992,26685,21318,6972,25873,155086
0.0,0.0,68.75,1263.0,4921.0,6647.0,13.0,34.0,44.0,21.717857142535717,12.061538461538465,8.72962962962963,12359,54,45.8,287.0,30190.0,712.0,1055,30134,301,524,9,742,62,280,29271,15729,15460,1228,705,708,590,1415,1090,1073,1444,1599,2928,15386,1121,2109,3723,5230,1276,5355,31189
0.0,0.0,75.36842105263158,875.0,3395.0,4365.0,12.0,25.0,32.0,22.353571428464285,15.038461538461538,8.833333333333334,7277,13,46.8,112.0,17518.0,215.0,331,17514,131,140,0,290,24,56,17204,8886,8959,693,373,288,204,683,708,545,651,1163,2094,8770,843,1181,2203,3185,741,3301,17845
0.0,0.0,76.96666666666667,1670.0,5785.0,7760.0,54.0,89.0,95.0,22.071428571428573,13.846153846153848,8.05925925925926,13352,48,41.9,347.0,33468.0,480.0,1244,33051,265,1770,7,833,125,291,31004,16364,17931,1194,542,537,520,1592,1114,1324,1461,1983,3517,16091,1165,1957,3709,6159,2850,5389,34295
200.0,5093.0,79.57446808510639,5621.0,19615.0,25566.0,139.0,241.0,278.0,21.996428571321427,12.607692307692307,8.68148148148148,38175,107,42.9,1754.0,92501.0,1588.0,1614,94229,1493,1597,0,1886,132,631,90104,48035,47808,3482,2118,2132,1302,3895,3845,3228,4308,5242,10547,46409,4691,5994,13014,16551,3898,15883,95843
3375.0,148894.0,18.684563758389263,168199.0,423513.0,569864.0,3136.0,4351.0,4965.0,21.57142857160714,5.015384615384615,4.657692307692308,633541,1777,41.7,92141.0,1254004.0,135219.0,290261,1191103,60873,113699,526,61949,4172,78284,1161861,752522,728842,55430,48500,67701,89410,24249,26211,25660,36272,60483,61751,789438,36440,42372,308110,187688,70716,216688,1481364
151.0,3429.0,62.87356321839081,4929.0,18232.0,24846.0,60.0,128.0,154.0,22.075,17.76923076923077,8.196296296296296,28103,21,42.8,3498.0,68159.0,3672.0,12321,63008,1292,6159,6,4156,158,4572,58986,36734,38595,2561,1691,2065,1565,2526,2673,1804,2982,3637,7258,35687,4183,4304,10334,12614,5018,11094,75329
0.0,0.0,73.5111111111111,2882.0,10542.0,14195.0,56.0,82.0,95.0,21.7107142855,10.907692307692308,8.107407407407406,20289,31,44.8,280.0,47528.0,623.0,993,47438,417,423,7,841,88,269,46386,24387,24044,1922,1120,1422,684,2130,1647,1615,2489,3083,4531,23928,2286,2523,6832,8672,1772,7677,48431
124.0,6050.0,47.75862068965517,3552.0,17664.0,26885.0,43.0,82.0,102.0,21.78928571410714,10.6,7.188888888888889,33423,134,31.3,7447.0,89302.0,5488.0,5343,96894,9653,4185,40,5013,123,1855,81368,51704,50533,3200,2345,2739,3202,3203,3542,2955,4547,4810,10274,53301,3248,2667,24964,7523,2298,10576,102237
149.0,5401.0,46.08724832214765,10474.0,30987.0,43579.0,233.0,360.0,420.0,21.78571428575,9.815384615384614,4.896153846153846,69205,140,44.1,5483.0,164663.0,8225.0,18800,159571,3292,10859,11,12084,345,5717,146063,89871,88500,6571,5043,5420,5152,5234,4897,5410,6576,8973,16812,90821,6340,6398,31319,26444,7922,29532,178371
391.0,10522.0,50.77966101694916,2939.0,13355.0,19100.0,55.0,123.0,157.0,21.782142857071427,10.13846153846154,8.674074074074074,28369,150,46.9,887.0,61817.0,1483.0,1720,62467,553,695,30,1272,100,242,61295,32588,31599,3241,2268,1767,1722,2780,2500,2244,3060,3615,5837,33734,2099,3787,10668,9921,2473,10660,64187
0.0,0.0,64.6078431372549,2426.0,11905.0,16032.0,54.0,113.0,137.0,21.77857142857143,11.846153846153848,7.862962962962963,24606,45,44.2,634.0,59861.0,809.0,1738,59566,356,1829,23,1624,184,515,56773,29647,31657,2433,1318,1279,648,1948,2161,2204,2869,3423,5771,29856,2747,3881,6746,12459,3687,9991,61304
297.0,4613.0,73.03174603174604,4565.0,16955.0,22117.0,65.0,168.0,203.0,21.56785714296428,8.892307692307693,8.299999999999999,39777,0,43.9,671.0,87586.0,1846.0,4087,86016,766,2224,4,3297,114,1099,82599,45449,44654,3998,2433,1858,1355,3107,3277,3340,4235,5448,8230,46110,3469,4740,11160,15074,4186,16573,90103
3130.0,109290.0,16.88061797752809,111339.0,247541.0,336756.0,2134.0,2692.0,3002.0,21.57142857107143,7.715384615384616,4.523076923076923,297952,923,41.1,104448.0,722736.0,141554.0,241442,727296,59474,143210,297,50491,3482,113397,598387,499651,469087,32688,26242,34933,82208,20403,18094,18643,25149,37358,57767,510331,29606,30362,264618,85665,51009,103567,968738
197.0,1419.0,75.72972972972973,2911.0,8235.0,10026.0,49.0,82.0,96.0,22.135714285714283,9.06153846153846,8.892592592592592,16173,17,42.9,545.0,39211.0,271.0,1341,38686,182,1884,0,738,106,638,36479,18572,21455,1523,797,700,458,1216,1703,1717,1860,2514,3567,19730,1053,2515,4158,8485,1974,7545,40027
0.0,0.0,68.54166666666667,1028.0,3325.0,4473.0,26.0,39.0,43.0,21.857142856785718,12.138461538461538,7.5888888888888895,8452,84,40.7,171.0,24551.0,259.0,555,24426,164,243,7,346,26,207,23988,13052,11929,754,457,365,332,1067,723,741,880,1323,2259,11483,849,2139,2610,3828,1733,3305,24981
220.0,10095.0,68.37614678899082,16040.0,46405.0,61903.0,231.0,447.0,572.0,21.785714285,11.546153846153846,9.148148148148149,71786,504,39.1,8858.0,152835.0,4451.0,21153,144991,2679,32917,54,5273,688,10104,114429,87290,78854,5685,3723,2814,1965,6260,6860,5221,6122,8187,18618,82228,13269,10591,22314,21832,10231,29449,166144
0.0,0.0,74.0,3969.0,10372.0,12774.0,76.0,133.0,159.0,21.7071428575,11.715384615384616,8.881481481481481,15204,0,43.9,787.0,36020.0,464.0,1779,35492,394,1924,0,755,350,1178,32670,18222,19049,1044,591,558,595,1359,1542,1014,1660,1730,3956,17853,2006,2667,2830,7664,2523,6337,37271
0.0,0.0,73.0,932.0,2930.0,3767.0,5.0,12.0,21.0,22.792857143214288,20.115384615384617,9.666666666666666,4111,0,50.6,299.0,10569.0,217.0,1080,10005,47,183,1,243,54,31,10526,5708,5377,242,159,40,185,677,510,323,453,508,1904,4749,768,1044,976,1598,1115,1780,11085
15.0,609.0,85.47368421052632,2350.0,6509.0,8468.0,53.0,96.0,113.0,21.857142856964288,20.053846153846152,9.8,9743,38,41.5,393.0,23757.0,280.0,1002,23428,315,11990,14,379,108,84,11540,12036,12394,517,426,234,106,953,821,1047,774,957,3968,11211,2337,1881,1440,5267,2112,4266,24430
0.0,0.0,70.73076923076923,1900.0,6354.0,7621.0,40.0,73.0,95.0,22.71428571392857,15.992307692307692,9.14074074074074,11124,105,48.6,548.0,26113.0,348.0,1349,25660,162,199,15,516,77,149,25891,13721,13288,717,595,196,119,1226,1548,1003,987,1306,4188,12973,1281,2478,2611,4132,1580,5411,27009
0.0,0.0,74.64285714285714,1870.0,4414.0,5553.0,20.0,42.0,48.0,22.5,16.96153846153846,8.75925925925926,5586,24,45.4,376.0,16972.0,162.0,877,16633,76,762,4,198,197,174,16099,7875,9635,395,226,195,275,892,765,392,709,543,2177,6989,418,1345,1987,2953,1234,3361,17510
83.0,3328.0,73.1,4309.0,12194.0,16121.0,83.0,159.0,187.0,22.214285714285715,20.661538461538463,9.703703703703704,18014,0,46.5,1144.0,45587.0,429.0,3767,43393,49,11607,0,1388,63,505,33548,24730,22430,1550,962,814,527,1907,1579,1712,1880,2383,6905,21146,3394,4742,4108,7119,2607,9320,47160
0.0,0.0,92.0,1673.0,4212.0,5475.0,41.0,66.0,78.0,22.817857142857143,21.66923076923077,9.744444444444444,6304,1,46.2,95.0,18929.0,57.0,405,18676,136,11803,1,318,76,106,6641,9509,9572,366,178,267,179,932,739,552,622,547,3626,7727,1693,2801,1474,3776,1645,3051,19081
0.0,0.0,88.1,2995.0,9280.0,12133.0,41.0,119.0,149.0,22.28571428535714,20.653846153846157,10.055555555555555,11338,240,44.8,966.0,31977.0,266.0,2514,30695,53,11520,0,198,876,1337,19225,17227,15982,879,196,291,379,1439,1356,845,1238,1259,5512,13268,2949,2801,2879,5199,2613,5924,33209
59.0,4070.0,49.231404958677686,8197.0,29514.0,41118.0,138.0,306.0,378.0,21.71071428542857,11.13846153846154,6.542307692307692,47512,85,54.7,2118.0,132606.0,2579.0,6690,130613,725,12919,3,4746,830,2921,115159,71401,65902,4989,3691,2837,2635,5120,5575,5409,6728,8692,13740,57548,5846,5491,17059,19445,6087,23195,137303
815.0,42734.0,44.73006134969325,15857.0,51522.0,71015.0,293.0,540.0,701.0,21.717857142321428,11.069230769230767,4.630769230769231,107252,177,42.3,8935.0,243892.0,6749.0,17396,242180,3268,15957,337,8048,836,3285,227845,135181,124395,8205,4909,5745,6168,11218,9495,8375,11029,12880,27153,132775,8991,15362,57945,30489,11536,39810,259576
156.0,6457.0,78.52542372881356,9336.0,24783.0,32001.0,145.0,302.0,366.0,21.71428571464286,12.984615384615385,9.377777777777778,36483,11,44.3,2398.0,85575.0,2175.0,5622,84526,3343,5521,112,1706,813,2890,75763,45213,44935,2718,920,870,870,4442,3638,2934,3549,4072,11651,42276,5725,7928,7609,14593,8043,17556,90148
457.0,27471.0,52.925,18857.0,55109.0,72323.0,238.0,463.0,567.0,21.56785714303572,8.223076923076924,5.461538461538462,91939,559,38.0,9575.0,193624.0,8406.0,22444,189161,8780,39530,153,6941,672,9185,146344,108469,103136,7663,4535,5863,5973,6024,5884,5886,7199,10718,13098,111024,11429,6417,41322,26144,9360,35816,211605
137.0,4466.0,79.98412698412699,8745.0,22020.0,30392.0,89.0,295.0,357.0,21.714285714285715,13.584615384615384,9.474074074074077,32694,10,45.1,1565.0,79718.0,773.0,4677,77379,428,3509,81,2305,194,3039,72500,41562,40494,2747,1229,813,542,3577,3325,2649,2941,4252,10723,38837,4213,5664,7040,13857,7177,14537,82056
0.0,0.0,51.2,600.0,1723.0,2207.0,5.0,9.0,10.0,22.21428571392857,7.8538461538461535,8.566666666666666,4135,0,41.8,86.0,10425.0,143.0,325,10329,195,1181,57,436,24,40,8721,5285,5369,406,199,230,82,562,357,111,492,706,767,5011,236,304,1267,1823,606,2089,10654
99.0,5806.0,50.03389830508475,4507.0,13986.0,18539.0,44.0,85.0,164.0,22.067857143464288,12.092307692307692,5.507692307692308,27980,62,49.2,887.0,67434.0,980.0,3011,66290,786,3418,45,2520,212,605,61715,35373,33928,2352,1793,1515,1465,2898,2646,2233,3087,4353,7718,33128,2506,2944,9758,8824,2613,14186,69301
0.0,0.0,81.55555555555556,2003.0,5209.0,6639.0,24.0,44.0,61.0,22.499999999821423,19.54615384615385,10.062962962962963,8852,43,46.2,205.0,22097.0,317.0,958,21661,204,7391,22,284,56,421,14241,11203,11416,518,454,220,180,877,827,913,935,1119,2950,10005,1531,2441,2016,3794,1686,4140,22619
613.0,17855.0,65.93877551020408,17699.0,47363.0,60653.0,286.0,555.0,678.0,21.714285714285715,11.738461538461538,9.685185185185183,67222,26,41.6,6257.0,148047.0,4203.0,15636,142871,7064,13148,0,4827,632,8451,124385,80994,77513,5472,2702,2404,2677,6523,5968,5611,6789,8368,16426,79749,8757,9151,19847,23872,9555,28670,158507
0.0,0.0,42.89473684210526,4208.0,12562.0,18211.0,79.0,108.0,131.0,21.71428571392857,11.16153846153846,4.607692307692307,27117,50,47.3,4230.0,66072.0,2551.0,8794,64059,1182,8598,0,2650,130,2663,57630,38162,34691,2695,1893,2445,3727,2042,2307,2110,2621,3393,6671,34739,2202,3834,15938,6333,4079,9713,72853
0.0,0.0,71.03703703703704,2139.0,7079.0,8781.0,19.0,115.0,137.0,22.932142856785717,18.62307692307693,10.066666666666666,9356,0,52.1,372.0,27661.0,380.0,980,27433,219,365,16,574,489,317,26433,14500,13913,847,453,169,188,1740,1268,1091,1055,1348,4387,11645,1762,2568,2931,4276,1347,4989,28413
0.0,0.0,73.16666666666667,1386.0,4109.0,5296.0,22.0,54.0,66.0,22.357142857142858,18.984615384615385,9.192592592592591,4937,3,46.2,180.0,13637.0,178.0,502,13493,68,4790,0,286,65,323,8463,7364,6631,585,125,131,163,496,885,462,599,791,2152,6032,1416,1474,1539,2387,948,2283,13995
0.0,0.0,58.5,663.0,2617.0,3486.0,18.0,39.0,51.0,22.928571428571427,17.792307692307695,9.318518518518518,3902,0,53.6,230.0,10722.0,198.0,385,10765,20,215,44,44,58,15,10754,5992,5158,570,93,96,211,654,601,415,319,625,1716,4613,373,1207,1068,1507,696,1948,11150
370.0,15370.0,78.30263157894737,10496.0,29486.0,36816.0,218.0,362.0,453.0,21.928571428214287,17.276923076923076,9.933333333333334,37733,11,41.9,1266.0,95422.0,1077.0,3618,94147,985,20260,125,1693,240,2032,72430,50615,47150,2503,1127,1036,871,3733,3538,2867,3485,4142,12787,44778,8110,8564,9894,16505,6245,16644,97765
154.0,3315.0,85.65217391304348,5954.0,15852.0,19242.0,147.0,265.0,294.0,22.289285715,22.86923076923077,9.77037037037037,18976,22,41.9,1105.0,54159.0,395.0,3061,52598,246,16519,10,1076,1964,1074,34770,28079,27580,1436,644,536,426,2239,1595,1752,2376,1685,8856,21513,5136,5574,3605,10363,4092,10110,55659
332.0,12103.0,67.45714285714286,8480.0,23885.0,32145.0,116.0,191.0,263.0,22.067857142857143,12.392307692307693,8.974074074074075,41890,104,37.6,2540.0,97467.0,2283.0,7644,94646,2982,21899,144,2947,673,2367,71278,50877,51413,3479,1822,1775,1580,4548,3554,3726,3776,5635,11107,48896,5890,6998,11578,12492,5001,18954,102290
685.0,30881.0,74.58333333333333,24693.0,82270.0,116118.0,282.0,557.0,740.0,21.714285714142857,14.069230769230767,9.32222222222222,135593,287,31.4,9242.0,313037.0,12283.0,40081,294481,8452,124500,1210,23684,4299,10128,162289,168460,166102,9098,4896,4468,3262,14009,12769,11298,13332,15282,39118,167584,28728,14755,44621,41752,11748,69640,334562
0.0,0.0,41.3125,1407.0,4851.0,6320.0,15.0,32.0,40.0,21.567857143535715,7.9923076923076914,4.492307692307692,12551,0,43.0,299.0,26577.0,334.0,1138,26072,111,1496,18,907,93,324,24261,13695,13515,1440,630,837,601,750,694,1081,1121,1854,1860,14102,754,1089,3866,4496,1230,5407,27210
0.0,0.0,35.73076923076923,1881.0,7328.0,10060.0,8.0,23.0,33.0,22.14285714314286,9.776923076923076,6.615384615384615,16018,149,47.5,1131.0,34996.0,571.0,2720,33978,200,1223,14,1057,54,705,33445,18321,18377,1570,1137,807,923,1512,1388,1630,1794,2211,2858,19727,1331,909,7070,4324,1053,7233,36698
176.0,6760.0,70.59130434782608,14829.0,42792.0,56254.0,172.0,390.0,500.0,21.900000000357142,12.86153846153846,9.085185185185184,68587,175,42.5,5596.0,158388.0,2853.0,12265,154572,2572,15760,13,4873,422,2228,140969,85392,81445,4976,2775,2884,1825,7571,6251,5516,7398,8705,19654,79818,11414,10298,17358,26615,11696,31568,166837
50.0,1848.0,62.7037037037037,3610.0,11066.0,14938.0,34.0,90.0,124.0,21.714285714035714,9.246153846153849,5.530769230769232,18212,58,45.8,1389.0,40343.0,811.0,2940,39603,295,2035,0,1757,273,487,37696,21915,20628,1964,793,901,749,1497,1612,1324,1884,2181,3398,20997,2314,1765,5142,6424,2042,8050,42543
49.0,2491.0,86.70175438596492,5790.0,16742.0,20962.0,128.0,232.0,263.0,22.282142856785715,19.26923076923077,8.462962962962964,23171,176,40.7,5780.0,51698.0,1487.0,13225,45740,187,13655,48,1936,222,2271,40646,30219,28746,1670,606,575,232,2799,2102,1993,2356,2081,7023,26939,5158,5795,4363,8550,6221,10039,58965
1439.0,55641.0,47.76419213973799,21906.0,69580.0,103313.0,210.0,298.0,395.0,21.71071428607143,12.384615384615383,4.776923076923077,135055,361,35.5,28913.0,273143.0,15609.0,43051,274614,15802,112965,168,15727,850,10565,161588,165858,151807,12281,7738,9301,9957,12419,11268,10254,12408,16334,28168,172721,16613,11106,90993,29839,18013,38903,317665
117.0,2568.0,89.04255319148936,4766.0,13392.0,17608.0,100.0,141.0,178.0,21.789285714285715,20.615384615384617,11.18888888888889,18842,43,41.7,888.0,50701.0,480.0,2512,49557,84,29920,27,849,176,516,20497,27901,24168,1413,872,400,212,2297,2336,1146,1900,2300,7924,23341,5982,6260,4214,9994,3646,8151,52069
1834.0,74598.0,64.68852459016394,32391.0,91610.0,125590.0,353.0,774.0,969.0,21.717857142857145,12.753846153846156,8.78888888888889,155856,315,38.4,19690.0,346266.0,12543.0,49324,329175,9070,98741,244,16568,1318,9760,242798,198966,179533,11390,7396,7535,7916,15038,13582,11684,14485,18516,41348,186050,22941,19865,69443,44783,20397,59536,378499
0.0,0.0,67.475,5589.0,20105.0,26480.0,45.0,65.0,96.0,21.64642857178572,11.03076923076923,5.611538461538462,28100,13,41.3,2562.0,64217.0,1248.0,5875,62152,311,16389,97,3065,644,2143,45378,34261,33766,2504,1414,1092,897,2775,1982,2152,2648,3857,6408,33413,4438,4253,8455,10137,4407,12984,68027
396.0,22154.0,66.97340425531915,24106.0,64818.0,81942.0,381.0,785.0,970.0,21.57857142892857,12.353846153846156,9.674074074074074,94965,116,40.0,6470.0,210357.0,5292.0,16172,205947,3764,36817,161,8182,665,4051,168479,114988,107131,7700,3679,4420,2932,8536,7434,6714,9022,10637,24212,111101,15042,12273,27768,35273,15118,40210,222119
0.0,0.0,72.2,685.0,1861.0,2457.0,12.0,19.0,22.0,21.932142856785717,13.330769230769231,8.14074074074074,4692,0,47.2,74.0,11405.0,40.0,11,11508,178,3638,0,347,93,3,7260,5948,5571,383,188,169,88,471,711,362,540,490,1288,5408,634,1027,787,2486,397,2357,11519
0.0,0.0,80.88888888888889,568.0,2265.0,2968.0,12.0,30.0,31.0,24.720689654827584,19.684615384615384,12.11111111111111,3138,0,46.4,190.0,8309.0,2.0,318,8183,0,16,1,67,764,210,7443,4498,4003,247,120,67,72,483,412,359,286,284,1191,3559,442,865,533,1366,626,1640,8501
122.0,1558.0,64.43243243243244,5341.0,14118.0,19634.0,76.0,111.0,129.0,22.110714285357144,12.238461538461538,5.661538461538461,24373,69,43.1,1439.0,57150.0,1234.0,4941,54882,324,17635,236,2847,214,2462,36105,29358,30465,2154,1210,1154,889,2097,1990,1884,2061,2884,5244,28591,3127,3231,8142,9335,3983,10803,59823
0.0,0.0,89.07692307692308,2150.0,5756.0,7207.0,42.0,56.0,78.0,22.15,21.17692307692308,8.537037037037036,7930,51,40.5,1360.0,19384.0,243.0,3213,17774,10,7087,8,1268,103,550,11961,9458,11529,403,274,90,72,765,693,577,807,938,2599,8881,1968,1639,1212,3480,2721,4196,20987
1182.0,54197.0,64.71646341463415,40744.0,115316.0,160748.0,561.0,1120.0,1459.0,21.710714285964286,11.415384615384616,9.296296296296296,224134,597,37.4,31076.0,475804.0,26076.0,43379,489577,27443,182467,211,18291,2559,13935,288050,280499,252457,18110,10274,10556,12068,21961,18923,15483,20179,25635,55045,273516,35875,26712,104774,59384,26548,84521,532956
114.0,3656.0,88.9,5049.0,13881.0,18892.0,101.0,177.0,206.0,22.07857142821429,23.515384615384612,10.433333333333334,16880,6,43.9,574.0,49706.0,398.0,1510,49168,367,26439,98,1597,1771,328,20078,26233,24445,1023,450,680,366,2330,1901,1751,1611,1807,9142,20060,5155,7037,3771,9626,4202,7918,50678
126.0,5593.0,66.96923076923076,9933.0,32257.0,42805.0,157.0,317.0,377.0,21.99285714285714,12.376923076923076,9.807407407407409,53465,182,34.7,4563.0,126635.0,3130.0,17509,116819,1810,28169,364,5979,1316,6920,89770,67757,66571,4272,2108,1661,1391,4524,3991,3888,5341,6778,12571,61970,8871,6631,17049,19596,6908,27140,134328
154.0,3583.0,59.86792452830189,3916.0,12836.0,17219.0,88.0,194.0,262.0,21.710714285714285,12.684615384615386,8.248148148148148,24717,11,47.7,771.0,60393.0,698.0,2557,59305,468,541,0,1505,326,540,58482,31753,30109,2347,903,909,1053,2995,1887,2306,2766,3587,8138,29244,3339,5989,8468,8173,3329,11334,61862
258.0,11319.0,49.333333333333336,9077.0,24653.0,33308.0,151.0,287.0,374.0,21.72142857135714,11.784615384615384,8.166666666666666,48254,197,47.6,4279.0,108412.0,3607.0,11835,104463,1618,4168,0,2846,323,2004,105339,60551,55747,4794,2424,2181,2179,4859,4584,3979,5681,7265,11769,56316,4356,6422,16210,14719,4966,20827,116298
98.0,2768.0,88.66666666666667,1969.0,4688.0,6384.0,62.0,81.0,101.0,22.42142857142857,23.569230769230767,8.881481481481481,8117,47,42.8,568.0,22847.0,337.0,885,22867,206,14295,6,470,312,208,8255,11998,11754,554,227,87,139,860,1328,754,781,1001,3172,9828,2393,2363,1878,4144,1513,4256,23752
41.0,1733.0,74.28125,4204.0,14507.0,19537.0,54.0,103.0,140.0,21.725,14.069230769230767,9.592592592592592,20482,100,33.0,2129.0,51208.0,1253.0,7592,46998,780,18320,97,3611,4197,3525,24060,27611,26979,1419,804,1007,475,1991,1579,1592,2013,2132,5436,24368,4267,2624,5647,8258,3483,12395,54590
0.0,0.0,73.6,629.0,1304.0,1706.0,8.0,13.0,15.0,22.78571428642857,21.29230769230769,10.57777777777778,1543,0,40.9,213.0,4802.0,74.0,677,4412,0,1501,0,248,6,103,3231,2383,2706,51,40,0,0,185,151,206,293,371,759,1960,280,595,332,976,595,938,5089
470.0,11888.0,55.80165289256198,16746.0,47976.0,61898.0,196.0,439.0,551.0,21.75,8.538461538461538,5.8538461538461535,76613,127,40.8,7494.0,167253.0,4106.0,13958,164895,4365,21605,135,5267,550,3784,143147,90674,88179,5853,3921,4349,5094,6480,6047,5935,7462,8894,14339,91996,7033,7081,30025,24170,8332,32606,178853
82.0,2469.0,55.52,3386.0,9234.0,12191.0,55.0,86.0,109.0,22.25,16.16923076923077,8.544444444444444,16245,6,38.5,1150.0,42036.0,249.0,2663,40772,318,899,0,1722,3245,1212,36039,22340,21095,1173,516,322,622,2205,1793,1290,2057,1922,5108,20351,1688,3484,5295,5372,2336,6403,43435
199.0,11473.0,60.84177215189873,18394.0,58517.0,75853.0,199.0,427.0,501.0,21.64642857142857,9.830769230769231,5.061538461538461,87836,149,38.4,10758.0,188271.0,4279.0,27928,175380,1334,32889,70,7828,971,7927,152289,103486,99822,8876,4791,3238,3357,5796,6221,5887,7318,9372,16476,102403,12054,11527,27605,27942,11235,41714,203308
0.0,0.0,88.85714285714286,744.0,2198.0,2916.0,16.0,38.0,49.0,22.067857143214287,18.6,8.411111111111111,3481,2,48.1,127.0,9229.0,97.0,480,8973,35,2790,0,317,89,143,6079,4782,4671,260,122,81,32,344,229,308,377,533,1783,4055,875,1298,677,1688,822,1768,9453
127.0,3003.0,72.625,5516.0,15830.0,20141.0,73.0,138.0,177.0,22.071428571428573,14.007692307692308,10.04074074074074,25796,16,39.4,3720.0,55416.0,1947.0,11761,49322,896,11994,0,2223,421,1233,44316,31572,29511,1624,947,1052,725,1863,2373,2351,2402,2624,6329,29311,4426,3485,6478,7939,4495,12453,61083
199.0,4548.0,88.40816326530613,5529.0,15607.0,20330.0,108.0,204.0,248.0,22.071428571785717,19.800000000000004,8.940740740740742,21952,190,42.3,1352.0,54079.0,919.0,4434,51916,195,21871,50,2598,113,1648,29875,29170,27180,1158,1025,591,475,3109,2150,1765,2304,2251,8666,25984,6266,4568,4212,8765,4973,10231,56350
101.0,5212.0,59.84313725490196,8959.0,24126.0,30371.0,75.0,158.0,205.0,21.74642857142857,8.146153846153847,5.973076923076923,36490,40,43.6,2367.0,80180.0,2033.0,6083,78497,702,4190,54,2817,151,1619,75047,42747,41833,2721,1628,2098,2424,2888,2975,2656,3551,4312,8368,42793,3879,4286,11271,13633,4521,16472,84580
30.0,1994.0,75.27272727272727,4911.0,13461.0,17360.0,62.0,164.0,196.0,22.249999999642856,14.807692307692308,9.61111111111111,17761,26,44.2,1470.0,43475.0,457.0,2798,42604,465,1672,0,1041,77,929,41218,22461,22941,1181,544,701,330,2516,1951,1861,1670,2255,5266,20383,2708,3353,4128,7260,3698,8801,45402
0.0,0.0,62.785714285714285,2598.0,7467.0,9815.0,31.0,106.0,138.0,22.64642857142857,15.63076923076923,8.848148148148148,12605,3,50.4,1179.0,33401.0,592.0,2543,32629,329,522,0,459,224,892,32746,18249,16923,1327,447,343,610,1666,1293,1476,1907,1475,5518,14994,1214,3512,3671,5691,1596,5532,35172
0.0,0.0,61.11764705882353,1387.0,5036.0,6307.0,40.0,79.0,90.0,21.71071428535714,14.115384615384617,8.385185185185184,8221,0,44.6,243.0,21202.0,163.0,533,21075,107,320,0,520,72,93,20496,10989,10619,518,382,452,270,828,825,525,817,985,2771,9918,718,2024,3151,3604,1045,2986,21608
43.0,704.0,88.72727272727273,2097.0,6040.0,7620.0,37.0,89.0,100.0,22.285714285714285,20.46923076923077,9.429629629629629,8707,74,46.4,486.0,22021.0,137.0,942,21702,145,9523,0,705,67,72,12132,12105,10539,252,215,225,187,1134,910,833,1020,1158,3688,10569,1651,2415,1644,3968,1280,4326,22644
2840.0,134829.0,44.85644371941272,98496.0,275930.0,368329.0,887.0,1550.0,1892.0,21.571428571142857,9.053846153846154,5.396153846153847,469380,1571,35.2,108091.0,922077.0,65002.0,146710,948460,66376,346514,426,43607,3818,66116,568313,568717,526453,40712,26193,30947,44121,38291,34661,34295,40629,54393,77708,613815,50851,34306,295122,94038,55472,171339,1095170
0.0,0.0,65.9090909090909,1265.0,3263.0,4779.0,16.0,34.0,43.0,22.785714285714285,16.584615384615383,10.3,5883,111,47.2,461.0,14361.0,137.0,848,14111,28,21,0,409,77,102,14322,7506,7453,400,376,123,119,672,676,611,781,721,1923,6839,463,1378,1885,2164,658,2710,14959
0.0,0.0,77.61904761904762,3114.0,7239.0,9045.0,89.0,126.0,148.0,22.285714285714285,17.815384615384616,9.792592592592593,10257,45,43.9,1933.0,24740.0,550.0,4201,23022,419,4729,0,575,129,805,20566,13709,13514,449,315,191,279,1006,1242,1022,1234,1231,3296,11080,1906,2566,2045,4662,2503,4260,27223
449.0,20522.0,51.56944444444444,8128.0,24031.0,31722.0,182.0,315.0,381.0,22.06785714289285,9.6,5.75,38033,48,44.1,2569.0,94316.0,2378.0,6848,92415,1358,10994,236,3489,782,2209,80195,51477,47786,4000,2384,2088,3024,3667,3016,2940,4054,6186,9216,46237,3907,5380,18648,10022,3259,16096,99263
345.0,11701.0,74.49295774647888,9943.0,26849.0,32682.0,172.0,292.0,372.0,21.789285714285715,14.223076923076924,10.05185185185185,38203,41,41.7,2785.0,89962.0,1540.0,6692,87595,858,38174,27,2216,583,3973,48456,49169,45118,2485,1818,1586,1392,3986,3814,3200,4371,3815,10904,45401,6718,6999,10350,16747,5625,15420,94287
986.0,38615.0,46.49664429530201,16600.0,49438.0,64577.0,154.0,379.0,467.0,21.72500000035714,9.06153846153846,5.211538461538462,97218,297,39.0,5464.0,220230.0,5754.0,13197,218251,3145,30436,205,6418,544,4019,186681,121230,110218,8141,5186,5494,6968,8550,8852,7840,9522,11433,26012,121453,9519,8838,51724,21881,6903,37619,231448
0.0,0.0,84.28571428571429,1739.0,4304.0,5934.0,33.0,82.0,97.0,22.63928571407143,24.76923076923077,9.766666666666666,6507,0,49.9,189.0,19372.0,111.0,467,19205,63,10903,0,602,100,264,7740,10076,9596,536,199,68,218,1160,904,614,816,702,3207,7941,1223,3201,1620,3997,1248,3021,19672
162.0,6496.0,65.98019801980197,14912.0,51659.0,65255.0,137.0,367.0,431.0,21.78571428542857,12.238461538461538,8.703703703703704,86542,204,26.5,2484.0,190879.0,5014.0,25483,172894,3958,28312,370,15012,1082,2853,146790,88326,110051,5021,3017,2101,1257,8026,7126,6283,6990,9601,16709,109420,11093,5081,21753,24726,5376,36434,198377
932.0,32016.0,31.07627118644068,7847.0,25673.0,39406.0,96.0,123.0,158.0,21.721428570857142,8.046153846153846,4.073076923076924,50533,206,35.1,9572.0,127775.0,9007.0,12373,133981,11564,16364,1,5234,725,2358,110108,76685,69669,4562,3300,4345,8062,4134,3903,3965,4516,6273,10162,75710,3907,3345,44185,7978,4386,14133,146354
0.0,0.0,65.05882352941177,980.0,2586.0,3471.0,10.0,27.0,37.0,22.21428571392857,16.346153846153847,8.544444444444444,4044,0,54.0,215.0,12338.0,120.0,511,12162,73,2355,2,418,29,125,9671,6235,6438,434,269,201,175,424,475,416,527,647,1938,4757,608,1105,1014,1914,668,2598,12673
98.0,4562.0,67.83333333333333,3113.0,8330.0,10706.0,78.0,111.0,135.0,22.21428571464286,15.423076923076923,8.937037037037037,16000,32,39.6,495.0,38598.0,682.0,2302,37473,466,14334,0,1709,66,270,22930,20341,19434,1074,931,825,359,1313,1177,1206,1627,2047,4226,18879,2751,2223,4799,6512,1903,7270,39775
0.0,0.0,59.333333333333336,4824.0,15204.0,18749.0,60.0,118.0,154.0,21.72142857142857,9.938461538461535,5.915384615384616,24793,51,42.7,1421.0,59833.0,637.0,4521,57370,321,8791,74,1631,173,3006,47895,30885,31006,2005,1448,1142,1217,1926,1611,2136,2271,3332,5724,29914,4114,3462,9878,8681,3340,10646,61891
0.0,0.0,61.15384615384615,931.0,2737.0,3569.0,9.0,18.0,26.0,22.428571428571427,17.96153846153846,9.333333333333334,4980,18,50.2,97.0,13199.0,217.0,369,13144,63,3203,0,137,27,121,9962,6992,6521,572,282,143,157,435,685,544,432,929,1707,5649,758,1043,1193,2013,623,2595,13513
98.0,550.0,72.23076923076923,3071.0,9172.0,12184.0,64.0,104.0,120.0,21.714285714285715,15.453846153846154,9.72222222222222,16919,0,43.6,817.0,38311.0,433.0,1756,37805,150,10075,27,1627,243,914,26525,20515,19046,1555,749,735,522,1657,1227,1125,1861,2413,4309,20425,2507,2803,3336,6986,1896,8297,39561
1140.0,41818.0,72.14876033057851,17767.0,52196.0,67103.0,84.0,152.0,287.0,21.78214285714285,16.346153846153847,8.61111111111111,74929,23,32.7,5363.0,171369.0,3229.0,11526,168435,3227,62752,112,5284,635,6833,101118,95315,84646,5685,3163,2816,2580,8228,6421,5732,6832,8197,21029,92087,11192,8669,29185,19956,7622,29618,179961
0.0,0.0,50.16666666666666,1366.0,3822.0,5049.0,27.0,53.0,72.0,22.500000000035715,13.684615384615386,8.655555555555555,7862,0,53.7,481.0,19758.0,443.0,1230,19452,153,996,4,385,75,301,18768,10949,9733,692,420,408,371,1075,1081,811,1046,980,2368,9444,795,1457,2782,2685,777,3445,20682
145.0,6169.0,75.66666666666667,13615.0,35273.0,44680.0,206.0,397.0,513.0,21.71428571464286,13.007692307692308,9.02962962962963,60440,93,41.8,6348.0,135111.0,2001.0,16739,126721,1763,8855,95,4463,440,7214,120630,72630,70830,3925,2424,1994,1006,6439,6189,5587,5686,7097,16443,69171,10210,9637,11858,25257,11631,25544,143460
141.0,3427.0,88.26190476190476,4263.0,12522.0,16470.0,91.0,185.0,212.0,22.214285714285715,26.015384615384612,10.685185185185183,17740,92,40.8,767.0,43219.0,773.0,2973,41786,458,14269,52,1141,1155,619,27065,22868,21891,1148,660,283,224,1829,1637,1205,1907,1860,7448,20662,4763,4023,4068,7088,3109,8380,44759
294.0,11438.0,92.28865979381445,15387.0,40291.0,52256.0,214.0,520.0,598.0,22.075,23.884615384615383,10.12962962962963,45493,358,36.7,3996.0,126114.0,1546.0,11688,119968,769,31370,33,2844,52907,7835,35898,68172,63484,2505,1117,991,671,4924,3915,3292,3874,4526,20066,52267,16125,15793,9085,21790,13198,21177,131656
381.0,5897.0,80.15714285714286,6922.0,21806.0,27690.0,61.0,264.0,329.0,21.714285714285715,17.3,9.5,36627,62,45.0,2112.0,87713.0,1226.0,5630,85421,639,16580,16,2907,473,2282,68154,47333,43718,2935,1297,1164,646,4443,3998,3114,4109,4414,12412,42454,6238,9015,7264,15532,6864,17598,91051
219.0,8377.0,70.48387096774194,15132.0,40913.0,51689.0,291.0,563.0,636.0,21.753571427857143,15.53076923076923,9.596296296296297,57228,194,40.3,4974.0,134445.0,1559.0,12736,128242,1431,22737,16,4483,802,4079,107430,71305,69673,3913,2146,2336,1892,6119,4795,4970,5597,6973,15396,67952,9070,7793,14896,22497,9250,26132,140978
133.0,2118.0,75.75438596491227,6810.0,17346.0,21683.0,200.0,394.0,433.0,22.071428571428573,17.46923076923077,10.614814814814816,24447,329,45.2,1010.0,64814.0,917.0,3047,63694,345,6138,19,1879,251,975,57134,34400,32341,1534,645,504,939,2537,3462,2078,3026,2853,9947,28891,4420,5964,6537,10423,4884,11977,66741
67.0,2476.0,85.38775510204081,6990.0,18619.0,23581.0,93.0,165.0,211.0,22.22142857142857,19.46153846153846,8.374074074074075,24726,181,40.3,4773.0,57201.0,1310.0,12665,50619,370,16115,0,2110,1318,4932,38439,32156,31128,1723,696,642,530,2900,2428,2034,2286,2277,7646,28800,6314,5841,4721,9989,5755,10676,63284
104.0,6537.0,90.8,3520.0,9903.0,12892.0,79.0,126.0,148.0,22.214285714285715,22.946153846153848,12.54814814814815,11330,22,39.1,516.0,34099.0,306.0,1126,33795,269,13542,9,1095,4217,720,15069,17649,17272,595,424,264,187,1375,1211,913,1082,1297,5603,14043,4537,3913,2831,5959,2775,5851,34921
109.0,3829.0,70.13333333333334,6964.0,19346.0,24087.0,111.0,250.0,291.0,22.067857142857143,14.123076923076924,9.41851851851852,26316,87,42.0,1164.0,59891.0,995.0,2706,59344,1058,7206,24,1311,317,497,51637,31036,31014,2014,1128,923,728,2791,2128,2031,2792,3373,5941,30263,3893,3436,5836,9488,3895,12590,62050
0.0,0.0,70.90625,3702.0,11109.0,15641.0,74.0,170.0,205.0,21.714285715,12.176923076923078,8.781481481481482,19837,0,46.6,665.0,44581.0,442.0,1485,44203,175,1810,0,623,235,446,42399,23542,22146,1361,578,443,331,2351,1938,2138,1967,3455,5046,22158,2653,4121,3625,9186,3343,8148,45688
214.0,6830.0,76.9047619047619,7461.0,20908.0,28679.0,140.0,328.0,421.0,22.075000000357143,14.538461538461538,9.144444444444444,29525,117,44.0,2627.0,67668.0,1609.0,7822,64082,464,2703,125,1658,239,2520,64195,37052,34852,2528,1011,692,802,2781,2241,2016,3029,3475,10426,33127,4327,5619,7000,10017,6123,13137,71904
34.0,703.0,69.1,1174.0,3445.0,5021.0,16.0,37.0,53.0,22.503571428928574,18.161538461538463,10.511111111111113,5239,0,42.3,232.0,13831.0,178.0,860,13381,64,95,7,490,4294,70,9221,7363,6878,425,371,126,71,630,508,398,632,685,1895,6278,792,1659,1417,2023,1144,2473,14241
0.0,0.0,52.75,1959.0,6087.0,8370.0,28.0,69.0,87.0,22.21428571375,14.476923076923075,9.214814814814815,12050,0,51.9,548.0,33058.0,433.0,1131,32908,56,1454,1,711,130,549,31138,17766,16273,974,658,612,607,1935,1375,1004,1547,2097,3839,15017,1608,1991,4656,3951,1445,5722,34039
0.0,0.0,85.0,305.0,974.0,1228.0,6.0,8.0,10.0,25.636666666666667,26.95,19.951612903225808,1397,7,46.7,113.0,3844.0,21.0,175,3803,19,1422,0,98,24,85,2330,1707,2271,58,32,55,19,174,93,237,100,218,666,1559,272,544,234,827,537,551,3978
182.0,8954.0,41.33587786259542,21188.0,61324.0,79423.0,203.0,476.0,531.0,21.571428571428573,6.261538461538462,4.8769230769230765,100719,327,38.6,11383.0,213300.0,11084.0,26526,209241,7804,27297,68,7390,574,5513,187121,119655,116112,8553,6240,6883,9876,5400,5645,5292,7327,11225,11350,122400,9581,5449,47322,25500,11290,37205,235767
135.0,3721.0,85.74285714285715,4450.0,11783.0,15882.0,82.0,112.0,137.0,21.992857142500004,22.23076923076923,10.962962962962964,16978,23,40.6,1738.0,42357.0,519.0,3567,41047,375,21924,0,1678,499,1494,18644,23831,20783,1044,563,476,282,1924,1692,1347,1601,1764,6202,20758,4545,3905,3853,7596,3486,7101,44614
1704.0,86608.0,34.21440823327616,76232.0,287665.0,391609.0,559.0,1036.0,1311.0,21.646428571142856,7.176923076923076,4.5346153846153845,474749,1407,36.4,79536.0,946336.0,65790.0,110961,980701,80059,220232,470,47440,3413,43422,696626,560624,531038,44106,33367,42576,50589,29498,29310,27994,38286,55103,59723,605844,35709,19898,340548,79383,37180,147343,1091662
0.0,0.0,83.92857142857143,1630.0,4289.0,5862.0,18.0,39.0,52.0,22.392857142857142,19.984615384615385,10.55925925925926,6817,8,48.1,325.0,19264.0,157.0,761,18985,99,9913,31,539,1119,338,7707,10097,9649,496,235,221,227,1018,632,544,724,691,3334,8307,1584,2474,1339,3563,1433,3153,19746
0.0,0.0,92.42857142857144,1000.0,3002.0,3908.0,31.0,50.0,57.0,22.575,24.846153846153847,10.566666666666666,3730,59,46.9,169.0,11558.0,61.0,644,11144,35,5727,0,237,53,320,5416,6188,5600,102,60,41,117,539,491,325,486,526,2550,4544,897,1670,615,1957,676,2107,11788
95.0,3784.0,47.16666666666666,4056.0,12244.0,15101.0,30.0,56.0,78.0,22.28928571389286,13.015384615384615,7.974074074074075,21757,12,32.7,1219.0,53706.0,744.0,2091,53578,649,958,52,1006,278,705,52021,27905,27764,1323,1198,728,1184,2245,1692,1416,1836,2406,7425,29584,1637,2563,10215,4863,2096,6598,55669
245.0,9201.0,78.67901234567901,10367.0,27941.0,42033.0,226.0,381.0,452.0,21.785714285714285,17.453846153846154,8.396296296296295,51841,167,37.6,6514.0,115112.0,2159.0,14944,108841,1473,37614,53,5782,324,1716,76823,63185,60600,4056,1640,1373,1449,5449,4656,4146,4965,5251,15213,59112,10473,7444,12459,18051,8591,22950,123785
87.0,3267.0,75.87272727272727,6105.0,17544.0,23073.0,105.0,253.0,308.0,22.142857142857142,15.961538461538462,9.103703703703705,27286,154,45.1,1692.0,65798.0,851.0,4515,63826,406,2642,219,2000,140,1154,61780,34656,33685,1746,778,922,721,3444,2767,2199,3315,3280,9730,31350,4247,5141,5625,10221,5794,12918,68341
131.0,5497.0,80.92063492063492,8624.0,21412.0,27780.0,151.0,301.0,360.0,21.996428571071423,17.43076923076923,10.61111111111111,32098,166,40.5,3023.0,76793.0,1763.0,8577,73002,516,32464,0,2548,401,4928,40722,43115,38464,2417,1176,966,962,3116,2936,2442,3141,3497,11315,38465,7668,6455,8595,13249,6519,12513,81579
0.0,0.0,75.75862068965517,3698.0,10708.0,15174.0,46.0,107.0,144.0,21.710714285714285,11.923076923076923,8.588888888888889,15350,70,44.4,1531.0,35646.0,412.0,4198,33391,38,1211,22,1227,125,630,34336,18962,18627,963,433,389,663,1825,1519,1146,1627,2058,4624,17614,1680,2966,2560,6534,2463,7945,37589
0.0,0.0,66.9,1468.0,4890.0,6341.0,26.0,51.0,70.0,22.5,17.076923076923077,9.422222222222222,6511,22,47.9,334.0,17390.0,146.0,928,16942,53,114,4,427,99,169,17004,9050,8820,438,382,149,171,927,721,614,896,783,2385,7965,926,1622,1672,2935,910,3211,17870
0.0,0.0,86.0,266.0,594.0,689.0,3.0,10.0,10.0,22.932142856964283,25.13684210526316,17.7,849,10,46.6,23.0,2248.0,0.0,38,2233,52,36,0,12,9,0,2162,1104,1167,119,80,49,29,56,110,97,69,75,374,1132,4,196,275,315,72,372,2271
0.0,0.0,69.08333333333333,1305.0,2959.0,3601.0,31.0,47.0,47.0,22.28214285728572,9.669230769230769,6.503703703703705,4996,102,44.4,166.0,10331.0,95.0,225,10367,80,251,5,391,198,12,9655,5396,5196,606,185,269,194,439,414,350,584,710,1288,5768,232,880,1738,1412,148,1830,10592
0.0,0.0,88.57142857142857,1030.0,1958.0,2288.0,18.0,22.0,23.0,22.921428571071427,25.86923076923077,22.227272727272727,1850,1,31.2,16.0,6812.0,32.0,250,6610,4,15,5,311,3696,35,2794,3389,3471,196,78,59,109,160,143,201,266,231,822,2413,1177,609,457,862,403,1279,6860
0.0,0.0,46.0,53.0,142.0,170.0,0.0,1.0,1.0,30.688571428657145,17.869999999999997,7.6408163265306115,329,0,43.2,11.0,875.0,0.0,0,886,0,0,0,0,0,0,886,413,473,60,17,34,24,22,24,41,55,28,61,466,9,64,130,168,20,132,886
0.0,0.0,59.71428571428572,692.0,1580.0,1887.0,20.0,25.0,26.0,22.782142857107143,16.757142857142856,15.963333333333331,2558,3,44.3,88.0,6245.0,85.0,155,6263,17,41,0,122,256,34,5948,3080,3338,361,219,180,163,239,172,262,342,307,631,3305,209,365,808,799,98,1261,6418
0.0,0.0,64.5,397.0,829.0,932.0,5.0,9.0,9.0,22.92857142842857,23.74736842105263,18.804081632653062,1279,1,41.1,16.0,3063.0,12.0,166,2925,0,0,4,29,26,30,3002,1560,1531,132,100,98,49,108,98,116,160,247,215,1626,113,123,289,519,107,523,3091
0.0,0.0,69.0,225.0,431.0,491.0,1.0,3.0,3.0,27.536666667066665,19.98421052631579,16.59387755102041,884,0,41.1,33.0,2075.0,34.0,15,2127,33,16,0,61,23,8,2001,1013,1129,84,81,94,94,44,87,61,89,160,156,1096,93,96,244,291,48,522,2142
444.0,19084.0,42.39344262295082,14721.0,34783.0,41126.0,186.0,302.0,303.0,21.789285713964286,6.423076923076923,2.623076923076923,45965,110,37.1,1356.0,93096.0,1057.0,2503,93006,739,2250,79,3270,4008,427,84736,47814,47695,4353,3341,3191,2725,2981,2767,3145,4526,5726,7050,52033,2122,3870,19348,9732,1976,17932,95509
831.0,36284.0,46.02459016393443,21583.0,58681.0,71291.0,196.0,332.0,333.0,21.778571428714287,7.253846153846154,6.062962962962962,94209,193,32.6,8618.0,165982.0,5337.0,5042,174895,5850,10887,51,5660,1596,1042,154851,89119,90818,7489,5003,4771,5644,6162,6141,7046,7783,11068,15920,109325,5789,5889,40000,16251,3789,32415,179937
0.0,0.0,79.6,417.0,814.0,975.0,5.0,7.0,7.0,22.928571428142856,24.457894736842103,33.102,1623,2,49.5,22.0,3721.0,26.0,91,3678,0,2,0,51,53,128,3535,1801,1968,150,125,48,146,91,245,169,162,214,428,1908,15,319,441,291,45,882,3769
0.0,0.0,69.0,738.0,1480.0,1794.0,32.0,39.0,39.0,22.789285714678574,22.9375,32.56122448979592,1902,0,42.4,97.0,4747.0,13.0,167,4690,0,33,0,77,91,27,4629,2421,2436,237,146,98,122,203,154,190,203,322,452,2590,130,386,728,556,62,925,4857
0.0,0.0,71.0,169.0,454.0,599.0,2.0,4.0,4.0,24.86896551696552,25.242105263157896,17.014,838,0,48.1,7.0,2282.0,0.0,111,2178,0,57,0,54,25,0,2153,1154,1135,110,67,74,68,117,66,96,102,152,208,1107,32,211,162,297,80,553,2289
0.0,0.0,45.0,367.0,1030.0,1198.0,7.0,8.0,8.0,22.78928571464286,15.85,28.689361702127663,1663,0,40.1,96.0,4235.0,31.0,166,4196,51,72,14,111,388,55,3671,2006,2356,298,129,123,175,134,109,101,171,181,279,2105,78,167,451,781,196,895,4362
0.0,0.0,85.0,459.0,755.0,896.0,6.0,6.0,6.0,22.92500000035714,25.01111111111111,31.926,877,6,42.4,3.0,2257.0,2.0,46,2216,0,0,2,110,124,23,2003,1121,1141,89,26,43,45,122,68,87,101,148,317,1158,74,203,255,314,63,444,2262
0.0,0.0,85.0,407.0,728.0,840.0,12.0,18.0,18.0,22.50357142857143,22.38125,34.13409090909091,1174,11,50.7,19.0,3201.0,42.0,26,3236,36,0,0,28,22,6,3170,1635,1627,119,55,68,66,177,107,124,120,238,472,1544,46,445,326,490,51,585,3262
0.0,0.0,65.0,569.0,982.0,1169.0,19.0,23.0,23.0,22.785714285714285,24.152631578947368,25.57755102040816,1517,0,44.3,16.0,3214.0,1.0,17,3214,2,18,14,70,44,0,3083,1632,1599,189,59,61,148,130,126,112,144,153,361,1771,21,222,483,243,77,762,3231
0.0,0.0,72.0,249.0,475.0,515.0,3.0,4.0,4.0,29.129032258129037,26.13157894736842,13.934,813,0,48.1,0.0,1784.0,12.0,67,1729,0,2,0,112,38,0,1644,933,863,104,48,65,35,112,45,64,81,119,141,1010,16,126,239,190,47,440,1796
281.0,9394.0,53.672413793103445,9844.0,22030.0,27002.0,76.0,125.0,125.0,21.782142857464287,9.169230769230769,6.233333333333333,34658,43,29.9,2488.0,66379.0,1376.0,3160,67083,2001,2683,411,2255,1868,1081,59944,33771,36472,3061,1711,1391,1219,2938,2861,2480,2679,3986,8453,41595,2732,3672,12556,6213,1424,12610,70243
0.0,0.0,89.0,185.0,451.0,556.0,7.0,11.0,11.0,23.893103448586206,28.55625,21.678,792,0,48.2,26.0,2283.0,9.0,16,2302,37,0,1,41,27,0,2212,1146,1172,62,69,43,50,109,89,77,113,146,324,1079,51,217,223,359,19,418,2318
0.0,0.0,82.0,308.0,567.0,678.0,2.0,2.0,2.0,22.928571428535715,26.163157894736845,18.122,948,0,54.4,12.0,2248.0,54.0,36,2278,0,0,0,60,24,0,2230,1162,1152,67,59,39,78,110,100,90,118,116,254,1171,9,139,261,267,22,422,2314
0.0,0.0,77.33333333333333,320.0,820.0,957.0,4.0,8.0,8.0,22.789285714285715,27.78235294117647,21.018,923,4,46.9,18.0,2481.0,11.0,72,2438,0,11,1,101,59,44,2294,1368,1142,73,82,49,61,83,82,68,178,100,317,1211,49,168,195,375,135,575,2510
0.0,0.0,83.0,257.0,503.0,597.0,10.0,13.0,13.0,23.62068965586207,27.594444444444445,30.922,937,11,48.6,15.0,2428.0,25.0,119,2349,6,14,0,17,37,36,2358,1118,1350,124,47,34,33,111,97,63,178,99,337,1141,146,239,222,407,87,473,2468
0.0,0.0,79.5,498.0,984.0,1168.0,17.0,20.0,20.0,22.78214285714285,26.711111111111112,31.866,1644,10,46.8,19.0,4191.0,15.0,91,4134,4,29,0,104,16,19,4053,2058,2167,141,106,144,84,157,130,189,161,318,439,2165,135,323,559,434,213,691,4225
0.0,0.0,84.0,220.0,434.0,557.0,8.0,12.0,12.0,23.20344827586207,31.444444444444443,16.496,656,5,52.7,7.0,1722.0,14.0,18,1725,1,0,0,33,2,12,1695,836,907,46,57,35,30,85,92,43,139,108,177,892,18,160,219,245,19,304,1743
0.0,0.0,69.0,607.0,1297.0,1576.0,22.0,31.0,31.0,22.646428571857143,16.72142857142857,8.085185185185185,2294,0,43.0,29.0,5756.0,40.0,125,5700,20,29,0,52,55,7,5662,2839,2986,220,193,145,144,167,206,188,291,396,612,3011,256,454,708,770,187,1246,5825
0.0,0.0,90.0,324.0,682.0,896.0,7.0,9.0,9.0,22.939285714285717,28.344444444444445,21.43,1083,2,53.9,37.0,2431.0,67.0,76,2459,16,10,0,17,17,56,2419,1263,1272,86,41,42,39,152,116,116,131,201,368,1373,58,359,202,411,72,491,2535
0.0,0.0,37.5,1173.0,3252.0,3650.0,12.0,25.0,25.0,22.78214285714285,10.076923076923077,30.96153846153846,5956,0,30.3,26.0,13430.0,380.0,1259,12577,90,215,0,485,1384,266,11396,6259,7577,625,415,336,375,237,290,259,663,496,782,7198,366,398,1942,2290,493,2391,13836
0.0,0.0,55.125,1217.0,2724.0,3182.0,31.0,49.0,49.0,22.499999999892857,9.9,4.3,3926,2,45.8,102.0,9389.0,40.0,245,9286,12,42,21,235,612,63,8546,4603,4928,510,246,318,212,385,324,344,465,776,792,4678,110,553,1074,1452,274,1892,9531
0.0,0.0,48.75,1073.0,2554.0,2997.0,9.0,24.0,24.0,22.51071428578572,11.6,4.503846153846154,3736,0,45.1,58.0,8252.0,49.0,229,8130,26,56,0,22,296,247,7712,4107,4252,494,433,315,191,184,260,264,213,568,741,4203,298,519,936,1169,175,2065,8359
0.0,0.0,48.85,4951.0,11170.0,13245.0,96.0,142.0,142.0,21.78214285775,7.576923076923077,3.25,16297,11,37.6,193.0,30612.0,313.0,1160,29958,213,385,43,555,1120,480,28322,15253,15865,1602,1116,1151,657,973,1138,998,1319,2041,2507,18021,1075,1521,4810,4422,861,6590,31118
0.0,0.0,59.0,1275.0,3219.0,3882.0,17.0,36.0,37.0,22.7821428575,11.96923076923077,10.410714285714286,4150,0,33.3,167.0,10106.0,75.0,859,9489,54,151,21,273,2996,262,6591,4792,5556,417,285,280,274,392,280,218,397,402,625,5122,407,431,1161,1776,432,2011,10348
0.0,0.0,84.0,447.0,758.0,930.0,13.0,18.0,18.0,22.499999999928573,22.973684210526315,31.26,1167,2,52.2,104.0,2740.0,20.0,108,2756,16,3,0,100,6,85,2654,1408,1456,128,51,38,54,140,98,148,126,191,454,1433,80,297,454,318,63,574,2864
0.0,0.0,51.0,153.0,326.0,378.0,2.0,5.0,5.0,28.031249999875,26.836842105263155,23.442857142857143,732,6,48.0,0.0,1955.0,7.0,73,1889,5,0,12,127,28,0,1790,939,1023,99,55,94,25,57,46,98,34,82,153,877,42,149,180,268,49,386,1962
0.0,0.0,81.0,756.0,1962.0,2396.0,11.0,16.0,16.0,22.92857142882143,14.171428571428573,8.81851851851852,2900,30,47.6,121.0,6530.0,199.0,243,6607,50,28,0,159,157,2,6454,3306,3544,320,263,145,109,207,302,268,356,425,774,3541,155,772,735,1027,238,1470,6850
0.0,0.0,71.6,530.0,1059.0,1250.0,24.0,32.0,32.0,22.63571428575,25.65882352941176,37.785714285714285,1721,0,45.7,20.0,4000.0,41.0,39,4022,48,20,0,62,130,5,3796,2086,1975,166,122,80,55,103,97,140,228,265,587,1993,79,294,623,546,40,745,4061
0.0,0.0,67.0,1618.0,3610.0,4354.0,30.0,56.0,57.0,22.710714285642855,12.830769230769231,7.111111111111111,5186,10,40.2,129.0,11184.0,208.0,359,11162,171,54,0,513,1108,35,9640,5708,5813,491,182,205,227,722,217,528,383,653,1295,6288,343,889,1502,1388,323,2327,11521
0.0,0.0,68.66666666666667,619.0,1489.0,1926.0,16.0,28.0,28.0,22.499999999464286,19.326666666666664,31.577272727272728,2430,2,44.9,171.0,4986.0,101.0,79,5179,157,13,0,48,23,67,4950,2525,2733,262,158,122,64,214,196,200,291,352,521,2775,87,471,566,912,189,970,5258
0.0,0.0,68.0,306.0,548.0,664.0,13.0,15.0,15.0,25.24482758589655,12.621052631578948,20.556,1013,0,38.0,6.0,2364.0,17.0,133,2254,6,7,0,69,1,15,2289,1175,1212,133,85,76,27,49,119,101,110,105,126,1193,91,77,257,393,70,449,2387
0.0,0.0,69.76923076923077,1804.0,4022.0,4803.0,17.0,23.0,23.0,22.210714286035717,8.684615384615386,6.637037037037037,7436,20,37.0,49.0,16097.0,99.0,536,15709,75,84,0,585,296,250,14955,7846,8399,645,355,361,289,614,575,433,728,1063,1743,8700,611,878,1738,1733,436,3695,16245
27.0,481.0,87.72727272727273,2126.0,5921.0,7963.0,28.0,41.0,43.0,22.928571428571427,22.753846153846155,11.755555555555556,4839,29,31.0,27.0,14391.0,19.0,328,14109,13,87,0,533,11079,79,2646,7313,7124,296,276,184,114,433,349,415,272,564,1499,5600,2346,1070,1199,1628,592,3203,14437
0.0,0.0,75.0,432.0,1029.0,1310.0,6.0,9.0,9.0,22.785714285464284,27.76111111111111,27.595652173913045,1746,17,45.3,44.0,3742.0,113.0,124,3775,4,121,0,91,20,18,3645,1819,2080,282,99,64,61,138,248,234,203,306,262,2200,124,203,374,662,84,857,3899
0.0,0.0,84.0,104.0,296.0,345.0,2.0,7.0,7.0,24.07241379310345,28.910526315789472,19.682,446,0,52.5,2.0,1285.0,2.0,0,1289,0,0,0,0,26,0,1263,640,649,59,18,26,24,63,69,60,93,95,177,582,23,175,125,223,59,207,1289
0.0,0.0,91.0,642.0,1334.0,1658.0,11.0,19.0,19.0,24.72758620724138,33.15384615384615,32.108000000000004,1130,0,28.6,1.0,4335.0,3.0,213,4126,0,5,0,98,3591,78,567,2154,2185,67,48,23,72,145,92,92,106,80,382,1646,693,337,275,678,299,720,4339
0.0,0.0,80.0,31.0,63.0,72.0,0.0,0.0,0.0,32.137142857171426,20.871428571428574,7.963999999999999,212,0,49.6,2.0,786.0,0.0,1,787,0,19,0,9,7,0,753,387,401,25,25,18,22,23,32,20,49,52,70,382,10,62,82,113,28,145,788
0.0,0.0,43.888888888888886,4433.0,11608.0,13816.0,49.0,86.0,86.0,22.503571428857143,8.676923076923076,3.034615384615385,14010,22,34.3,509.0,30100.0,555.0,1716,29448,403,826,81,662,530,647,28015,15053,16111,1568,987,836,948,656,900,1076,1531,1456,2677,16434,786,1457,4302,4915,997,5910,31164
0.0,0.0,77.0,174.0,383.0,436.0,2.0,2.0,2.0,25.666666667033333,18.58421052631579,12.881632653061226,731,0,45.9,2.0,1788.0,27.0,48,1769,0,9,0,52,0,10,1746,877,940,132,61,77,35,27,64,52,95,110,151,910,40,115,262,197,23,413,1817
0.0,0.0,67.05,3299.0,7018.0,8281.0,79.0,97.0,97.0,22.499999999928573,10.084615384615384,6.511111111111112,9429,47,40.2,285.0,20451.0,143.0,566,20313,116,339,3,552,306,129,19434,10256,10623,771,350,294,324,834,828,782,826,1437,2531,11103,645,1708,2851,3337,609,3634,20879
0.0,0.0,86.0,301.0,634.0,759.0,11.0,12.0,12.0,22.92499999982143,27.26842105263158,22.02,813,0,49.2,82.0,2102.0,7.0,79,2112,4,10,0,18,162,0,1997,958,1233,126,44,12,57,172,105,77,83,150,278,1072,31,331,165,275,121,486,2191
0.0,0.0,62.7,996.0,2184.0,2491.0,18.0,26.0,26.0,22.49999999967857,12.72857142857143,6.496296296296297,3629,38,41.0,94.0,7867.0,38.0,290,7709,25,89,3,228,85,154,7415,3948,4051,470,252,211,121,277,311,304,327,495,626,4205,167,567,1273,820,240,1581,7999
0.0,0.0,82.15384615384616,1769.0,3331.0,4134.0,24.0,34.0,34.0,22.285714285714285,10.038461538461538,7.292592592592593,4927,15,44.3,242.0,10283.0,117.0,1236,9406,83,39,0,309,251,80,9880,5181,5461,412,219,208,244,479,481,465,477,696,1139,5551,315,1142,961,1679,608,2012,10642
428.0,7165.0,51.55769230769231,9240.0,20659.0,24090.0,189.0,251.0,251.0,22.353571428571428,8.738461538461538,3.35,35109,184,31.6,1971.0,65870.0,1121.0,4448,64514,1017,3270,186,3022,1291,1081,59095,32798,36164,2569,2047,2059,1523,2478,2269,2356,3319,4399,5413,40443,1724,2398,10720,9941,1658,12453,68962
0.0,0.0,86.4,431.0,1007.0,1219.0,8.0,11.0,12.0,22.925000000464284,25.929411764705883,38.832608695652176,1475,0,52.9,4.0,3880.0,5.0,92,3797,6,0,0,12,2,22,3847,2039,1850,123,145,69,75,200,131,163,230,254,551,1982,60,260,459,640,76,672,3889
0.0,0.0,38.90476190476191,4515.0,10440.0,12271.0,36.0,68.0,68.0,22.507142857464284,8.538461538461538,2.9153846153846152,17395,82,31.5,1739.0,33393.0,912.0,3064,32980,436,1631,47,1974,956,1718,29282,16528,19516,1324,1380,1474,1505,630,1225,926,1481,2241,2460,19609,1337,1302,5056,5836,1329,7222,36044
0.0,0.0,83.69565217391305,2189.0,6917.0,8909.0,39.0,139.0,153.0,22.142857142857142,17.96923076923077,11.133333333333336,9362,16,42.3,140.0,27470.0,75.0,288,27397,97,132,0,558,7,26,26865,13889,13796,591,502,360,276,957,852,743,856,1025,4234,11132,2252,2581,2380,6163,1982,3484,27685
496.0,21906.0,78.47727272727273,10838.0,27359.0,33974.0,235.0,469.0,508.0,21.785714285857143,13.253846153846156,8.944444444444445,43144,42,39.4,815.0,101176.0,817.0,3403,99405,861,11645,0,4843,161,1102,84196,50858,51950,3076,1778,1454,1043,4632,3623,3203,4892,5628,11696,50551,5983,5799,9842,18591,4288,18285,102808
39.0,2286.0,74.54761904761905,3860.0,11920.0,14914.0,95.0,212.0,235.0,22.0,10.346153846153848,9.337037037037035,22639,44,40.7,509.0,52677.0,347.0,768,52765,353,457,0,983,16,120,51604,27429,26104,1846,835,741,570,2338,1893,2085,2145,3287,4764,26830,2467,2977,5710,10447,2173,7400,53533
219.0,6633.0,81.11111111111111,6018.0,19656.0,25902.0,156.0,409.0,451.0,21.93571428607143,14.53076923076923,9.596296296296297,36925,192,42.7,481.0,95932.0,1003.0,4269,93147,453,3782,8,2791,102,410,89870,48561,48855,2437,1338,1141,842,3863,3665,3499,4697,4572,12560,43874,6354,6090,7612,20844,6468,14848,97416
67.0,2844.0,74.70731707317073,4682.0,14385.0,19996.0,50.0,131.0,155.0,22.00357142832143,16.784615384615385,9.007407407407406,22128,19,30.0,1885.0,63339.0,721.0,1280,64665,1593,1907,32,1986,163,246,60018,33259,32686,1576,718,875,532,2329,1581,1616,2049,2870,8393,30736,2899,2935,9079,8696,2710,8252,65945
61.0,1376.0,64.23684210526316,4571.0,11553.0,14299.0,99.0,181.0,201.0,22.0714285715,7.730769230769231,4.949999999999999,21261,28,40.4,187.0,45342.0,180.0,792,44917,127,348,2,865,30,427,43910,23102,22607,2056,1203,1158,621,1541,1662,1680,2437,3027,3615,23996,1495,2367,4858,9135,1150,7599,45709
78.0,950.0,78.6875,5067.0,15585.0,19256.0,143.0,288.0,153.0,21.78214285721429,13.946153846153846,9.292592592592593,27249,59,44.5,192.0,66609.0,623.0,702,66722,378,2347,14,1472,102,333,62778,32939,34485,2241,1000,909,804,2596,2639,2055,2688,3602,7238,30681,3082,5282,6082,14331,2919,12500,67424
0.0,0.0,71.8529411764706,3767.0,11154.0,14169.0,52.0,173.0,178.0,21.571428571428573,14.13076923076923,10.025925925925923,17436,46,42.3,102.0,43312.0,94.0,480,43028,97,356,0,692,22,106,42235,21887,21621,1865,591,809,456,1526,1409,1449,1860,2985,4861,20245,2449,3736,3366,9859,2316,6871,43508
865.0,38871.0,62.741573033707866,36021.0,91029.0,116682.0,535.0,1112.0,1228.0,21.575000000214285,8.546153846153846,5.226923076923077,164533,265,36.9,12534.0,357389.0,12206.0,18478,363651,13114,29454,64,17239,407,4534,317317,194935,187194,15023,9684,10983,9167,11341,10784,10723,14178,20294,28559,194851,16855,12834,62238,59897,13371,53376,382129
0.0,0.0,74.76,1830.0,5247.0,6332.0,44.0,122.0,134.0,21.71428571392857,12.776923076923076,9.670370370370373,10293,57,46.1,20.0,27072.0,103.0,360,26835,25,275,0,531,0,0,26364,13502,13693,908,511,325,380,1457,1175,1015,1237,1584,2694,12467,1113,2299,1984,6576,1297,3993,27195
0.0,0.0,69.8529411764706,2940.0,8691.0,10797.0,49.0,144.0,159.0,22.15,10.423076923076923,5.734615384615385,16140,11,41.6,118.0,38475.0,268.0,613,38248,166,702,6,1210,111,147,36519,19466,19395,1472,826,787,319,1670,1451,1598,2083,2205,2996,19199,2308,1820,3113,8449,1613,6610,38861
278.0,12340.0,79.48412698412699,12453.0,34880.0,43582.0,336.0,555.0,620.0,21.78928571392857,15.007692307692308,9.32222222222222,53645,208,41.5,1278.0,131846.0,1285.0,4757,129652,694,11145,16,5237,205,1190,115922,69272,65137,4366,2680,2128,1220,6222,5257,4836,5953,6977,15223,64280,11066,6844,12573,23789,7119,22505,134409
165.0,7021.0,56.45255474452555,18615.0,51066.0,65558.0,212.0,527.0,612.0,21.574999999357143,6.976923076923077,5.215384615384616,93162,135,40.2,2143.0,201339.0,2134.0,4154,201462,2867,2520,83,4905,192,925,194124,104355,101261,8189,5888,6345,5194,6388,6143,6269,8073,11506,15352,107653,8682,7758,33525,33288,8959,32977,205616
75.0,2223.0,73.5625,3442.0,10286.0,12831.0,64.0,160.0,183.0,22.078571428392856,11.053846153846154,6.742307692307692,17426,17,39.8,537.0,41201.0,262.0,708,41292,262,797,8,1172,23,299,39439,21253,20747,1405,892,676,468,1699,1445,1432,1851,2356,4517,20840,3115,2229,4505,7867,1628,7263,42000
217.0,6311.0,81.23404255319149,8208.0,24295.0,29780.0,213.0,475.0,475.0,21.99642857142857,15.815384615384614,9.503703703703705,41429,53,44.3,495.0,101280.0,739.0,1923,100591,288,2210,9,2350,87,941,96629,50833,51681,3172,1697,1216,750,4544,3972,3568,4131,6041,12541,48634,5933,6409,7974,22688,5155,17283,102514
56.0,1613.0,82.96875,2445.0,7929.0,10094.0,56.0,152.0,168.0,22.071428571785717,13.176923076923078,10.037037037037036,13658,128,41.1,94.0,36300.0,164.0,410,36148,121,447,0,528,67,51,35344,18597,17961,932,590,400,259,1613,1436,1416,1603,1797,4533,16734,3065,3353,2950,7547,2629,5241,36558
0.0,0.0,86.52272727272727,3634.0,11134.0,14216.0,98.0,207.0,227.0,22.000000000071427,13.253846153846156,9.72962962962963,17249,27,43.1,426.0,40993.0,184.0,703,40900,273,490,28,609,62,63,40078,21065,20538,1318,565,523,243,2298,2146,1657,1984,1951,5243,19876,2455,2616,3410,9060,1734,6580,41603
5164.0,213148.0,72.42277140335393,97639.0,267149.0,350654.0,1894.0,3672.0,4104.0,21.56785714292857,14.5,8.477777777777778,493749,1265,40.4,35625.0,1147736.0,58114.0,76316,1165159,38471,364280,455,50168,2823,23508,761770,649500,591975,40743,26913,27522,31796,52163,47672,42271,51630,61054,166123,642048,87974,84735,231112,168173,52690,197464,1241475
52.0,2003.0,75.8076923076923,5065.0,12341.0,15106.0,124.0,231.0,229.0,22.214285714464285,10.207692307692309,9.04074074074074,22670,49,41.8,305.0,50919.0,163.0,818,50569,183,373,0,638,125,103,49965,25834,25553,1642,1131,861,548,2390,2276,1626,2286,3269,5142,25542,2329,3623,4181,11151,1981,7874,51387
23.0,1053.0,72.48571428571428,3764.0,10175.0,12408.0,102.0,162.0,151.0,22.067857142714285,9.715384615384616,6.092307692307693,17456,30,40.7,402.0,37241.0,381.0,3898,34126,148,679,24,1472,153,1300,34248,19175,18849,1577,806,712,537,1173,1476,1484,1934,2378,3308,19922,2020,2266,3907,7207,1196,6528,38024
64.0,1832.0,29.7,16712.0,43971.0,56138.0,136.0,264.0,298.0,21.56428571435714,2.9615384615384617,3.973076923076923,89121,256,39.2,8355.0,189133.0,7966.0,5551,199903,14064,7153,34,6577,246,1236,176144,103501,101953,8270,7299,10193,14057,3633,3429,3650,5491,8391,7108,109302,3012,2800,63671,15926,2610,24518,205454
205.0,7292.0,70.7741935483871,7002.0,19349.0,25021.0,184.0,263.0,292.0,21.853571428428573,13.061538461538465,9.662962962962965,32726,47,44.9,625.0,73015.0,779.0,3385,71034,578,6779,7,2867,295,903,62990,38061,36358,3338,1432,1687,1357,2812,3249,2452,3540,3987,7465,37866,3611,3882,9819,12315,2370,12786,74419
212.0,9297.0,56.42307692307692,14722.0,38296.0,47453.0,188.0,417.0,457.0,21.567857142857143,7.0,4.919230769230769,67262,34,39.6,2399.0,150300.0,3505.0,3618,152586,2630,11896,49,5901,157,1290,134281,78449,77755,6253,4499,4706,3442,5166,4278,4071,5331,8546,10779,78733,6854,6019,25904,24374,4061,26974,156204
0.0,0.0,78.15384615384616,2706.0,7758.0,9405.0,44.0,115.0,132.0,22.071428571428573,15.692307692307692,9.037037037037036,11517,2,40.6,389.0,28116.0,104.0,625,27984,291,703,11,695,8,276,26625,14660,13949,962,363,524,299,1327,1195,996,1225,1391,3455,13043,2002,1821,2279,6275,2244,3796,28609
4170.0,189147.0,59.57371794871795,113640.0,286983.0,366781.0,1259.0,2492.0,2806.0,21.571428571035717,12.492307692307692,4.815384615384615,577895,1338,34.2,74649.0,1160934.0,69132.0,74083,1230632,70761,296440,446,60884,2614,25506,848064,667713,637002,48665,31165,33641,32992,47867,44683,41491,55235,67964,115534,719428,81732,43373,301929,163745,57699,193256,1304715
0.0,0.0,68.36666666666666,3847.0,10294.0,12628.0,64.0,175.0,182.0,21.71071428575,7.492307692307692,6.0346153846153845,18869,2,41.3,261.0,41573.0,352.0,3761,38425,228,144,20,1544,176,907,39167,21347,20839,1489,887,685,736,1816,1672,1432,2201,2535,3129,21314,2117,2064,3992,8169,1244,7837,42186
188.0,3566.0,78.5,2247.0,7439.0,10502.0,46.0,118.0,112.0,22.217857142857145,17.292307692307695,9.8,11083,12,40.7,184.0,29624.0,187.0,414,29581,230,552,47,781,150,194,28041,15160,14835,1010,369,422,283,1230,1332,963,1023,1514,3213,12913,2160,2647,2861,5964,1666,4500,29995
124.0,6798.0,40.903225806451616,6154.0,15938.0,20552.0,142.0,261.0,290.0,21.5749999995,4.876923076923077,4.226923076923077,40650,840,44.8,710.0,91308.0,1639.0,1479,92178,517,1173,0,1643,104,339,89881,47205,46452,4041,2934,3724,3914,2666,2587,2255,3541,5126,4515,49190,1881,5023,18417,10600,4143,12269,93657
133.0,9447.0,58.78151260504202,13699.0,37368.0,48477.0,224.0,499.0,539.0,21.714285714464285,8.576923076923077,5.161538461538461,71177,76,38.3,3469.0,159859.0,4539.0,4987,162880,5105,11286,94,7537,185,1601,142059,85237,82630,6114,5291,5538,4885,5465,4991,4784,6659,9210,12978,85447,6047,5168,35723,17516,4106,27355,167867
90.0,2613.0,78.2,2901.0,10415.0,13659.0,47.0,149.0,165.0,22.207142857142856,15.123076923076924,9.855555555555556,15418,26,42.6,143.0,38636.0,217.0,456,38540,160,673,0,841,83,238,37001,19578,19418,977,739,404,446,1920,1678,1166,2028,1840,5046,17788,2361,3128,3322,7802,2882,5723,38996
2586.0,123419.0,62.1921921921922,74226.0,186385.0,238207.0,1073.0,1991.0,2214.0,21.578571428392856,13.784615384615384,5.203846153846154,344213,690,36.8,25314.0,768822.0,21654.0,28022,787768,22196,208444,551,30986,901,9732,542980,421839,393951,29075,19691,22542,25375,30748,27429,25227,32761,41085,90655,433159,50104,37574,174175,103880,30885,117416,815790
150.0,7839.0,67.9047619047619,6060.0,17054.0,21443.0,121.0,270.0,289.0,22.071428570964287,9.276923076923076,4.923076923076923,34132,53,39.3,1871.0,72846.0,1048.0,4304,71461,1581,1023,0,1824,76,1368,69893,38412,37353,2910,1749,1627,1471,3756,2702,2784,3509,4154,7360,39530,2536,3400,11801,12727,2275,12301,75765
0.0,0.0,80.26923076923077,2489.0,7050.0,8837.0,59.0,150.0,166.0,22.278571428,16.384615384615383,9.137037037037036,12200,0,36.6,502.0,30792.0,99.0,585,30808,237,339,0,623,1,242,29951,15822,15571,1123,670,240,184,1422,1352,1053,1293,1365,3075,15157,1544,2046,2353,6863,1195,3856,31393
0.0,0.0,84.23529411764706,1011.0,3205.0,4144.0,34.0,73.0,66.0,22.28214285725,14.584615384615384,9.648148148148149,5450,5,46.1,81.0,15001.0,50.0,56,15076,78,430,0,206,0,30,14388,7708,7424,460,165,226,131,706,620,582,644,875,1812,6429,808,1368,878,3630,845,2316,15132
0.0,0.0,73.0,2488.0,6417.0,7901.0,65.0,106.0,110.0,22.2892857145,9.092307692307692,6.646153846153847,12179,9,41.6,197.0,26645.0,226.0,2094,24974,89,215,22,688,84,817,25153,13731,13337,1348,487,446,341,1455,1095,963,1245,1700,1989,13865,988,1105,2701,5502,469,5052,27068
0.0,0.0,78.54054054054055,3306.0,10590.0,13505.0,56.0,175.0,187.0,22.13928571392857,13.676923076923078,10.34074074074074,16620,10,40.9,152.0,42628.0,300.0,513,42567,139,671,0,848,113,106,41203,22033,21047,1558,925,449,239,1704,1624,1396,1739,1877,5236,19393,3126,3762,3064,9207,3100,6221,43080
0.0,0.0,72.0,1960.0,6585.0,8642.0,54.0,116.0,132.0,21.8571428575,15.323076923076922,9.396296296296295,11499,14,42.9,59.0,28186.0,61.0,284,28022,25,228,0,680,10,115,27248,14313,13993,1134,586,399,278,1241,1014,846,1251,1782,3002,13474,2065,1854,1930,6082,1448,5213,28306
41.0,1540.0,48.56,2456.0,5093.0,5859.0,104.0,180.0,191.0,22.571428571571428,10.953846153846154,4.388461538461538,14046,625,32.1,34.0,43727.0,193.0,432,43522,134,63,0,396,132,33,43196,22055,21899,1070,881,625,604,871,1312,1073,1626,1968,2321,20463,871,4699,1978,6091,9036,2799,43954
147.0,3801.0,73.61702127659575,4895.0,14428.0,17989.0,118.0,219.0,227.0,22.00714285678572,11.36153846153846,10.95925925925926,25174,7,40.1,494.0,57468.0,309.0,3905,54366,123,967,8,1292,216,353,55312,29492,28779,2162,1188,883,360,2253,2705,2159,2655,3329,5356,28674,2981,3134,4605,12666,2932,9452,58271
0.0,0.0,81.56666666666666,2926.0,8865.0,11837.0,56.0,136.0,147.0,22.53571428535714,17.707692307692305,10.514814814814814,12609,46,40.1,51.0,32261.0,128.0,360,32080,0,326,55,717,18,16,31308,16534,15906,895,385,294,397,1349,1418,1384,1484,1472,3893,14923,2571,2606,2754,7404,1748,4827,32440
270.0,5446.0,84.93442622950819,4852.0,14633.0,18813.0,137.0,306.0,252.0,21.78214285721429,15.561538461538465,10.22962962962963,24389,44,44.9,274.0,65090.0,579.0,1011,64932,405,3807,0,1517,18,253,59943,33750,32193,2132,1235,830,583,2842,2544,2463,2753,3046,9113,29894,3883,4980,6407,13294,2319,10896,65943
75.0,3369.0,65.86363636363636,4070.0,13090.0,16550.0,106.0,224.0,246.0,21.921428571821423,11.6,8.84074074074074,25117,171,39.4,396.0,60987.0,393.0,975,60801,286,528,8,1356,162,457,58979,31693,30083,1951,1384,999,753,2049,2334,2000,3013,3790,4754,30398,2475,3122,6868,10449,2248,9944,61776
329.0,11426.0,61.174193548387095,18673.0,48667.0,61985.0,335.0,723.0,820.0,21.567857143,6.561538461538461,4.730769230769231,104712,94,43.9,5044.0,217570.0,7141.0,10356,219399,2922,9971,70,6354,181,3340,206917,117587,112168,9957,5925,5859,5051,9288,8461,7703,11070,14819,18401,122953,7947,9523,37145,34956,6805,41090,229755
0.0,0.0,81.71929824561404,5297.0,17750.0,24462.0,86.0,233.0,64.0,21.710714285714285,14.646153846153847,8.948148148148148,22962,120,41.6,197.0,59415.0,289.0,596,59305,224,1022,12,1333,7,273,57030,30696,29205,1460,820,437,446,2871,2043,1924,2664,3098,7445,25499,4963,4607,5157,12988,3309,9582,59901
227.0,8251.0,59.66935483870968,15176.0,41458.0,52928.0,200.0,468.0,518.0,21.567857143107144,9.653846153846152,5.1038461538461535,74525,244,40.0,1584.0,170137.0,3688.0,3587,171822,2771,7426,25,5268,214,675,159030,89447,85962,6732,4052,4963,4219,5038,5342,5409,6306,9270,13135,88197,9166,6595,26754,27505,5741,30197,175409
39.0,1270.0,69.0,3586.0,10185.0,12777.0,73.0,166.0,179.0,22.007142857035717,10.276923076923076,5.496153846153846,19070,38,41.2,292.0,44747.0,276.0,786,44529,343,656,36,1429,42,189,42620,22761,22554,1799,1111,845,534,2004,1483,1769,2170,2896,3993,22271,2703,2038,3913,10160,1529,7504,45315
555.0,23639.0,68.8989898989899,22358.0,66271.0,89885.0,427.0,955.0,1054.0,21.57142857167857,11.915384615384616,5.507692307692308,128507,136,41.9,3445.0,299876.0,5813.0,31425,277709,3558,25104,89,15622,978,3734,260049,156993,152141,11229,6912,7015,5990,10964,10479,10411,12180,16309,30180,150216,16430,16256,41339,45377,14021,57146,309134
2075.0,76378.0,77.72899159663865,36060.0,99259.0,126129.0,767.0,1366.0,1496.0,21.714285714464285,15.430769230769233,9.496296296296295,177443,594,38.1,6971.0,414680.0,8668.0,31680,398639,7376,81339,128,23113,1331,10351,306681,221922,208397,14006,8909,8564,6500,17886,16294,14170,17997,20506,56640,215513,34204,22415,61470,62830,20587,78246,430319
45.0,903.0,57.642857142857146,3973.0,9625.0,11605.0,55.0,126.0,144.0,21.567857142857143,11.13076923076923,4.8769230769230765,17564,20,41.1,462.0,43667.0,119.0,994,43254,282,2586,10,1475,42,195,39658,20146,24102,1798,853,1202,542,1413,1347,1359,1676,2465,2362,20328,2191,1883,4702,9797,2981,7511,44248
639.0,33692.0,81.12796208530806,19652.0,53174.0,67576.0,557.0,1055.0,1174.0,21.714285714785717,17.784615384615385,9.514814814814814,91842,180,43.5,1998.0,222808.0,3646.0,14366,214086,2192,33710,40,9642,519,3143,179206,116543,111909,7003,4588,3572,2956,11005,9048,7834,9374,11864,31625,113447,17537,13737,30563,40150,8998,36012,228452
201.0,7292.0,80.82456140350877,8056.0,19781.0,24520.0,137.0,262.0,284.0,21.928571428571427,14.576923076923077,8.881481481481481,24301,15,41.6,431.0,64241.0,507.0,1831,63348,470,3378,29,2559,164,430,58149,30418,34761,1504,1131,857,824,2910,2274,2071,2638,3161,7247,28251,4218,3612,4527,14884,3197,12057,65179
148.0,7276.0,48.41818181818182,13662.0,39867.0,50941.0,238.0,496.0,533.0,21.574999999892857,5.084615384615384,4.4,84612,200,42.5,1653.0,173856.0,3607.0,4100,175016,1815,2490,0,4115,309,1094,169293,90515,88601,8597,6036,6193,5383,5185,5629,5107,7467,9785,10357,97335,4307,5336,35140,26363,3416,28792,179116
0.0,0.0,87.56521739130434,1359.0,4581.0,6419.0,37.0,80.0,95.0,22.285714285714285,19.17692307692308,11.351851851851851,7900,23,43.3,56.0,22910.0,8.0,181,22793,0,121,0,506,22,48,22277,11493,11481,569,326,335,153,873,1082,492,911,1045,3304,9332,2082,2413,1492,5130,1636,3537,22974
42.0,2098.0,62.3125,4605.0,9668.0,11372.0,101.0,133.0,135.0,22.500000000392856,8.123076923076923,4.611538461538462,20187,96,39.4,513.0,40325.0,196.0,777,40257,272,279,337,398,0,110,39638,20335,20699,1635,1120,675,554,1229,1728,1365,1955,2852,2965,21915,1068,1843,4482,7899,1027,6480,41034
181.0,6812.0,67.41379310344827,10083.0,25653.0,31994.0,198.0,470.0,517.0,21.714285713964284,7.561538461538461,5.449999999999999,46750,105,41.2,1060.0,103712.0,1302.0,1868,104206,1434,2050,7,3132,140,341,98970,53519,52555,4198,2763,2349,1549,3922,3288,3739,5156,5831,8465,53933,4071,4305,12881,19012,3333,18733,106074
0.0,0.0,82.75,1180.0,3447.0,4247.0,37.0,79.0,59.0,22.47142857107143,15.315384615384614,11.774074074074074,4951,2,47.0,14.0,13739.0,74.0,15,13812,67,63,0,276,0,1,13420,6881,6946,358,189,301,153,708,491,457,445,831,1921,5639,864,1623,898,3043,565,2276,13827
1810.0,85080.0,76.86198547215497,47674.0,126343.0,162583.0,932.0,1936.0,2203.0,21.70357142875,14.0,9.192592592592591,217218,584,39.1,12819.0,505819.0,13350.0,16616,515372,11744,109457,208,21316,978,5852,382433,275926,256062,18002,11488,11213,9117,22368,20162,17066,23491,29281,64889,266518,35501,28137,79543,70404,22129,97968,531988
0.0,0.0,85.53333333333333,1026.0,3259.0,4123.0,34.0,55.0,62.0,22.253571428535714,16.146153846153847,10.837037037037035,5451,0,44.8,2.0,14510.0,45.0,139,14418,12,537,0,464,24,65,13455,7335,7222,311,200,134,54,544,849,550,688,624,2122,6180,1301,1382,750,3050,1012,2516,14557
0.0,0.0,63.72,2627.0,7723.0,9404.0,37.0,99.0,113.0,21.575000000357143,10.115384615384617,5.780769230769232,15389,7,42.7,96.0,34736.0,316.0,540,34608,155,263,0,868,46,61,33755,17561,17587,1347,824,412,455,1072,1041,1804,1903,1862,2344,18198,1365,1863,2889,7720,2022,5734,35148
282.0,13616.0,78.55714285714286,8280.0,25193.0,31774.0,131.0,287.0,323.0,21.932142856785717,14.692307692307692,9.848148148148148,35443,180,40.5,299.0,85330.0,404.0,1052,84981,439,2658,57,3670,143,430,78636,44165,41868,2216,1389,1372,974,3723,3191,2523,3845,4004,10560,40769,6126,5462,8273,17075,4347,14038,86033
0.0,0.0,81.27272727272727,1294.0,3196.0,3911.0,42.0,55.0,60.0,22.507142857071425,13.753846153846156,11.062962962962963,3988,34,51.2,58.0,14331.0,21.0,146,14264,11,810,0,154,33,109,13293,5928,8482,391,295,110,108,450,452,683,397,505,1578,4655,552,1345,584,3274,1211,1976,14410
0.0,0.0,62.09090909090909,3268.0,8435.0,10862.0,73.0,136.0,149.0,21.889285714642856,8.430769230769231,7.392307692307692,16813,5,49.6,133.0,40046.0,378.0,2105,38452,99,524,2,889,152,465,38426,20288,20269,2384,913,836,915,1566,2065,1634,1693,2301,3933,19502,1230,2871,4884,7097,1139,7116,40557
0.0,0.0,79.76470588235294,1625.0,4594.0,5564.0,34.0,74.0,61.0,22.28214285714285,11.238461538461538,9.348148148148148,7767,0,42.2,108.0,18474.0,160.0,905,17837,49,107,10,591,22,124,17839,9380,9362,741,406,211,136,804,760,573,940,1229,1892,8798,866,1565,1659,4009,736,3060,18742
0.0,0.0,78.28571428571429,2728.0,8244.0,10359.0,48.0,123.0,132.0,21.860714285357144,13.592307692307692,7.088461538461539,14072,26,40.7,53.0,35901.0,122.0,319,35757,32,263,22,619,80,105,34955,18026,18050,1069,556,398,318,1348,1068,1190,1410,2032,3827,16214,2691,2436,2673,8592,1964,5497,36076
83.0,2158.0,62.23076923076923,8118.0,17437.0,21284.0,112.0,221.0,242.0,21.575000000714287,8.707692307692309,5.684615384615385,22495,9,39.5,201.0,57524.0,387.0,862,57250,300,2019,0,1305,162,308,54018,27694,30418,2164,1314,1295,642,1500,1862,1739,2351,2542,4399,26095,2916,2642,6324,12549,3631,8981,58112
0.0,0.0,78.80952380952381,2191.0,7435.0,9998.0,39.0,111.0,137.0,22.571428571428573,19.37692307692308,11.674074074074074,9851,88,40.7,50.0,27822.0,42.0,229,27685,27,284,88,596,172,49,26698,14154,13760,806,531,481,216,1251,1013,734,843,1526,3636,11307,2266,2677,2201,6250,2013,3925,27914
187.0,6333.0,64.47115384615384,11217.0,33956.0,44355.0,180.0,439.0,481.0,21.710714285642855,10.607692307692307,5.530769230769232,71671,108,38.3,3368.0,157055.0,2053.0,3106,159370,3046,7108,56,5652,155,700,145759,82748,79728,5842,4221,3757,2786,5332,5663,5250,6136,8354,15444,88882,6362,6650,24568,28276,4784,21649,162476
0.0,0.0,71.72727272727273,3547.0,9434.0,11659.0,88.0,193.0,181.0,21.92499999967857,10.353846153846153,8.974074074074075,18073,5,43.1,172.0,40643.0,180.0,388,40607,109,314,3,846,48,60,39615,20579,20416,1603,857,792,435,1580,1492,1480,2033,2677,3468,20319,1328,2232,4015,8956,1494,6515,40995
0.0,0.0,62.07407407407408,4011.0,8432.0,9940.0,101.0,153.0,164.0,22.28214285675,6.6692307692307695,5.073076923076924,15893,4,40.2,173.0,33349.0,314.0,2134,31702,43,217,9,461,9,1185,31912,16923,16913,1819,950,725,564,1002,1494,1080,1475,1949,2243,17782,894,1704,4541,5740,712,5757,33836
303.0,12061.0,79.34042553191489,10425.0,31404.0,39253.0,206.0,497.0,543.0,21.789285714285715,12.515384615384615,9.377777777777778,47302,122,41.5,968.0,118888.0,1187.0,2425,118618,901,10504,104,4164,181,900,104289,59557,61486,3797,1674,1551,987,5464,4866,4240,5447,6466,14475,54766,7896,8400,11142,23458,6578,19906,121043
209.0,9969.0,75.8135593220339,6204.0,19154.0,25027.0,137.0,292.0,325.0,21.928571428571427,16.607692307692307,9.396296296296295,28688,36,41.2,396.0,76031.0,389.0,1015,75801,390,4348,15,2388,30,340,69305,36752,40064,2654,1285,973,663,2515,2774,2292,2967,4060,8897,32970,5212,4333,6934,17926,4276,12597,76816
81.0,2621.0,75.56896551724138,4825.0,13845.0,17612.0,112.0,230.0,256.0,22.06785714317857,12.346153846153848,9.059259259259258,25792,27,42.4,476.0,57728.0,597.0,5984,52817,287,1573,12,2562,295,1277,52795,29440,29361,2174,909,934,701,2641,2504,2292,2912,3177,5581,29309,3167,3807,5269,12125,1981,10683,58801
223.0,9201.0,84.17647058823529,6032.0,20519.0,27836.0,105.0,244.0,254.0,22.07857142892857,21.346153846153847,10.355555555555556,25209,10,40.1,271.0,74927.0,243.0,1082,74359,330,2271,6,1493,168,241,70932,38351,37090,2020,1047,969,681,2740,2616,2370,2256,3424,11438,29364,6980,5788,6606,16528,4897,10948,75441
35.0,2793.0,80.34615384615384,4772.0,12717.0,15784.0,112.0,223.0,248.0,22.07142857110714,11.515384615384615,9.437037037037037,23388,20,40.4,659.0,54111.0,481.0,2928,52323,353,1739,0,1233,198,624,51104,27493,27758,1937,959,721,360,2524,2498,1924,2603,2984,5249,27791,2936,3083,4895,11815,1933,8787,55251
71.0,2412.0,65.56410256410257,4430.0,11023.0,13326.0,80.0,185.0,202.0,22.067857142857143,9.923076923076923,5.546153846153846,22538,21,39.8,324.0,47865.0,421.0,759,47851,431,1193,0,1144,99,209,45534,24173,24437,1934,1378,991,623,1694,1668,1509,2221,2919,3733,25862,2344,2208,5201,9485,2171,7586,48610
958.0,34563.0,73.12110726643598,29723.0,79520.0,98019.0,843.0,1672.0,1817.0,21.707142857,11.23076923076923,9.251851851851852,157155,485,42.1,2958.0,363910.0,4648.0,7934,363582,3284,27511,12,14167,479,2510,323553,190987,180529,13665,8171,6940,5314,14769,14837,12779,17080,19934,40833,187007,24442,19917,46968,66160,12241,62481,371516
1422.0,75396.0,70.68444444444444,40985.0,111786.0,143348.0,957.0,1666.0,1844.0,21.71785714303571,10.884615384615383,5.715384615384616,237397,767,40.9,13828.0,511654.0,15328.0,12164,528646,19919,77705,59,19551,909,2572,420095,278622,262188,18358,13153,12363,12970,21523,19209,17527,23482,31802,56334,285601,30929,27256,98930,78448,19919,87223,540810
349.0,15865.0,82.91011235955057,14506.0,41313.0,52689.0,465.0,913.0,949.0,21.7178571425,14.207692307692309,9.92222222222222,77814,383,44.4,592.0,196153.0,2399.0,3739,195405,1054,16313,175,5986,241,460,174915,102228,96916,6682,3175,2598,2093,9159,8376,8005,8932,9468,27429,89937,13097,14785,20878,41312,9519,28408,199144
87.0,3682.0,73.75324675324676,8188.0,20535.0,25479.0,236.0,484.0,539.0,22.07499999964286,11.423076923076923,9.11851851851852,38591,282,41.0,984.0,90445.0,736.0,2806,89359,360,609,0,1896,77,325,88898,46693,45472,3531,1712,1204,812,3795,3794,3173,4266,5217,9402,45629,5245,6804,8986,19860,5542,11343,92165
51.0,2262.0,43.193548387096776,5202.0,15526.0,19949.0,52.0,98.0,117.0,21.564285714285717,4.023076923076923,4.388461538461538,25046,33,38.1,1065.0,55291.0,1515.0,1071,56800,2419,1423,37,1461,134,124,52273,30084,27787,2429,2320,1918,2321,1234,1385,1350,2611,2791,2336,30386,860,1545,12521,9264,1520,8794,57871
34.0,1131.0,77.96296296296296,2313.0,6701.0,8157.0,57.0,140.0,135.0,22.21785714275,9.492307692307692,9.318518518518518,12641,24,41.2,100.0,28064.0,49.0,1016,27197,78,262,0,595,92,148,27038,14345,13868,980,390,495,224,1246,1263,1202,1491,1845,2504,14490,1144,2025,2589,5543,925,5117,28213
0.0,0.0,87.83333333333333,770.0,2892.0,3697.0,15.0,55.0,60.0,22.53571428557143,19.43846153846154,10.496296296296295,4875,20,43.2,32.0,12949.0,64.0,177,12868,31,8,0,236,11,0,12759,6495,6550,330,319,148,37,850,458,484,587,483,1525,5855,1364,1489,961,2849,1212,1875,13045
0.0,0.0,43.293577981651374,22710.0,57394.0,72639.0,277.0,561.0,640.0,21.56785714278572,4.484615384615385,4.715384615384616,100022,102,39.6,7973.0,215522.0,9045.0,6771,225769,14209,8440,5,5543,208,1050,203085,115335,117205,9998,6862,9047,11457,4547,6016,6261,8200,11671,10068,118846,3913,4981,57668,29427,5810,30658,232540
205.0,9436.0,71.80434782608695,4798.0,12314.0,15502.0,97.0,197.0,226.0,21.91785714253572,12.86923076923077,9.377777777777778,24149,34,44.4,507.0,59260.0,450.0,666,59551,452,794,0,989,250,126,57606,30425,29792,1872,1029,986,718,2520,2213,2154,2727,3408,7176,28581,3095,4773,6138,11563,2301,10641,60217
135.0,5420.0,63.55,7985.0,23050.0,28587.0,219.0,429.0,474.0,21.924999999642857,8.96923076923077,8.285185185185185,48117,387,38.6,1366.0,113678.0,1019.0,2379,113684,1195,1437,17,2391,147,1348,109528,58502,57561,4267,2107,2090,1801,3934,3847,3997,5691,6686,9818,56964,4988,7012,13681,20249,7222,14723,116063
75.0,1620.0,80.47222222222223,3046.0,8982.0,11940.0,78.0,159.0,141.0,22.42142857085714,10.415384615384616,9.45185185185185,16161,68,41.4,321.0,36218.0,221.0,1722,35038,215,395,16,901,86,418,34729,18558,18202,1105,484,541,297,1993,1394,1692,1833,2240,3687,18308,1946,2342,3046,7199,1257,7180,36760
99.0,2093.0,64.1685393258427,11762.0,31327.0,38658.0,194.0,347.0,388.0,21.710714286,7.561538461538461,5.288461538461538,59834,77,35.1,2173.0,126457.0,2032.0,7518,123144,2185,3164,110,4686,257,1670,118590,66334,64328,4685,3130,3392,3058,4505,4048,4269,5494,6693,11371,73488,3866,4476,22327,17268,2510,19336,130662
0.0,0.0,72.68181818181819,2137.0,5399.0,6692.0,53.0,101.0,111.0,22.56428571460714,9.13076923076923,5.792307692307692,10233,24,43.0,172.0,21598.0,137.0,660,21247,214,24,0,458,0,95,21116,11138,10769,914,450,259,238,788,849,820,1228,1290,2264,11511,555,1349,2448,4611,630,3436,21907
40.0,491.0,89.72222222222223,3137.0,7808.0,9588.0,26.0,62.0,79.0,22.289285714285715,19.523076923076925,8.311111111111112,7052,22,37.6,224.0,21761.0,186.0,1551,20620,208,125,22,2175,9834,688,9119,11039,11132,374,203,93,73,703,718,612,580,819,3457,8328,2530,3390,1046,5078,1958,2771,22171
0.0,0.0,82.0,1150.0,1704.0,1859.0,5.0,9.0,17.0,22.7928571425,19.321428571428573,37.56739130434782,1939,0,43.4,102.0,5613.0,76.0,339,5452,17,171,0,363,137,197,4906,2307,3484,181,152,92,31,136,185,126,248,318,428,2302,235,318,637,1145,473,913,5791
0.0,0.0,85.4,1785.0,3825.0,4626.0,13.0,35.0,56.0,22.64285714357143,15.653846153846152,8.537037037037036,4247,14,40.5,136.0,13593.0,86.0,509,13306,53,460,0,1900,1399,102,9901,6579,7236,335,159,204,124,629,526,328,564,537,1794,5033,956,1330,1025,2776,1079,2089,13815
0.0,0.0,82.42857142857143,450.0,949.0,1143.0,6.0,9.0,11.0,22.77857142857143,19.02857142857143,34.035555555555554,2133,10,39.8,482.0,4767.0,77.0,1303,4023,1,44,0,265,82,757,4177,2652,2674,147,130,71,22,178,246,209,234,275,482,2596,250,305,553,816,376,770,5326
62.0,1592.0,76.0,2801.0,5885.0,7074.0,39.0,75.0,109.0,22.6,16.823076923076922,6.877777777777777,7596,0,35.9,447.0,21084.0,329.0,3249,18611,49,913,1,1108,602,871,18316,9934,11926,799,278,326,180,610,805,398,700,1048,2580,8874,844,1549,1903,4162,1661,3798,21860
0.0,0.0,83.2,1007.0,2405.0,2858.0,8.0,30.0,51.0,22.142857142857142,16.653846153846153,15.54,3242,0,42.7,813.0,8671.0,37.0,1165,8356,4,384,0,597,748,277,7511,4323,5198,252,267,170,147,357,543,362,383,378,1081,3724,404,938,1002,1834,984,1422,9521
105.0,5972.0,79.45161290322581,5991.0,13483.0,16785.0,57.0,108.0,144.0,22.214285714285715,14.938461538461535,7.059259259259259,17958,55,37.0,914.0,46077.0,334.0,2998,44327,308,853,60,3978,6464,1054,34608,24313,23012,1172,719,619,495,2381,1435,1678,1920,1867,5348,21369,2665,3727,5263,8058,2634,7370,47325
0.0,0.0,88.44444444444444,3862.0,8185.0,9785.0,61.0,132.0,186.0,22.13928571392857,24.200000000000003,7.52962962962963,10247,20,38.2,1451.0,27457.0,271.0,3906,25273,152,710,31,2712,6279,996,18299,13784,15395,787,426,287,192,1156,1132,867,1062,1267,3289,11993,2447,2568,2064,6349,2165,4216,29179
66.0,3677.0,57.300970873786405,16157.0,38719.0,47296.0,100.0,295.0,420.0,21.57142857167857,6.584615384615384,3.419230769230769,65580,248,36.0,2882.0,137869.0,3859.0,13688,130922,4355,4519,23,10686,5724,4628,114675,72841,71769,5754,3844,3242,2239,3971,3462,3821,5291,7241,6859,74930,5556,4073,22598,21956,6122,26200,144610
180.0,5350.0,78.68085106382979,5774.0,13800.0,18656.0,63.0,193.0,253.0,22.349999999642858,14.0,7.903703703703703,19557,24,38.3,1177.0,46683.0,520.0,3792,44588,615,3175,25,4720,3812,645,35388,24789,23591,1357,878,914,505,1879,1550,1541,2006,2234,5610,22285,3262,4568,4917,8759,2897,7706,48380
142.0,5691.0,78.37142857142857,5476.0,14459.0,17136.0,44.0,118.0,165.0,22.214285714285715,17.56923076923077,7.351851851851852,17669,76,35.8,1174.0,47231.0,466.0,3683,45188,417,629,30,6161,16486,838,24310,25021,23850,1079,418,407,352,1833,1544,1578,1811,2108,6234,21676,3500,3979,5750,7310,2656,6987,48871
34.0,681.0,88.23529411764706,1581.0,4048.0,4933.0,14.0,51.0,69.0,22.571428571428573,18.93846153846154,8.796296296296296,5030,32,41.8,124.0,14525.0,78.0,682,14045,19,1584,5,1388,2429,181,9121,7662,7065,384,187,132,127,580,439,488,471,606,2660,5909,1661,1789,1015,2908,950,2157,14727
0.0,0.0,91.5,203.0,562.0,690.0,1.0,2.0,9.0,22.78214285714285,21.042857142857144,20.954,774,0,44.1,117.0,1992.0,50.0,497,1662,0,3,0,37,4,7,2108,1086,1073,60,96,16,15,111,146,88,110,51,259,970,98,288,233,349,147,276,2159
372.0,14274.0,59.0462962962963,29059.0,78440.0,97767.0,282.0,609.0,879.0,21.575,9.053846153846154,3.373076923076923,128582,355,34.4,9003.0,264337.0,8849.0,25353,256836,12145,13465,182,23511,12159,5430,215297,141401,140788,11867,6585,6373,5306,9786,9801,8336,12482,16209,21325,151705,11515,8242,49376,33605,10136,49539,282189
0.0,0.0,90.33333333333331,685.0,1646.0,2055.0,14.0,20.0,26.0,22.789285714285715,19.353846153846156,16.573333333333334,1876,4,41.4,27.0,5518.0,32.0,257,5320,36,6,0,1052,537,78,3868,2769,2808,170,48,66,50,244,229,144,204,266,831,2239,513,652,505,1108,353,606,5577
398.0,13568.0,75.50602409638554,12323.0,31417.0,38421.0,145.0,311.0,421.0,21.778571428714287,16.43846153846154,7.366666666666667,46048,192,33.3,3293.0,114228.0,3853.0,16428,104946,3208,19929,493,13461,5973,3755,74555,58658,62716,4199,2143,1307,1231,4182,4573,3793,4128,5968,11717,59779,8012,4878,14527,20405,5424,21852,121374
0.0,0.0,89.0,660.0,1410.0,1645.0,14.0,23.0,35.0,22.03571428607143,16.33076923076923,19.43125,2215,0,43.0,14.0,5751.0,18.0,484,5299,0,122,0,331,589,67,4674,2827,2956,197,145,73,56,147,231,163,180,276,747,2585,557,362,465,1231,432,741,5783
55.0,979.0,81.83333333333333,1904.0,4676.0,5866.0,11.0,33.0,63.0,22.28928571392857,16.661538461538463,7.65925925925926,4849,39,42.2,171.0,14033.0,70.0,547,13727,118,426,25,1252,3100,177,9176,6990,7284,263,114,128,58,628,702,458,581,637,1859,5945,708,1372,1061,2987,859,2356,14274
0.0,0.0,74.12727272727273,6666.0,18045.0,22005.0,121.0,263.0,354.0,21.717857142857145,12.223076923076924,8.103703703703705,27434,6,40.4,930.0,70055.0,520.0,3136,68369,420,1533,22,4456,8332,663,56079,36136,35369,2237,1131,1068,899,2576,2289,1958,2586,3737,7912,31239,4718,4351,6154,14595,3724,11803,71505
0.0,0.0,70.77272727272727,4035.0,7747.0,9449.0,72.0,129.0,177.0,22.603571428571428,15.830769230769231,6.844444444444445,13399,16,31.9,1079.0,26933.0,917.0,5322,23607,343,876,5,2949,1057,1269,22430,14742,14187,1156,780,442,409,1154,718,765,1043,928,3302,14924,1187,1512,3233,3853,1760,4539,28929
41.0,1454.0,80.1025641025641,4438.0,10982.0,13336.0,63.0,161.0,220.0,22.28214285714285,17.93076923076923,7.8,14479,51,46.7,437.0,41893.0,411.0,1672,41069,525,213,39,4174,9692,451,27647,21714,21027,1132,541,584,400,1965,1882,1315,1536,1846,5787,17567,3096,4062,3486,7813,3005,6114,42741
0.0,0.0,84.25,538.0,1058.0,1209.0,6.0,19.0,35.0,22.789285714,16.123076923076923,34.08695652173913,1823,0,39.2,105.0,4772.0,8.0,373,4512,6,4,0,263,292,10,4310,2485,2400,123,63,81,88,283,170,116,195,206,390,2127,163,310,463,970,149,678,4885
0.0,0.0,83.66666666666667,352.0,766.0,1009.0,3.0,6.0,12.0,22.785714285714285,18.07857142857143,32.12708333333333,1439,13,44.3,57.0,3834.0,45.0,288,3648,24,10,0,184,76,63,3579,2018,1918,121,107,25,68,89,162,111,173,173,552,1801,193,360,361,577,289,637,3936
274.0,7368.0,76.6,7633.0,15068.0,17719.0,82.0,212.0,310.0,22.360714285714288,13.423076923076923,3.7115384615384617,25706,62,35.8,3841.0,56401.0,1313.0,7935,53620,586,1557,2350,3814,1304,2490,49454,31004,30551,2052,1388,993,660,2175,1717,2367,3126,2640,6591,29792,4575,3802,6752,11032,4302,8443,61555
26.0,726.0,83.53846153846153,3482.0,6978.0,8365.0,54.0,100.0,154.0,22.1428571425,14.207692307692309,7.366666666666666,10507,3,38.9,626.0,26827.0,336.0,2612,25177,25,602,0,2530,1530,202,22900,13990,13799,718,419,428,267,1186,1333,914,870,1180,3060,11671,1783,1875,2176,6129,1672,3672,27789
48.0,845.0,69.6086956521739,5710.0,13625.0,16567.0,81.0,185.0,260.0,21.57499999992857,11.5,3.942307692307693,22774,70,39.6,554.0,54325.0,436.0,3306,52009,209,1244,0,3873,2620,450,46919,27685,27630,2169,1262,1209,1065,1743,1460,1702,2308,2519,4670,25751,2589,3361,6207,11386,2577,8413,55315
0.0,0.0,89.75,541.0,1027.0,1245.0,7.0,8.0,17.0,22.782142856714284,19.692857142857143,37.72708333333333,1831,0,42.0,24.0,4336.0,9.0,234,4135,7,38,4,263,69,102,3886,2204,2165,163,93,88,29,201,210,151,170,250,406,2106,312,429,439,821,127,663,4369
0.0,0.0,89.2,540.0,1279.0,1546.0,17.0,25.0,43.0,22.567857142857143,20.392307692307693,29.01621621621621,1821,0,38.6,47.0,5717.0,26.0,686,5104,0,335,0,521,125,181,4628,2519,3271,152,65,47,21,185,235,302,197,203,702,2117,533,484,405,1145,525,1073,5790
0.0,0.0,90.0,290.0,515.0,833.0,3.0,7.0,15.0,22.789285714285715,26.96923076923077,26.238000000000003,1063,0,40.5,62.0,2496.0,105.0,796,1867,12,260,0,120,52,474,1745,1351,1312,67,61,40,55,133,79,136,110,122,288,1268,185,196,218,410,247,469,2663
0.0,0.0,90.5,408.0,702.0,824.0,4.0,10.0,13.0,22.78214285714285,26.4,28.36530612244898,1364,108,36.4,360.0,3298.0,72.0,871,2859,0,3,0,73,2,290,3362,1902,1828,91,29,20,8,178,99,68,166,180,397,1555,169,333,312,554,337,665,3730
0.0,0.0,86.81818181818181,1232.0,2767.0,3271.0,11.0,29.0,42.0,22.28214285714285,21.784615384615385,8.148148148148149,4468,53,41.4,160.0,12391.0,137.0,590,12098,111,83,2,2259,1063,134,9036,6422,6266,297,246,169,135,443,440,362,500,491,1852,5318,1248,1220,919,2444,783,2044,12688
0.0,0.0,93.15384615384616,1176.0,2543.0,3024.0,18.0,44.0,64.0,22.567857142857143,19.79230769230769,9.007407407407406,3488,6,39.0,144.0,13051.0,70.0,783,12482,21,537,0,946,2869,88,8804,6246,7019,247,128,125,47,501,328,343,376,379,1632,4370,1157,1512,787,2664,1086,2014,13265
49.0,1911.0,79.21739130434783,2959.0,6533.0,8015.0,45.0,86.0,112.0,22.428571428571427,14.984615384615385,7.488888888888888,10698,41,34.4,668.0,23576.0,564.0,6112,18696,347,1748,24,2141,339,1999,18210,12390,12418,797,346,435,284,991,983,625,1232,1326,2662,12148,1933,1156,2781,3467,1741,4268,24808
0.0,0.0,94.5,673.0,1281.0,1525.0,12.0,20.0,29.0,22.50714285678572,23.838461538461537,22.19393939393939,1973,21,42.2,60.0,5923.0,101.0,672,5412,1,104,0,436,331,133,5079,3061,3023,135,66,48,73,222,377,177,185,213,886,2415,656,707,480,1198,418,770,6084
0.0,0.0,86.6,1335.0,2998.0,3802.0,20.0,47.0,60.0,22.639285714642856,19.57692307692308,8.525925925925925,3803,46,41.0,109.0,10856.0,63.0,626,10402,7,172,24,2105,758,132,7830,5554,5474,185,172,64,54,484,531,353,407,563,1500,4494,852,1303,1212,1851,588,1625,11028
81.0,2218.0,86.05,5107.0,12082.0,15326.0,83.0,166.0,230.0,22.36071428607143,16.123076923076923,8.514814814814814,17122,29,38.5,707.0,42885.0,482.0,3663,40411,215,859,0,3289,4322,1294,34095,22161,21913,1159,464,651,506,1963,1831,1460,1998,2139,5221,20022,3991,3560,3785,7127,2578,7443,44074
0.0,0.0,66.0,2001.0,4108.0,4758.0,26.0,54.0,74.0,22.13928571392857,10.238461538461538,3.065384615384616,6932,87,37.9,1053.0,14233.0,525.0,2610,13201,299,209,29,910,338,722,13304,7945,7866,578,310,450,349,609,513,442,582,701,1235,7782,476,824,1854,3037,811,1999,15811
38.0,417.0,96.11111111111111,802.0,1943.0,2336.0,16.0,41.0,56.0,22.275000000357142,19.56923076923077,6.881481481481482,3255,0,43.1,90.0,8702.0,24.0,1041,7775,46,369,0,780,316,170,7135,4574,4242,166,102,62,86,395,269,315,303,377,1479,3843,879,767,782,1707,531,1418,8816
43.0,1085.0,90.75,823.0,2269.0,2645.0,9.0,23.0,41.0,22.571428571785717,19.423076923076923,9.014814814814814,3442,11,41.9,76.0,10064.0,99.0,426,9813,84,95,0,1200,2179,24,6657,5036,5203,346,89,144,106,515,361,295,376,326,1525,4180,767,1000,714,1831,533,1728,10239
0.0,0.0,88.82051282051282,5435.0,12345.0,15202.0,46.0,89.0,117.0,21.714285714285715,19.95384615384615,8.24074074074074,18021,21,39.0,1172.0,48399.0,428.0,3604,46395,364,883,56,5002,5550,902,37242,25005,24994,1272,534,311,312,2287,1853,1681,1803,1818,6438,20278,4545,4692,3627,10257,3615,7295,49999
0.0,0.0,78.72,3103.0,7772.0,9631.0,57.0,112.0,147.0,21.57142857107143,12.46923076923077,7.388888888888889,13002,21,41.1,211.0,34578.0,147.0,1228,33708,84,646,20,1996,2556,125,29509,17558,17378,1117,568,466,377,1242,1131,1063,1371,1700,3987,15104,1977,3744,2680,7078,1900,5843,34936
0.0,0.0,59.02702702702703,4031.0,10670.0,13264.0,31.0,115.0,174.0,21.574999999714287,10.13846153846154,3.4884615384615385,19272,42,39.1,761.0,45969.0,671.0,3079,44322,272,3855,10,2596,1598,168,38902,23843,23558,1362,1153,1220,1656,1180,1127,1015,1574,1932,3449,22849,1828,2123,7409,7078,2051,7405,47401
0.0,0.0,74.85714285714286,1434.0,3028.0,3872.0,13.0,29.0,46.0,22.678571428571427,15.823076923076922,7.322222222222222,3577,0,39.4,380.0,9457.0,291.0,1651,8477,82,245,0,844,521,153,8283,5085,5043,325,103,161,31,301,386,264,360,545,864,4258,622,719,647,1910,790,1480,10128
20.0,248.0,54.935483870967744,5073.0,11531.0,14266.0,52.0,106.0,143.0,21.571428571785717,7.230769230769231,3.565384615384616,17248,35,38.8,655.0,38750.0,516.0,3273,36648,46,487,22,2902,2391,414,33659,20098,19823,1700,1193,914,845,997,1031,1043,2095,2015,2950,19841,1764,1506,5729,6138,2012,6698,39921
0.0,0.0,90.36363636363636,3837.0,7995.0,9534.0,69.0,129.0,174.0,22.7178571425,21.392307692307693,9.57777777777778,12266,46,38.5,645.0,31826.0,442.0,2045,30868,271,2582,425,3634,4632,768,20601,16622,16291,714,368,247,137,1508,1074,964,1199,1521,4919,13637,3375,3822,2328,6726,2309,4483,32913
0.0,0.0,82.15,1945.0,4879.0,5606.0,37.0,94.0,133.0,22.289285714285715,18.207692307692305,9.292592592592593,5418,31,47.7,92.0,19382.0,203.0,578,19099,13,461,12,2098,3387,31,13675,9863,9814,398,281,236,150,1047,727,811,797,681,3088,6878,1613,2314,1206,4051,1122,2998,19677
0.0,0.0,75.0,944.0,2433.0,2559.0,12.0,32.0,41.0,22.717857143214285,12.96923076923077,17.061290322580643,3020,10,39.9,227.0,7195.0,232.0,765,6889,76,19,6,421,217,233,6682,3841,3813,229,241,154,83,272,396,253,337,414,685,3344,384,468,702,1432,318,1171,7654
0.0,0.0,82.35714285714286,1879.0,4527.0,5513.0,12.0,28.0,48.0,22.2821428575,14.723076923076924,7.814814814814815,6068,0,43.2,942.0,15522.0,224.0,3024,13664,27,288,21,1843,989,2031,11489,8425,8263,414,278,235,117,676,595,697,648,686,2038,6902,1033,1852,1037,2804,1439,2538,16688
14.0,461.0,81.5625,4063.0,10196.0,12744.0,39.0,126.0,172.0,22.289285714285715,13.846153846153848,8.311111111111112,15895,47,40.5,280.0,40630.0,188.0,1531,39567,159,161,138,5330,8215,281,26814,20611,20487,1300,515,615,375,1446,1287,1243,1699,2290,5301,18587,3183,2616,3130,8085,2392,6932,41098
0.0,0.0,75.84615384615384,1929.0,4151.0,5170.0,23.0,53.0,84.0,22.5678571425,14.16153846153846,4.1923076923076925,5702,4,42.7,288.0,13571.0,113.0,981,12991,111,247,36,1351,1645,146,10436,6868,7104,354,239,238,137,534,676,412,714,659,1244,6320,1169,1326,1208,2912,1106,1797,13972
365.0,9710.0,85.3,9149.0,19823.0,23843.0,113.0,262.0,375.0,22.082142856785712,17.838461538461537,7.925925925925926,23692,70,38.1,1117.0,66666.0,668.0,4535,63916,491,7043,26,7039,12543,2338,38971,35055,33396,1702,1048,878,553,2905,2263,1987,2825,2498,9876,28096,6444,5519,6871,12036,4286,11021,68451
26.0,216.0,72.0909090909091,1358.0,3004.0,3553.0,14.0,30.0,46.0,22.146428570714285,10.86153846153846,3.757692307692308,4696,12,41.3,45.0,11187.0,31.0,456,10807,11,51,6,987,844,125,9239,5700,5563,515,223,211,150,435,337,433,573,580,1044,5312,476,969,1298,2092,401,1698,11263
0.0,0.0,87.0,1115.0,2767.0,3178.0,16.0,29.0,46.0,22.285714285714285,15.323076923076922,8.351851851851851,3836,0,42.3,75.0,10140.0,28.0,337,9906,30,197,19,1486,1500,99,6912,5156,5087,251,105,241,30,580,327,306,431,446,1411,4644,698,1305,660,2192,480,1821,10243
0.0,0.0,90.0,1766.0,3505.0,4147.0,21.0,47.0,65.0,22.21071428607143,22.83076923076923,7.951851851851852,3584,7,39.7,95.0,11799.0,93.0,508,11479,0,868,0,1605,1849,62,7603,5546,6441,246,123,131,84,484,364,316,421,375,1492,4267,947,1215,694,2501,1043,1905,11987
3572.0,157241.0,67.59334298118668,82107.0,194092.0,239725.0,791.0,1887.0,2650.0,21.57142857107143,14.776923076923076,3.965384615384615,342994,1127,34.9,51710.0,712043.0,28915.0,140112,652556,26119,119664,852,61795,22978,30107,531153,404760,387908,23735,15086,16933,18806,29355,28577,24697,31652,37194,79745,400072,53804,36574,136222,100529,51468,122050,792668
81.0,1301.0,86.66666666666667,3646.0,9635.0,11427.0,50.0,141.0,208.0,21.725,15.223076923076924,8.670370370370371,13564,44,39.3,232.0,38207.0,114.0,1669,36884,157,3105,15,4546,5766,196,24768,19475,19078,873,525,384,296,1539,1517,988,1533,1868,5121,16728,3105,3675,2468,6516,2057,7463,38553
0.0,0.0,76.6923076923077,4519.0,10823.0,13445.0,56.0,127.0,182.0,21.7178571425,11.346153846153848,4.6269230769230765,17819,54,43.0,168.0,46484.0,422.0,1772,45302,162,5184,19,5271,5507,529,30402,23371,23703,1433,841,794,627,2062,1784,1412,1881,2212,5318,20877,2822,3602,4897,8631,2339,8218,47074
0.0,0.0,88.46428571428571,3666.0,9074.0,11366.0,48.0,101.0,133.0,22.210714285714285,18.23846153846154,8.011111111111111,11738,20,37.9,508.0,30513.0,262.0,1841,29442,230,338,204,2805,6297,748,20661,15925,15358,590,313,218,211,1421,1319,1025,1194,1198,4430,13318,2947,2780,2174,5242,2019,5264,31283
0.0,0.0,84.1875,1735.0,4070.0,4935.0,33.0,66.0,87.0,21.710714285714285,12.984615384615385,8.274074074074074,6011,12,42.0,25.0,16345.0,32.0,533,15869,47,130,2,1616,1790,91,12726,8165,8237,417,231,273,147,760,455,547,659,923,1848,6946,817,1605,1410,3587,825,2358,16402
127.0,4963.0,70.98275862068965,8461.0,18116.0,22539.0,49.0,117.0,189.0,21.9964285715,14.5,6.859259259259259,31815,38,27.3,4115.0,75965.0,1832.0,3908,78004,3570,3150,35,5855,3194,792,65316,40155,41757,2546,1147,1122,1040,3489,2765,2324,1970,3193,11750,38740,3237,3692,13274,9010,2604,9104,81912
153.0,2865.0,81.38095238095238,4486.0,10726.0,13481.0,42.0,158.0,228.0,22.3571428575,16.746153846153845,8.244444444444445,15701,75,40.3,659.0,42997.0,299.0,2357,41598,194,1189,60,8200,2320,268,31724,21577,22378,1186,739,693,433,1865,1689,1447,2000,1974,5820,18967,3060,3399,3875,8157,2577,7674,43955
220.0,5851.0,74.75757575757575,4987.0,11857.0,15845.0,49.0,101.0,167.0,22.500000000357144,15.0,7.522222222222223,15773,21,36.0,441.0,37661.0,283.0,2185,36200,305,922,38,5144,5726,372,25878,19705,18680,1347,780,604,401,1392,1229,1261,1202,1701,4317,17848,2091,3731,5394,5827,1801,5500,38385
77.0,3567.0,79.18181818181819,8001.0,20462.0,25958.0,81.0,195.0,303.0,21.925,12.707692307692309,7.674074074074074,27396,54,37.7,585.0,71306.0,620.0,3913,68598,526,2366,67,4503,10336,372,54341,37789,34722,2100,1102,1138,657,2793,2046,2376,2710,3354,7790,32233,5132,4164,6996,12884,4036,12535,72511
42.0,345.0,92.0,997.0,2626.0,3176.0,14.0,40.0,48.0,22.90000000071428,18.13076923076923,8.896296296296295,3613,33,44.0,46.0,10983.0,26.0,447,10608,48,101,17,1200,1714,29,7946,5664,5391,217,88,155,82,497,434,308,411,445,1840,4315,974,1319,733,2266,709,1630,11055
0.0,0.0,74.0,384.0,864.0,1075.0,7.0,12.0,16.0,22.84999999989285,20.685714285714287,30.382,1331,24,40.7,40.0,3579.0,16.0,270,3365,0,12,0,160,220,82,3161,1745,1890,79,45,63,95,163,116,93,159,196,368,1655,212,249,287,601,110,669,3635
87.0,3356.0,61.53448275862069,9996.0,25193.0,30794.0,124.0,293.0,405.0,21.714285714321427,8.184615384615386,4.023076923076923,40263,139,39.3,1197.0,89641.0,1214.0,4507,87545,1403,903,64,9036,11624,955,68067,46287,45765,3745,2365,2365,1878,2888,3065,3086,4102,5067,6647,46362,4365,4858,12082,15169,3219,16976,92052
32.0,447.0,92.07407407407408,2776.0,6061.0,7486.0,41.0,105.0,144.0,22.571428571428573,17.692307692307693,8.896296296296295,8274,12,38.5,374.0,24001.0,249.0,1321,23303,149,1106,12,1673,5027,124,16533,12582,12042,503,245,184,119,1021,794,897,807,951,3836,9935,2298,2680,1637,4247,1635,4382,24624
41.0,547.0,87.2258064516129,3999.0,10559.0,12706.0,32.0,89.0,115.0,21.714285714285715,17.023076923076925,8.248148148148148,15220,95,40.8,426.0,40978.0,283.0,1880,39807,323,882,23,4228,9009,735,26487,21180,20507,902,456,295,198,1842,1752,1273,1605,1666,5448,17087,3709,3596,2704,8130,3428,6522,41687
110.0,3870.0,80.13513513513513,4713.0,10851.0,13031.0,71.0,144.0,216.0,21.996428571785717,16.323076923076922,7.822222222222222,15985,43,41.1,738.0,42146.0,517.0,3481,39920,292,800,79,2634,2205,1771,35620,22235,21166,1133,635,789,439,1813,1636,1226,2187,2092,4657,18907,3256,3046,3843,9236,2352,6158,43401
0.0,0.0,78.47368421052632,3461.0,5957.0,6723.0,25.0,39.0,58.0,22.49642857142857,12.669230769230769,3.407692307692308,9480,29,31.2,4524.0,14964.0,1145.0,9535,11098,729,873,12,1242,136,5551,12090,9659,10974,500,191,223,80,777,754,569,1048,854,1765,10671,926,1068,2659,2766,2646,2010,20633
0.0,0.0,97.33333333333331,757.0,1504.0,1787.0,15.0,24.0,37.0,22.28214285714285,19.29230769230769,10.492857142857144,2481,8,42.7,345.0,6803.0,199.0,2034,5313,19,558,0,496,239,1270,4765,3643,3704,111,85,70,35,314,261,292,223,319,1084,3036,787,663,509,1217,780,1054,7347
2541.0,115729.0,65.25742574257426,71726.0,168447.0,207287.0,746.0,1694.0,2344.0,21.7178571425,12.430769230769233,4.107692307692307,281433,876,35.8,37516.0,592306.0,20469.0,85014,565277,23177,65346,656,58905,33424,22037,446746,332953,317338,21023,13742,14251,16349,23884,23969,19766,25372,30999,64554,334095,40967,27504,108044,82802,34883,109432,650291
100.0,2206.0,65.20408163265306,7769.0,21487.0,26433.0,86.0,207.0,295.0,21.71428571371429,8.576923076923077,3.980769230769231,34074,74,38.8,1811.0,76928.0,1525.0,5220,75044,1320,2759,61,7606,7522,1528,59468,40568,39696,3553,2038,1538,1141,2413,2579,2624,3093,4771,5841,39953,3758,3011,10319,12764,3467,14950,80264
114.0,3724.0,77.26666666666667,4906.0,12590.0,15233.0,91.0,200.0,278.0,22.07142857164286,15.046153846153846,7.566666666666667,20494,44,40.0,1463.0,49754.0,778.0,3265,48730,1133,1340,7,3736,5469,990,39320,26723,25272,1565,966,1003,1210,2193,1581,1693,2286,2339,5540,23529,3037,3525,6983,8721,2171,7372,51995
0.0,0.0,82.0,1059.0,2613.0,3198.0,9.0,31.0,59.0,22.64999999964286,17.361538461538462,7.377777777777777,4392,4,40.1,149.0,10812.0,105.0,1109,9957,23,152,0,654,208,301,9728,5557,5509,443,234,101,118,401,467,493,462,524,1053,5255,748,809,918,2233,596,1743,11066
0.0,0.0,73.2,1190.0,2340.0,2685.0,11.0,26.0,46.0,22.64285714317857,13.830769230769231,15.733333333333333,3835,4,32.9,29.0,8839.0,46.0,653,8261,37,290,0,530,137,64,7856,4165,4749,306,151,174,70,319,309,174,325,397,915,4422,508,536,1231,1329,328,1121,8914
40.0,1038.0,72.72222222222223,3100.0,5143.0,6072.0,20.0,51.0,86.0,22.500000000357144,14.053846153846154,4.042307692307692,8760,65,36.6,689.0,19446.0,217.0,2661,17691,40,284,2,885,482,737,17922,9452,10900,641,456,180,356,663,1132,600,742,1189,1649,9873,1320,1140,1964,4462,1246,2945,20352
0.0,0.0,62.5625,680.0,3200.0,3204.0,10.0,46.0,46.0,22.6464285715,15.4,9.855555555555556,5087,2,48.2,188.0,15769.0,133.0,736,15354,50,169,27,401,283,318,14842,7827,8263,676,355,178,194,848,837,622,684,660,2104,6563,993,1186,2092,2177,669,2785,16090
185.0,8080.0,30.58730158730159,2404.0,14942.0,15102.0,18.0,64.0,66.0,21.78571428603572,9.7,7.74074074074074,31753,73,33.2,6283.0,83010.0,2875.0,7031,85137,6805,1018,203,4548,645,2062,76887,45809,46359,3306,2379,2824,2827,2876,2390,2824,3484,4331,8810,48150,2656,1848,22279,5442,1551,12136,92168
587.0,38283.0,21.411320754716986,13566.0,59455.0,59978.0,191.0,547.0,581.0,21.57500000039286,6.1923076923076925,5.365384615384615,167269,216,41.7,14693.0,380418.0,19973.0,36840,378244,18497,3648,925,22928,2506,10643,355937,210197,204887,16928,13259,15748,18524,9746,10731,11225,16165,22667,24337,215482,14363,11882,85604,44635,13328,76022,415084
0.0,0.0,36.05555555555556,782.0,4541.0,4596.0,6.0,38.0,47.0,21.925,11.507692307692308,8.718518518518518,14764,54,44.4,975.0,37678.0,1003.0,3444,36212,434,298,111,2673,245,548,35347,20015,19641,1679,885,765,520,1899,1431,1376,1546,2281,3637,19468,2230,1796,4549,5564,1716,8310,39656
0.0,0.0,38.65,1289.0,7494.0,7554.0,21.0,76.0,92.0,21.57857142903572,8.153846153846153,7.0,20434,12,43.3,412.0,50784.0,921.0,2834,49283,429,271,143,2651,480,428,47715,26036,26081,2147,1596,1225,860,1908,1589,1407,1937,3310,3893,24844,3563,2011,4805,8943,2679,11350,52117
144.0,6288.0,54.196969696969695,1644.0,10549.0,10647.0,21.0,145.0,149.0,22.353571428571428,16.976923076923075,10.244444444444444,22111,160,48.7,1090.0,61803.0,1282.0,4297,59878,743,238,47,3927,1270,1073,56877,32519,31656,2117,1145,1028,1039,2772,2452,2397,2786,3285,8798,28016,3792,4264,5517,10061,2915,12987,64175
0.0,0.0,41.45,784.0,6014.0,6036.0,18.0,77.0,77.0,22.20714285732143,11.823076923076922,11.503703703703705,8944,0,46.8,165.0,23266.0,302.0,1828,21905,70,33,68,974,219,286,22083,11890,11843,961,203,552,313,1357,768,848,1309,1607,2080,10361,1768,1364,2118,3902,1305,4543,23733
0.0,0.0,41.3,459.0,3309.0,3340.0,7.0,45.0,52.0,22.49642857146429,15.9,10.248148148148148,6327,16,56.3,327.0,21905.0,657.0,1682,21207,120,35,15,1587,475,151,20506,11604,11285,896,372,719,340,1268,536,1189,1116,1078,3276,8617,1049,1770,2192,3469,975,4220,22889
386.0,17468.0,27.116071428571427,6071.0,45501.0,45881.0,65.0,254.0,266.0,21.785714285285717,7.323076923076924,6.623076923076923,75425,170,42.4,4032.0,183454.0,4263.0,15520,176229,2039,1100,224,7289,1332,3250,176515,96894,94855,8152,4356,5605,5861,6402,6536,5742,8963,10940,14483,100251,7741,6047,37883,21530,6513,36113,191749
133.0,6920.0,55.02173913043478,2652.0,19574.0,19726.0,56.0,373.0,380.0,22.07857142853572,15.069230769230767,10.344444444444443,38137,110,47.0,1191.0,106949.0,1875.0,6523,103492,919,601,88,5574,1437,681,100715,55575,54440,3505,1975,1781,1155,5410,4766,4298,5056,5464,13029,46597,6847,6554,9870,17047,5059,21191,110015
0.0,0.0,84.0,54.0,283.0,283.0,1.0,5.0,5.0,25.413793103413795,23.87894736842105,32.562,624,0,52.6,14.0,1845.0,37.0,85,1811,18,0,11,66,64,50,1687,975,921,64,30,16,18,122,78,41,103,115,318,848,57,117,197,264,52,376,1896
0.0,0.0,68.625,235.0,1603.0,1670.0,1.0,18.0,20.0,22.928571428464288,16.13076923076923,11.65925925925926,2376,13,52.8,73.0,6969.0,132.0,291,6883,49,0,15,235,110,52,6713,3530,3644,261,112,71,80,467,317,340,360,450,995,3223,303,626,656,1155,360,1211,7174
0.0,0.0,69.71428571428571,278.0,1593.0,1601.0,6.0,37.0,37.0,22.721428571357144,16.707692307692305,10.903703703703703,2432,0,45.1,61.0,7224.0,25.0,395,6915,0,19,45,515,84,16,6631,3630,3680,167,177,88,99,490,284,291,229,354,997,3407,236,482,683,1110,309,1490,7310
0.0,0.0,25.38888888888889,1073.0,3504.0,3548.0,29.0,42.0,42.0,22.071428571428573,9.738461538461538,9.01851851851852,9099,47,39.5,3008.0,19304.0,958.0,7320,15950,304,133,0,2009,161,942,19721,11751,11519,1045,694,639,880,694,801,850,776,1023,1490,12895,1151,950,4489,2471,2362,3043,23270
496.0,27304.0,38.7972972972973,8672.0,42342.0,42608.0,120.0,500.0,511.0,21.7821428575,10.807692307692308,9.762962962962964,82595,102,42.6,6118.0,206262.0,6401.0,28972,189809,3012,1718,743,9616,2431,3911,197350,111921,106860,7192,4660,4292,4732,8232,7980,7668,9864,11748,23322,104014,12831,8389,30261,27066,10851,40868,218781
0.0,0.0,51.61111111111112,1986.0,7177.0,7214.0,30.0,84.0,88.0,22.289285714285715,15.692307692307692,10.24074074074074,8122,62,41.0,821.0,22537.0,690.0,4907,19141,117,179,19,2002,3537,1520,16674,11588,12460,791,523,373,325,838,677,695,939,971,2263,10134,1869,1184,2193,3801,1504,4445,24048
142.0,7731.0,43.109375,2454.0,16162.0,16314.0,56.0,315.0,322.0,21.9321428575,15.592307692307692,9.966666666666669,27727,34,47.5,1675.0,83787.0,1635.0,6624,80473,718,546,67,4312,982,948,79524,44582,42515,2838,1101,1180,1201,4465,3406,3207,3819,4403,10986,35465,6146,4634,7241,12109,4086,18669,87097
90.0,5401.0,63.871428571428574,2836.0,14009.0,14094.0,55.0,200.0,210.0,22.357142856785718,17.3,10.385185185185184,24147,50,42.0,1995.0,63893.0,1718.0,9093,58513,748,452,54,4720,2701,1752,57179,33876,33730,2008,1181,1097,657,2755,2596,2565,2905,3468,9144,29273,5798,4590,6875,10284,4236,11810,67606
0.0,0.0,69.33333333333333,388.0,1387.0,1403.0,6.0,25.0,26.0,22.78928571392857,15.384615384615383,10.67777777777778,2374,8,47.5,284.0,7483.0,129.0,679,7217,96,23,0,268,222,35,7252,3706,4190,232,190,107,68,336,249,264,402,397,1288,3461,367,915,834,1280,480,1420,7896
589.0,34396.0,39.88721804511278,10435.0,56646.0,57237.0,132.0,477.0,502.0,21.71785714267857,10.446153846153846,9.133333333333333,138940,160,39.7,11399.0,356783.0,9567.0,34380,343369,10723,3921,932,23545,3367,11499,323762,191837,185912,13117,8216,6949,6981,16107,12948,11584,15817,20916,41881,190674,22032,12672,58018,42801,14855,72169,377749
0.0,0.0,44.31111111111111,1146.0,6959.0,7000.0,20.0,78.0,81.0,22.249999999964285,14.946153846153846,9.507407407407406,16140,18,51.8,1272.0,46967.0,1097.0,4640,44696,561,161,91,2859,1220,1462,42982,25625,23711,1526,957,748,681,2125,2140,2169,2562,2427,6506,20986,3082,2186,5661,6499,2221,9577,49336
67.0,2544.0,47.41573033707865,3643.0,26237.0,26383.0,57.0,239.0,255.0,21.93214285717857,10.353846153846153,10.244444444444444,49876,123,39.9,3324.0,121855.0,2037.0,11899,115317,1407,636,146,6908,1152,3989,112978,64476,62740,5243,2434,2117,1179,5297,4441,3738,6191,6831,10819,60491,9113,5373,12720,18119,6734,27408,127216
35.0,1839.0,74.24137931034483,3369.0,8190.0,8203.0,58.0,101.0,108.0,22.217857142857145,17.03846153846154,9.24074074074074,9316,73,36.1,2113.0,27764.0,755.0,10445,20187,542,352,30,1739,340,1101,26528,13852,16780,820,246,199,253,1236,938,748,1168,1026,3425,11944,3822,1890,1992,4335,3194,5429,30632
571.0,25728.0,41.520833333333336,18753.0,68553.0,68793.0,289.0,670.0,697.0,21.710714285714285,10.83846153846154,9.329629629629627,134494,692,36.9,27717.0,300525.0,15500.0,92533,251209,7728,3883,3311,29621,2986,26954,269259,172529,171213,12271,7269,7052,4909,11592,10943,10450,13526,16764,25698,166741,27152,11702,40699,44820,27393,60584,343742
0.0,0.0,63.2,1053.0,2946.0,2950.0,14.0,32.0,33.0,22.22142857142857,11.86923076923077,9.5,4425,0,38.3,1521.0,9475.0,429.0,4223,7202,92,29,31,958,126,641,9548,5680,5745,276,277,159,141,513,404,324,538,579,882,5011,997,583,539,1705,1400,1856,11425
2524.0,100823.0,22.29209621993127,32170.0,111644.0,113186.0,551.0,1094.0,1135.0,21.57142857167857,8.915384615384616,5.592307692307693,293026,1134,37.5,53418.0,698416.0,58035.0,95432,714437,62827,44160,5301,53217,7319,21136,615909,408786,401083,33680,23477,27166,33788,24659,24778,23902,32123,42399,68877,471195,39364,23612,233034,79507,38078,135309,809869
0.0,0.0,38.59574468085106,3107.0,15156.0,15243.0,45.0,127.0,127.0,21.710714285607143,8.715384615384615,5.642307692307692,32426,64,37.0,3245.0,78859.0,2626.0,12129,72601,1280,567,372,4645,1566,3030,73270,43303,41427,3477,1749,2286,1677,2886,2151,2487,3142,4283,6588,40732,5659,2542,11543,9564,3492,14741,84730
0.0,0.0,67.0,53.0,316.0,318.0,0.0,4.0,5.0,22.785714285821427,28.82631578947369,31.5936170212766,596,0,47.8,19.0,1664.0,3.0,109,1577,0,1,20,123,12,9,1521,780,906,49,26,18,45,80,82,86,84,82,175,810,107,105,183,222,97,339,1686
0.0,0.0,40.41379310344828,442.0,3605.0,3645.0,2.0,58.0,60.0,22.14999999985714,14.461538461538462,8.803703703703704,9068,56,48.6,996.0,25352.0,434.0,2787,23995,181,146,115,1209,226,494,24411,13362,13420,948,352,396,337,1360,1264,901,1392,1564,2561,11307,1912,1214,2677,3822,1560,5190,26782
0.0,0.0,61.19672131147541,7732.0,22266.0,22327.0,82.0,205.0,208.0,22.217857143214285,11.892307692307693,9.337037037037035,29426,37,36.7,5128.0,69887.0,2304.0,21005,56314,672,765,111,5521,2279,4157,63814,37122,40197,2110,1484,1462,856,2224,2409,2078,3473,3686,7041,34816,6951,4251,6599,10978,6836,14431,77319
0.0,0.0,55.52,1314.0,5006.0,5016.0,19.0,74.0,76.0,22.50714285714286,16.107692307692307,9.25925925925926,9529,3,40.0,510.0,25727.0,265.0,1307,25195,305,187,395,929,265,108,24313,13425,13077,770,501,468,296,999,1117,790,1175,1661,3008,12081,2038,1572,3010,3836,851,4532,26502
0.0,0.0,44.75,144.0,1241.0,1251.0,5.0,15.0,16.0,22.785714285214286,13.492307692307692,10.755555555555556,2322,9,52.4,57.0,6923.0,85.0,241,6824,17,51,20,224,49,81,6623,3603,3462,266,123,184,80,269,270,312,333,395,963,3322,344,487,940,1005,172,1305,7065
49.0,2002.0,48.36363636363637,1224.0,5083.0,5119.0,26.0,56.0,60.0,22.0678571425,12.6,9.125925925925925,9775,13,40.2,1697.0,23928.0,649.0,4911,21363,233,39,149,1212,855,681,23105,13111,13163,873,360,439,399,1167,1012,1052,1185,1449,2397,12537,1971,1347,2617,3605,1811,5077,26274
256.0,11882.0,21.97860962566845,21542.0,84631.0,85081.0,218.0,530.0,553.0,21.57857142875,6.446153846153846,4.9692307692307685,248988,631,36.9,56612.0,489149.0,50000.0,100090,495671,64549,12931,2341,42887,3456,31474,438123,300625,295136,27041,19710,24299,24726,15168,14073,15347,21821,30457,30398,329710,22991,10585,152609,55255,25151,98582,595761
0.0,0.0,64.0,22.0,243.0,242.0,1.0,3.0,3.0,26.166666666666668,32.22105263157895,24.308000000000003,368,0,56.9,40.0,1370.0,7.0,127,1290,11,0,1,75,10,32,1288,723,694,50,14,12,5,77,109,73,66,41,222,527,57,132,129,184,33,272,1417
120.0,5197.0,32.63793103448276,3835.0,17621.0,17722.0,69.0,200.0,211.0,21.567857143,8.176923076923076,5.703846153846154,40376,546,38.6,5009.0,97495.0,3583.0,16920,89167,1505,807,274,6005,1271,4733,91492,52955,53132,3953,2868,2410,2555,2490,3573,3407,3549,5213,7524,50482,6885,3754,14366,13041,5994,20004,106087
76.0,4614.0,48.89393939393939,7502.0,24614.0,31676.0,155.0,354.0,424.0,21.9321428575,8.346153846153847,4.276923076923077,44554,49,44.0,2290.0,98687.0,1650.0,7356,95271,724,1633,0,2577,154,2301,95238,52155,50472,5077,2643,2369,1868,3936,3162,3324,4138,6182,6929,53245,3877,5099,11892,19773,4739,15043,102627
5977.0,208736.0,63.79340446168768,78914.0,261789.0,339976.0,1762.0,3244.0,3838.0,21.57499999989286,9.330769230769231,8.437037037037037,475062,692,40.8,38109.0,1144615.0,35656.0,26607,1191773,47800,158337,513,37361,1437,10001,962931,629258,589122,50318,34314,36464,40668,47970,43069,41384,51759,68671,131078,660484,55443,64841,307582,142202,26283,176675,1218380
162.0,2805.0,78.93939393939394,4958.0,15172.0,18397.0,116.0,336.0,386.0,21.56785714317857,10.092307692307692,8.78888888888889,26852,77,47.0,190.0,64953.0,213.0,520,64836,201,566,0,875,16,87,63611,32929,32427,2278,1385,1054,887,2832,2566,2361,3280,3881,7511,31615,3612,4848,6785,15705,2112,9270,65356
176.0,8785.0,69.93430656934306,12561.0,39935.0,49038.0,352.0,714.0,848.0,21.56785714278572,10.253846153846156,8.851851851851851,70120,89,45.1,858.0,161420.0,2503.0,2789,161992,759,9769,51,5561,150,634,147857,84969,79812,6913,4166,4525,2533,6914,6114,5853,7374,10035,17659,84153,8728,10806,24318,27455,4089,29711,164781
40.0,1358.0,73.19047619047619,3854.0,10917.0,12845.0,129.0,271.0,289.0,22.28214285714285,11.63076923076923,9.22222222222222,19554,103,47.0,178.0,47771.0,205.0,597,47557,115,497,0,543,62,65,46872,24405,23749,1498,992,684,336,2170,1969,1678,2117,2924,5562,23144,2005,4072,4313,11558,1887,6524,48154
860.0,37484.0,60.72302158273381,36611.0,101820.0,126969.0,911.0,1580.0,1778.0,21.7178571425,11.6,8.796296296296296,175991,602,40.2,15276.0,387472.0,16314.0,91381,327681,6108,21938,101,26386,1431,27798,335300,212749,206313,16247,11301,10958,8950,12575,12911,12506,15652,22242,33047,218754,27371,21062,58612,73983,23647,56819,419062
413.0,17113.0,75.37614678899082,10753.0,29499.0,35199.0,305.0,600.0,689.0,21.785714285607146,10.830769230769231,8.066666666666666,50268,126,43.6,605.0,120864.0,1026.0,1549,120946,723,2230,54,2466,178,250,116594,62540,59955,4154,2528,1923,1554,5782,4790,3863,5527,6685,14841,59214,7128,9127,15257,25893,4388,17315,122495
431.0,14185.0,68.35593220338983,4466.0,14923.0,20762.0,79.0,195.0,234.0,22.210714285607143,12.953846153846152,8.137037037037036,22892,94,44.5,548.0,59537.0,636.0,887,59834,377,407,56,1020,47,312,58502,30674,30047,2165,1112,949,742,2811,2428,2116,2891,3193,6677,28057,3010,3757,6099,13464,2571,7920,60721
1038.0,48508.0,28.016990291262136,46559.0,122181.0,156462.0,1149.0,1854.0,2167.0,21.567857143142856,5.407692307692307,4.619230769230769,281119,263,44.0,19965.0,566556.0,41147.0,34670,592998,30218,24445,161,21243,578,13127,537896,319497,308171,27030,21309,27189,36943,13548,15606,15488,21056,30736,31858,347974,14699,17840,150785,83564,15945,82413,627668
283.0,9434.0,49.4921875,14240.0,44185.0,55245.0,374.0,716.0,835.0,21.567857142857143,6.238461538461538,4.753846153846154,81419,109,43.4,1981.0,183308.0,2509.0,2971,184827,2437,1899,17,3540,90,549,179266,94562,93236,8843,5971,5994,6512,4949,5785,6276,7671,10436,15288,98274,4990,8209,41206,27282,3508,26973,187798
573.0,19398.0,83.5725806451613,11884.0,34392.0,43568.0,398.0,710.0,815.0,21.789285713821425,12.676923076923078,8.92222222222222,50175,58,45.6,532.0,130218.0,861.0,2212,129399,597,4708,43,3079,40,553,122591,66894,64717,4820,2382,1788,1131,6689,5185,4523,5816,6954,17645,60237,8052,11074,16195,26265,3726,18657,131611
0.0,0.0,92.2,264.0,813.0,1035.0,7.0,19.0,22.0,22.60714285760714,22.00714285714286,10.225925925925926,1683,0,51.6,2.0,4491.0,19.0,38,4474,11,7,0,200,7,0,4287,2301,2211,149,39,27,25,260,342,169,218,214,891,2110,359,479,279,1042,169,774,4512
241.0,7205.0,70.71428571428571,4971.0,15775.0,20240.0,153.0,285.0,346.0,21.721428571785715,13.423076923076923,9.3,27604,69,46.6,567.0,61947.0,1450.0,3290,60674,404,1496,7,1295,170,339,60253,32304,31660,2699,1357,1487,720,3155,2218,1782,2859,3830,6438,32309,3624,3843,6773,14563,2468,10253,63964
260.0,9467.0,45.76,13221.0,34876.0,44220.0,213.0,345.0,397.0,21.785714285642857,8.961538461538462,7.481481481481482,58230,53,32.9,9268.0,149293.0,3703.0,4815,157449,10142,5589,24,4122,105,671,141611,76955,85309,5856,3478,3870,4133,5084,4511,4337,5831,7387,14893,80656,3035,5450,37694,18838,3920,16224,162264
684.0,44894.0,24.12058823529412,31460.0,90913.0,117917.0,738.0,1126.0,1336.0,21.578571428464283,5.453846153846154,3.826923076923077,220145,666,40.6,27130.0,472345.0,22505.0,38901,483079,29896,29601,116,18814,387,8104,435062,264754,257226,21645,16754,23449,38582,10880,10044,10802,16245,22130,22420,285201,11980,14101,155778,48433,14281,52442,521980
65.0,876.0,76.475,2719.0,8185.0,9927.0,86.0,199.0,223.0,22.139285714535717,11.461538461538462,8.796296296296296,15131,71,41.8,183.0,38312.0,138.0,394,38239,144,576,0,708,51,37,37117,19624,19009,1548,594,593,332,1645,1501,1272,1646,1938,4861,18692,1634,2553,4847,8102,1481,4486,38633
316.0,10240.0,83.296875,6523.0,19148.0,24425.0,119.0,332.0,399.0,22.071428571785717,13.061538461538465,9.314814814814817,30525,60,45.4,1867.0,77368.0,231.0,2383,77083,402,2188,9,1494,138,327,74908,37597,41869,2738,1037,879,545,3265,3046,2825,3975,3901,9493,36619,4535,6579,8004,19439,4444,11129,79466
0.0,0.0,71.82352941176471,2880.0,8996.0,11183.0,57.0,124.0,142.0,22.14285714275,12.66153846153846,9.107407407407406,15447,146,39.4,159.0,38068.0,322.0,610,37939,300,639,7,415,65,102,37021,19401,19148,1286,786,545,304,1497,1515,1266,1713,1836,4310,18822,1731,2791,3862,8087,1679,4488,38549
150.0,2938.0,67.51923076923077,4716.0,14959.0,19721.0,125.0,242.0,277.0,21.93214285664285,12.892307692307693,8.633333333333335,27255,62,41.2,498.0,63998.0,894.0,1933,63457,753,1116,105,1002,40,434,61940,33942,31448,2044,1374,1173,862,3015,2549,2187,2887,3275,7116,32274,2618,4114,8373,12106,2218,8376,65390
232.0,5023.0,78.01234567901234,6481.0,19690.0,24932.0,138.0,311.0,363.0,22.07499999985714,14.376923076923076,8.725925925925926,32128,185,43.3,403.0,84087.0,584.0,1156,83918,441,1275,25,1913,34,422,80964,43631,41443,2868,1086,1160,899,3796,3561,3165,3989,5030,9615,39917,4527,6064,9001,19260,3723,10176,85074
498.0,16331.0,51.43827160493827,16932.0,50648.0,63042.0,486.0,871.0,974.0,21.71071428592857,7.146153846153847,4.142307692307693,108216,250,40.7,7712.0,234396.0,9379.0,10516,240971,11693,10233,40,7937,269,2963,218352,126918,124569,10622,7796,7885,6972,8338,8724,8105,10327,15446,16961,132152,7135,10520,52827,36556,7687,33042,251487
1329.0,63274.0,63.93333333333333,21128.0,58846.0,72651.0,502.0,941.0,1080.0,21.710714285857144,11.207692307692309,8.266666666666666,117195,414,39.6,10930.0,255674.0,10467.0,26948,250123,13198,54075,90,11059,972,7697,189980,142577,134494,10786,6822,7008,6848,10264,9170,10209,12733,15837,24082,146081,17336,14292,49686,43552,12040,40213,277071
1015.0,33099.0,47.0736040609137,42015.0,109118.0,141966.0,1251.0,1844.0,2086.0,21.57500000007143,8.892307692307693,4.946153846153846,216615,306,38.9,24920.0,505307.0,35101.0,22577,542751,33069,122370,349,18270,1106,7253,382911,293397,271931,20998,14802,19883,25194,15988,14847,13978,17924,25558,40424,298655,29573,19938,122378,78391,16938,74643,565328
0.0,0.0,80.88461538461539,2360.0,7091.0,8605.0,36.0,97.0,121.0,22.528571428714287,10.9,9.08148148148148,14038,12,47.9,92.0,29846.0,139.0,253,29824,141,194,15,438,27,18,29244,14818,15259,1250,564,566,371,1593,1362,1319,1709,2041,3440,16253,1238,2354,3297,6918,677,4521,30077
965.0,32674.0,73.78026905829596,17875.0,56717.0,72139.0,384.0,740.0,899.0,21.71428571378572,14.830769230769231,8.655555555555555,110666,219,39.7,5948.0,259961.0,6137.0,11982,260064,4980,19447,64,10376,669,3616,232894,137723,134323,9169,5539,4880,4075,10841,9985,8806,11964,13512,31617,133028,20961,15600,42290,49144,10735,36459,272046
206.0,6917.0,80.33684210526316,10657.0,30798.0,39057.0,271.0,654.0,759.0,21.575000000357143,13.507692307692308,9.237037037037036,49332,153,45.1,1035.0,128361.0,933.0,1646,128683,512,5303,118,3713,37,602,120044,65701,64628,4355,2791,1889,1183,5312,4753,3834,6359,6759,18111,59284,10019,10812,12975,31036,6333,17893,130329
0.0,0.0,89.66666666666667,1387.0,2234.0,2550.0,21.0,35.0,35.0,23.896551724310346,26.092857142857145,10.851851851851851,1134,0,47.0,64.0,7082.0,44.0,420,6770,7,1555,0,182,10,125,5311,2190,5000,92,40,23,11,213,295,172,261,220,804,1493,105,547,431,2562,737,873,7190
342.0,12300.0,55.86734693877551,12767.0,40157.0,51643.0,329.0,675.0,801.0,21.92857142892857,9.407692307692308,8.133333333333335,65759,314,41.7,3189.0,149011.0,2754.0,9272,145682,1153,6317,21,3718,306,1501,141938,78855,76099,6632,3815,3101,2067,5678,6066,5601,7528,9718,11411,77435,8443,8968,17661,33152,8095,19462,154954
0.0,0.0,62.45454545454545,1147.0,4097.0,5067.0,14.0,65.0,73.0,22.499999999642856,13.26923076923077,9.344444444444443,6260,6,45.7,40.0,14373.0,79.0,179,14313,64,197,0,171,27,94,13939,7172,7320,501,355,205,100,593,589,543,607,1015,1532,7225,611,1272,1071,3830,564,2004,14492
18.0,523.0,74.72222222222223,2720.0,8383.0,10696.0,33.0,100.0,120.0,22.135714286071423,14.046153846153846,8.848148148148148,12365,15,42.5,122.0,36207.0,155.0,560,35924,109,1169,7,1007,0,153,34039,17444,19040,1340,908,591,413,1476,1099,1073,1542,2097,3964,14718,2229,2307,3324,8477,2158,5171,36484
71.0,1805.0,71.16666666666667,4415.0,11448.0,13887.0,125.0,240.0,280.0,22.214285714285715,13.646153846153847,9.714814814814815,16137,127,44.1,467.0,44464.0,214.0,907,44238,280,2503,4,846,68,238,41206,21119,24026,1528,788,663,362,1733,1776,1427,1832,2362,4308,19858,2092,2864,4296,11207,1964,5826,45145
142.0,5326.0,77.17647058823529,5152.0,17295.0,21937.0,160.0,347.0,396.0,21.93214285671429,12.292307692307691,8.448148148148148,31101,113,40.2,1077.0,82921.0,465.0,1132,83331,784,1909,14,1850,55,385,79466,42146,42317,2696,1709,1444,764,3464,3168,2526,3300,4220,10564,39466,3355,7094,10972,15103,3050,10259,84463
44.0,1089.0,80.77272727272727,2848.0,8928.0,11268.0,90.0,223.0,266.0,22.564285714464287,13.653846153846152,8.862962962962964,17529,132,43.9,76.0,43310.0,184.0,421,43149,113,206,0,618,23,115,42495,21862,21708,1598,584,519,436,2190,1862,1694,2004,2304,5209,20567,2322,3586,3542,10941,1830,5633,43570
0.0,0.0,67.3157894736842,1849.0,4752.0,5742.0,81.0,174.0,193.0,22.35357142892857,10.330769230769231,8.040740740740741,10315,59,42.9,345.0,24076.0,236.0,963,23694,75,311,0,451,3,160,23657,12410,12247,752,628,363,217,1067,1055,788,1012,1284,2214,11828,830,2124,2130,5903,1786,2548,24657
649.0,25980.0,69.35632183908046,14374.0,43047.0,59181.0,427.0,737.0,908.0,21.71785714307143,12.546153846153846,8.829629629629629,86814,711,42.1,6152.0,198303.0,5707.0,16882,193280,6220,5920,110,7970,141,2282,187519,108172,101990,7461,4374,4172,3517,8347,7625,7660,8459,11461,24661,103453,13587,13769,33964,35062,8002,29804,210162
807.0,36184.0,49.28770949720671,44833.0,120391.0,150890.0,1057.0,1865.0,2090.0,21.707142857142856,7.446153846153846,4.2615384615384615,234335,1502,38.7,11331.0,514723.0,16996.0,58450,484600,12487,22102,113,17467,486,14952,475443,277093,265957,23207,14802,12427,12046,16434,15989,16388,23800,32039,36871,284208,21979,28326,80109,89223,35347,64502,543050
146.0,4350.0,77.59210526315789,6215.0,18813.0,23172.0,188.0,408.0,465.0,21.92500000010714,12.153846153846152,9.02962962962963,35040,121,45.3,442.0,84857.0,849.0,1316,84832,323,3114,0,2895,46,205,79565,44503,41645,2783,1739,1658,1042,4113,3483,2834,3863,4754,11031,42216,5808,6307,10479,17147,3218,12177,86148
159.0,6406.0,61.58888888888889,13090.0,36381.0,45680.0,261.0,505.0,574.0,21.782142856785715,8.107692307692307,4.461538461538462,59544,198,41.1,2412.0,134720.0,3278.0,19028,121382,2094,3472,21,4039,121,10475,120188,71466,68944,5368,3323,2859,1926,5262,4492,5086,5804,8255,11482,70986,8687,7765,15993,29217,7509,16492,140410
2665.0,103847.0,55.166023166023166,31470.0,88960.0,111635.0,782.0,1228.0,1396.0,21.71428571392857,10.076923076923077,8.974074074074075,154986,392,39.0,19716.0,323494.0,24128.0,93175,274163,12239,26701,112,25227,1208,22116,279735,187689,179649,13836,9298,10312,10041,12228,11856,10066,14534,18231,29670,190910,24541,16700,62167,57845,16488,52797,367338
686.0,33070.0,75.37269372693727,25390.0,73094.0,94872.0,746.0,1321.0,1586.0,21.714285714142857,11.9,9.3,132964,519,42.7,11538.0,295293.0,10716.0,41053,276494,3835,16411,188,10358,538,13076,273141,160563,156984,10411,6507,6521,4509,12539,11326,10143,13044,17637,37402,160740,23674,21984,42129,57765,14394,49849,317547
275.0,9860.0,66.69811320754717,9552.0,28291.0,35015.0,251.0,507.0,590.0,21.785714285821427,9.86153846153846,8.725925925925926,46883,186,41.5,1086.0,111808.0,1120.0,2362,111652,869,5429,39,3170,165,428,103914,58186,55828,3962,2318,1772,1415,4211,4591,4441,4757,6569,12124,55566,7041,6564,14459,20473,4909,18580,114014
233.0,3257.0,88.6969696969697,3086.0,8123.0,9809.0,65.0,138.0,175.0,22.49999999967857,13.961538461538462,9.11851851851852,15859,68,43.6,317.0,40428.0,276.0,910,40111,172,983,20,741,56,402,38647,19803,21218,1344,631,575,415,1652,1681,1402,1928,2099,5332,18882,2753,3097,4303,9518,1400,6016,41021
345.0,10282.0,77.11818181818182,8297.0,23224.0,28403.0,242.0,491.0,546.0,21.72142857160714,11.507692307692308,8.607407407407408,42380,136,45.0,503.0,108900.0,1116.0,1681,108838,840,6714,5,2228,142,334,100256,56013,54506,3819,2281,1616,1213,4926,4199,3685,4773,6254,14055,50983,7369,7825,13499,20932,5054,14906,110519
133.0,5650.0,78.1891891891892,4638.0,12229.0,15166.0,172.0,274.0,304.0,22.07499999964286,15.392307692307693,8.692592592592591,19926,187,44.0,197.0,45735.0,247.0,751,45428,166,266,4,882,116,253,44492,23527,22652,1532,703,559,349,2248,1791,1905,2282,2830,4876,22630,1900,4140,3263,10678,2992,5523,46179
347.0,14739.0,56.75555555555555,10100.0,36717.0,48163.0,274.0,514.0,596.0,21.857142857142858,11.007692307692308,6.238461538461538,69229,33,43.3,5113.0,151826.0,11885.0,28024,140800,4335,23949,80,7971,491,6628,125370,85174,83650,6536,4047,4071,3479,4825,4983,5163,6217,9171,11458,85591,8401,6195,23050,30766,7339,27311,168824
2507.0,100863.0,30.51909722222222,55594.0,150402.0,200208.0,1571.0,2286.0,2657.0,21.57500000007143,5.476923076923077,4.234615384615385,350199,801,41.3,37477.0,735596.0,54107.0,44108,783072,63560,76606,354,28292,813,11848,645707,424762,402418,34953,25744,36375,52156,19431,18727,18730,27996,42006,42530,455728,20061,22505,233260,87917,18675,95884,827180
554.0,29671.0,62.583333333333336,1790.0,4489.0,5989.0,60.0,91.0,98.0,21.996428571607144,9.492307692307692,7.874074074074075,7594,16,43.4,359.0,17495.0,324.0,483,17695,646,366,0,167,21,70,16908,9463,8715,589,463,365,477,871,486,461,773,1066,1924,8868,566,1413,3389,3319,705,1997,18178
208.0,18200.0,49.97607655502392,27650.0,78999.0,100150.0,656.0,1076.0,1250.0,21.71428571425,8.53076923076923,5.315384615384615,130268,177,42.2,9537.0,280430.0,14266.0,41754,262479,8801,18054,145,14586,525,8414,253708,154576,149657,12990,8735,9310,9034,9868,8656,8721,11830,15998,20158,158351,13114,14530,53129,49276,10116,43274,304233
70.0,2126.0,78.25301204819277,8132.0,22708.0,28684.0,326.0,525.0,591.0,22.071428571428573,11.953846153846154,8.807407407407409,37058,52,44.5,641.0,90017.0,576.0,3395,87839,334,2253,26,2074,122,938,85487,45179,46055,2867,2077,1419,942,3880,3780,3072,3861,5039,12111,43299,4766,7890,9289,21766,4507,11845,91234
0.0,0.0,55.41666666666666,2976.0,8797.0,10451.0,86.0,180.0,198.0,21.71071428535714,8.138461538461538,4.719230769230769,20301,147,43.4,231.0,45647.0,255.0,986,45147,158,435,10,733,101,217,44479,22752,23381,2143,1315,1167,891,1535,1352,1518,1936,3191,3464,23804,1894,2812,4674,10663,2618,6520,46133
5569.0,222698.0,64.51704545454545,116095.0,305599.0,394710.0,3184.0,5015.0,5549.0,21.567857142857143,20.523076923076925,9.507407407407406,399823,1486,34.6,109627.0,1355650.0,116254.0,238112,1343419,117274,654092,588,67307,5255,114988,622027,832685,748846,43818,27228,31265,32778,56525,48950,45742,52777,68772,205270,783168,173254,98481,291837,264307,103116,205620,1581531
0.0,0.0,54.32758620689656,2677.0,9950.0,13435.0,48.0,93.0,112.0,21.5714285715,8.615384615384615,6.153846153846154,21715,23,48.6,911.0,51666.0,3083.0,6252,49408,702,3428,30,2280,43,1224,47953,27432,28228,2294,1576,1619,1187,1636,1609,2283,2300,3513,4700,27217,2433,2231,8130,9493,1833,9787,55660
0.0,0.0,82.0,957.0,3142.0,3882.0,21.0,91.0,104.0,22.71071428607143,17.7,9.58148148148148,5766,24,47.4,68.0,16531.0,86.0,231,16454,70,57,0,279,29,50,16200,8328,8357,437,238,188,118,752,712,558,806,841,1980,7416,1131,1114,1335,3691,643,2458,16685
452.0,15841.0,80.29545454545455,12241.0,34268.0,42680.0,372.0,662.0,759.0,22.067857142857143,11.976923076923075,9.403703703703703,57322,202,44.3,1225.0,139114.0,1596.0,6878,135057,598,4243,14,2981,234,1800,132065,69189,72746,5304,2419,2419,1405,5786,4907,4965,6367,8351,16723,67326,8816,10502,13903,32383,7130,21541,141935
0.0,0.0,60.0,3130.0,8075.0,9772.0,81.0,154.0,169.0,22.49642857142857,9.76153846153846,8.496296296296295,16997,53,40.4,205.0,39977.0,270.0,892,39560,279,386,0,642,23,220,38902,20257,20195,1143,738,772,629,1502,1279,1301,1797,2361,3302,20331,1394,3060,4311,8491,2173,4487,40452
103.0,3753.0,79.14084507042253,6763.0,18629.0,22271.0,187.0,396.0,443.0,21.996428571785717,12.446153846153846,9.0,28921,77,46.2,249.0,73136.0,459.0,1134,72710,271,1918,6,1210,67,352,70020,35299,38545,2356,1239,730,846,3530,2994,2393,3196,4363,7871,34492,3276,6574,6911,18439,3448,10109,73844
0.0,0.0,67.875,318.0,1046.0,1390.0,20.0,36.0,38.0,22.500000000107143,26.552941176470583,8.940740740740742,2378,0,54.5,77.0,5895.0,66.0,212,5826,4,167,2,95,7,66,5697,2877,3161,284,116,109,60,315,259,248,243,311,806,2914,181,515,531,1557,289,893,6038
0.0,0.0,62.2,1753.0,7672.0,10136.0,54.0,107.0,135.0,22.357142857357143,12.615384615384617,8.5,15681,28,48.7,312.0,39798.0,494.0,708,39896,180,248,3,579,9,115,39470,20282,20322,1426,980,879,787,1667,1461,1386,1752,2242,4447,18962,1911,2333,3886,9246,1807,5740,40604
0.0,0.0,69.55263157894737,2478.0,7912.0,10189.0,94.0,190.0,221.0,22.27857142842857,13.823076923076922,9.07037037037037,15657,7,44.9,203.0,40232.0,324.0,528,40231,241,340,2,520,32,143,39481,20476,20283,1433,894,575,359,1908,1409,1462,1777,2046,4579,19000,1904,2767,4286,8490,1469,6003,40759
131.0,5070.0,56.37037037037037,5303.0,11641.0,13563.0,83.0,151.0,159.0,22.075,9.669230769230769,8.562962962962963,14620,30,39.6,640.0,43389.0,802.0,2682,42149,824,2975,4,762,140,677,39449,20223,24608,1465,723,787,819,1408,1424,1218,1335,1904,3679,18279,1500,3049,6002,8608,2569,5200,44831
172.0,4089.0,83.5576923076923,3431.0,11200.0,13835.0,87.0,233.0,272.0,21.932142857214284,13.307692307692308,8.666666666666666,19653,59,47.4,124.0,51001.0,230.0,568,50787,181,577,0,1063,6,163,49365,25976,25379,1807,934,856,397,2204,2109,2430,2172,2855,6339,23900,3318,3546,5499,12035,2057,6723,51355
85.0,2440.0,82.04444444444445,2216.0,7272.0,9754.0,98.0,207.0,242.0,22.214285714821425,13.553846153846154,8.174074074074074,15869,43,47.4,224.0,38890.0,352.0,444,39022,164,233,0,878,51,57,38083,19714,19752,1330,736,512,452,1982,1631,1374,1923,2484,4700,18838,1952,2867,4244,8247,1150,6400,39466
561.0,13434.0,62.946745562130175,14047.0,50507.0,63639.0,266.0,638.0,730.0,21.56785714292857,7.553846153846154,8.818518518518518,86415,124,44.5,1983.0,202991.0,2107.0,3659,203422,2015,6785,63,4748,54,854,192562,105405,101676,8239,5498,6341,5951,7681,7002,6480,8621,11366,18022,105959,8905,10584,35963,35879,5245,29739,207081
106.0,3118.0,59.25,3144.0,10032.0,13364.0,68.0,167.0,204.0,22.21785714303571,12.63076923076923,8.303703703703704,18360,68,48.5,573.0,49444.0,1251.0,2364,48904,365,1757,18,1140,126,175,47687,24051,27217,1726,853,893,678,1999,1927,1630,2086,2605,4541,22241,2203,2757,5678,11071,2153,8104,51268
497.0,21362.0,64.79389312977099,27369.0,79267.0,99366.0,686.0,1351.0,1557.0,21.564285714071428,9.330769230769231,8.544444444444444,150933,111,47.2,2120.0,344862.0,3740.0,4362,346360,3618,8469,30,6854,197,803,330751,179204,171518,14389,9488,9238,7963,13822,12598,12325,16326,21046,36577,179495,13597,21917,60722,57270,6886,55618,350722
0.0,0.0,60.27272727272727,1194.0,5041.0,6563.0,42.0,103.0,121.0,21.714285714214288,10.976923076923075,8.988888888888889,11253,50,45.2,168.0,26730.0,180.0,531,26547,118,489,0,1127,46,88,25210,13492,13586,1216,660,520,308,1029,1096,858,1290,1456,2454,13226,991,1351,2994,6202,770,3817,27078
866.0,37362.0,58.51197604790419,36669.0,118091.0,147850.0,737.0,1464.0,1668.0,21.72142857167857,8.161538461538461,4.815384615384615,201614,160,41.0,8466.0,429155.0,10007.0,35063,412565,6607,25938,270,16510,635,7442,390226,226459,221169,19082,12480,12419,8317,14019,13595,14791,19887,27101,32734,237353,22688,21449,62895,87874,17810,65816,447628
0.0,0.0,26.25,4320.0,13228.0,17778.0,138.0,166.0,193.0,21.574999999964287,5.453846153846154,5.096153846153846,20926,0,44.5,1239.0,43615.0,3791.0,1526,47119,971,588,0,1272,61,363,45390,25274,23371,2165,1408,1779,3021,1162,813,1192,2088,1924,3409,25576,686,2061,13227,4329,1647,5488,48645
343.0,12028.0,40.06086956521739,15760.0,47562.0,64423.0,335.0,492.0,572.0,21.57499999975,6.561538461538461,5.561538461538461,78773,101,43.8,4330.0,153247.0,6545.0,8818,155304,4836,2943,13,4696,485,2665,148484,84620,79502,7912,6122,5875,5553,4906,5130,4546,6590,10035,13416,91851,6101,6590,31993,24562,5030,29193,164122
109.0,4001.0,20.614035087719294,5347.0,19548.0,26526.0,36.0,80.0,105.0,21.57142857164285,7.969230769230768,5.257692307692308,35782,21,45.8,2314.0,77213.0,3204.0,4842,77889,1495,3623,165,2795,419,1053,73181,41892,40839,3652,3040,3518,4169,2694,2433,1926,2524,4983,5639,46694,2018,2854,21637,8563,1642,10930,82731
1810.0,70278.0,46.56276150627615,84529.0,217616.0,278748.0,1861.0,2453.0,2724.0,21.57857142857143,13.115384615384617,9.429629629629629,268578,664,37.4,54074.0,515425.0,66662.0,148608,487553,26552,60500,538,40714,2632,53701,451524,326326,309835,24621,15670,15746,13608,19770,18230,16311,23072,31787,62071,337021,42378,31469,108790,99024,39053,92854,636161
174.0,8598.0,25.37974683544304,8141.0,31530.0,43077.0,158.0,217.0,272.0,21.57500000057143,6.307692307692308,5.119230769230769,56048,71,45.0,2325.0,119993.0,3821.0,4213,121926,2682,1542,74,2844,747,1221,117029,65162,60977,6031,5268,5439,5558,3122,2860,2992,4332,6551,8067,69425,3071,3408,28369,12744,2769,17040,126139
0.0,0.0,84.76190476190476,2292.0,6620.0,6655.0,35.0,69.0,69.0,22.253571428928574,14.738461538461538,10.11851851851852,9075,0,44.6,163.0,23989.0,430.0,392,24190,155,6690,0,344,110,167,17116,12736,11846,611,423,343,251,853,955,838,832,943,3548,10679,1993,2077,2296,3868,1752,4002,24582
273.0,10243.0,71.24137931034483,16107.0,41220.0,41767.0,210.0,434.0,437.0,21.71071428607143,14.392307692307693,8.677777777777779,67025,191,41.1,3911.0,163162.0,2874.0,9913,160034,1571,42018,26,5812,420,1173,118927,88203,81744,5317,3810,3478,2524,6891,6223,5650,7367,8232,18774,79145,12113,10115,23107,27988,8741,27062,169947
0.0,0.0,98.88888888888889,879.0,2074.0,2093.0,15.0,24.0,24.0,22.2821428575,31.06153846153846,11.651851851851852,2454,8,44.7,139.0,8645.0,5.0,295,8494,13,6441,8,72,46,193,2016,4022,4767,162,51,48,10,214,323,74,207,510,1827,3110,869,1138,549,1674,783,1368,8789
394.0,17451.0,71.81428571428572,20876.0,57601.0,58025.0,475.0,965.0,998.0,21.7428571425,14.238461538461538,9.303703703703704,83651,152,40.7,3299.0,194158.0,2726.0,7695,192488,1896,31634,49,5118,321,2435,158730,103756,96427,6776,3998,3094,3565,8846,6965,5614,8497,9986,21295,96507,10517,12669,26103,29378,12923,33555,200183
0.0,0.0,89.73333333333333,1486.0,3406.0,3446.0,49.0,74.0,75.0,22.56428571392857,24.22307692307692,11.3,4558,0,41.5,269.0,13779.0,188.0,305,13931,46,8410,0,340,55,157,5228,7174,7062,437,212,90,21,481,528,401,436,536,1928,5796,1180,1276,1216,2017,1097,2021,14236
0.0,0.0,90.2,2431.0,5799.0,5834.0,51.0,99.0,103.0,22.278571428214285,21.85384615384616,11.085185185185184,7808,0,41.6,304.0,20720.0,146.0,538,20632,49,9566,0,326,43,235,10951,10978,10192,518,269,195,154,836,538,699,740,1121,3600,9104,2236,2283,1539,3539,1390,3763,21170
304.0,14164.0,37.3,15758.0,42858.0,43530.0,190.0,371.0,380.0,22.06785714307143,12.9,4.846153846153846,73328,163,46.2,8483.0,174521.0,6728.0,21042,168690,2328,32677,143,6700,519,7524,139841,96699,93033,7638,4120,5614,6868,6602,5728,5469,7934,10949,13309,88735,6250,5971,30582,21930,6862,26401,189732
46.0,4205.0,56.11304347826087,15342.0,51530.0,52240.0,173.0,437.0,450.0,21.7178571425,9.315384615384614,5.1923076923076925,97554,61,36.5,5858.0,210266.0,5979.0,15110,206993,5252,51751,100,10287,777,7999,145937,111753,110350,8732,5144,4741,3822,6450,7013,6582,8619,11865,16629,113268,11119,10242,31070,34171,11767,40619,222103
0.0,0.0,81.91666666666667,1237.0,2772.0,2799.0,36.0,61.0,61.0,21.72142857178571,16.515384615384615,8.81851851851852,6207,0,46.0,150.0,14362.0,96.0,563,14045,6,5940,61,93,85,217,8206,7549,7059,504,243,255,130,441,692,578,506,881,1991,7043,620,1612,1475,2704,873,2391,14608
1960.0,81346.0,37.63636363636363,38914.0,111163.0,112905.0,461.0,911.0,945.0,21.70714285657143,12.36153846153846,4.780769230769231,178224,538,38.0,13482.0,383841.0,10220.0,21137,386406,6657,106732,296,10124,646,6858,276230,210338,197205,15074,10200,11772,18176,13801,11916,11793,15479,18808,36392,219509,16970,17777,104921,46331,15809,57748,407543
31.0,1211.0,87.84782608695652,5504.0,14505.0,14761.0,138.0,311.0,322.0,22.07499999928572,18.66923076923077,10.281481481481482,22061,59,39.3,975.0,55591.0,544.0,2581,54529,344,11477,12,1496,58,727,42996,29461,27649,1310,535,561,261,2354,2061,1571,1628,2050,8448,25196,3760,5711,4532,10145,4848,9769,57110
99.0,744.0,87.2,3786.0,10082.0,10134.0,69.0,142.0,153.0,21.825000000357143,16.976923076923075,11.622222222222222,12517,116,41.9,169.0,31719.0,372.0,670,31590,151,11875,0,688,123,17,19406,16619,15641,789,449,454,172,1375,1255,1182,1276,1392,4517,14109,1971,3817,2352,6684,2199,5322,32260
46.0,1687.0,89.26315789473684,4361.0,11750.0,11836.0,98.0,185.0,191.0,22.142857142857142,18.26923076923077,10.096296296296297,17952,80,42.3,761.0,44672.0,400.0,2020,43813,207,14035,25,1950,107,515,28994,23529,22304,926,633,426,295,2039,1655,1832,1807,1968,6632,21556,4092,4451,2908,9230,4503,6836,45833
49.0,1511.0,83.85185185185185,3104.0,8694.0,8776.0,103.0,157.0,159.0,22.289285714285715,19.223076923076924,10.37037037037037,10724,218,45.6,435.0,33189.0,241.0,1081,32784,249,15827,9,603,36,388,16753,17117,16748,794,555,393,269,1107,1212,994,1344,1343,4764,13712,3074,2733,2447,5902,3002,5062,33865
135.0,3223.0,84.3225806451613,3287.0,8816.0,8913.0,117.0,217.0,221.0,22.25,20.57692307692308,9.6,14834,26,42.2,810.0,36622.0,192.0,1302,36322,216,14365,0,512,123,948,21460,19636,17988,615,267,444,343,2126,1684,892,1116,1563,6231,16956,4306,2556,2941,8479,1938,5390,37624
171.0,3421.0,86.85714285714286,7929.0,18855.0,18939.0,167.0,302.0,311.0,21.77857142857143,18.33076923076923,9.68148148148148,24428,117,41.5,564.0,65543.0,751.0,1430,65428,207,27366,19,1415,135,21,37695,35353,31505,1342,669,1189,663,2900,2075,1789,2157,2446,10887,28499,6336,7018,6427,12616,4527,10029,66858
72.0,2024.0,89.10714285714286,4043.0,9687.0,9729.0,80.0,141.0,144.0,22.24285714267857,25.423076923076923,10.833333333333334,10838,38,37.6,161.0,30235.0,77.0,855,29618,19,14556,0,660,536,264,14438,16163,14310,639,414,190,110,1260,1022,659,853,1173,4827,12650,3029,3598,1891,6106,2603,4652,30473
0.0,0.0,51.98823529411764,15556.0,55722.0,56325.0,191.0,483.0,496.0,21.717857142642856,9.223076923076924,4.976923076923077,68960,139,37.2,4739.0,152325.0,4245.0,9074,152235,2948,40704,213,6395,585,3251,107213,82763,78546,5586,4287,3829,2390,5046,4955,5197,6327,7705,11617,80733,9945,6667,24818,21353,9035,31158,161309
0.0,0.0,74.78947368421052,2857.0,6720.0,6779.0,40.0,68.0,71.0,21.710714285714285,14.16153846153846,9.1,9814,0,43.0,756.0,26024.0,241.0,1633,25388,43,9459,23,543,76,533,16344,12570,14451,1024,496,564,317,684,766,539,650,1127,3004,11673,1403,2241,2437,5146,2478,4485,27021
0.0,0.0,78.38095238095238,2145.0,5966.0,6007.0,76.0,104.0,107.0,21.717857142857145,18.73076923076923,10.37037037037037,9195,11,47.1,50.0,22298.0,58.0,513,21893,123,12891,0,503,94,0,8795,11749,10657,677,476,537,222,989,740,510,884,832,3448,10317,1910,2406,2245,4388,1170,3633,22406
763.0,31766.0,77.15384615384616,16838.0,41626.0,41861.0,387.0,620.0,631.0,21.78214285642857,15.515384615384615,9.362962962962964,56528,85,39.2,2178.0,133979.0,2080.0,3779,134458,1954,59106,27,2226,424,1879,72621,73540,64697,4182,3013,2163,1661,5190,4800,4613,5694,4972,16592,64961,11625,11398,18549,22229,7881,21588,138237
192.0,10476.0,63.34,6313.0,15773.0,15958.0,135.0,221.0,227.0,22.067857142857143,16.13076923076923,10.95925925925926,22454,27,50.1,928.0,60413.0,809.0,1915,60235,291,19105,0,852,80,1507,40315,32733,29417,2001,1316,1305,1557,2671,2483,2014,2396,2906,7109,27292,4271,4722,7590,8240,2959,10428,62150
1334.0,64200.0,55.83108108108108,65559.0,171545.0,173338.0,898.0,1940.0,2008.0,21.7178571425,9.476923076923075,4.923076923076923,224728,421,38.3,26131.0,473129.0,16866.0,48446,467680,13471,90330,1319,18801,2260,18473,371472,265679,250447,18919,10758,13284,13762,18296,16812,15776,20397,25861,44150,266499,21915,21795,102772,59533,27466,80960,516126
322.0,10243.0,79.16981132075472,7253.0,22454.0,22607.0,159.0,296.0,305.0,22.067857143214287,15.36923076923077,9.97037037037037,27909,172,39.8,2330.0,67371.0,971.0,4359,66313,771,22820,0,1237,31,734,45079,37768,32904,1579,985,923,729,3828,2694,2001,2329,3037,9872,31818,6814,5960,7955,11044,4795,11126,70672
32.0,559.0,88.33333333333333,1738.0,4996.0,5024.0,44.0,83.0,86.0,22.296428571785714,22.29230769230769,9.533333333333331,7031,43,40.6,378.0,18601.0,244.0,755,18468,89,10113,0,335,9,634,8043,9275,9948,362,172,185,49,1134,741,554,618,560,2518,8037,2066,1619,1093,4257,1562,3033,19223
715.0,35141.0,60.61202185792349,35355.0,95947.0,97534.0,537.0,1128.0,1159.0,21.750000000321428,12.13846153846154,9.5,133648,382,46.7,12520.0,321496.0,10170.0,20974,323212,5022,44713,107,7666,1519,7113,278046,178073,166113,10520,5620,4825,4605,15006,14009,12827,15580,16427,36800,160436,16487,13583,40892,55150,17833,60477,344186
41.0,3276.0,68.6842105263158,2169.0,5881.0,5924.0,43.0,93.0,93.0,22.003571428928574,17.892307692307693,8.35925925925926,11809,71,40.8,2098.0,26680.0,780.0,3974,25584,122,12043,0,1276,49,1037,15031,14726,14832,635,465,473,197,1518,1155,784,999,1373,3125,13579,2361,2595,2560,5876,2321,4405,29558
119.0,3393.0,72.14893617021276,6809.0,21358.0,21623.0,128.0,249.0,261.0,21.717857142857145,12.776923076923076,9.025925925925923,26288,33,41.3,812.0,64064.0,1050.0,3074,62852,210,15566,102,1758,213,1711,46366,33808,32118,2454,1014,803,711,2049,1727,2655,2958,3215,7707,30409,3326,4432,7095,12491,3147,11083,65926
97.0,3421.0,64.12727272727273,9745.0,24979.0,25276.0,147.0,275.0,281.0,21.75357142857143,11.423076923076923,7.303846153846154,35623,31,42.5,2918.0,90383.0,2077.0,5340,90038,1458,19891,0,2618,134,776,70501,49179,46199,3342,2482,2079,2554,2950,2256,2282,3802,4922,8559,43507,3996,4960,13398,13088,6413,15651,95378
41.0,3172.0,83.94736842105263,6400.0,18548.0,18667.0,161.0,289.0,295.0,21.7178571425,16.146153846153847,9.496296296296295,25828,85,40.7,1166.0,65127.0,697.0,3425,63565,352,15768,50,2680,92,1207,46841,34418,32572,1737,802,641,518,2890,2722,2217,2573,2850,8605,30224,4857,5374,5642,11781,5630,10868,66990
0.0,0.0,92.11111111111111,1797.0,4233.0,4272.0,57.0,93.0,95.0,22.285714285928574,23.192307692307693,10.511111111111113,5579,6,42.0,104.0,16870.0,170.0,429,16715,37,10972,0,232,2,233,5668,8394,8750,343,143,70,173,642,636,393,490,490,3075,6370,1973,2342,1218,3663,1442,2451,17144
541.0,27130.0,63.49411764705882,30416.0,95377.0,96569.0,448.0,848.0,872.0,21.714285714178573,9.384615384615383,4.411538461538462,130228,539,39.1,9007.0,279393.0,6633.0,18031,277002,5930,43575,202,9089,1050,5470,229717,151443,143590,10765,7182,7146,5994,11137,9882,9647,12456,16421,24590,151016,15735,12549,49926,42069,15071,50489,295033
0.0,0.0,78.75,950.0,2219.0,2244.0,26.0,38.0,40.0,22.46071428535714,22.49230769230769,14.55,2792,0,56.6,51.0,9335.0,109.0,115,9380,21,4185,0,314,0,47,4928,4202,5293,194,146,63,103,554,350,384,395,657,1138,3133,692,812,583,1661,897,1439,9495
36.0,1541.0,94.23333333333332,3281.0,8514.0,8564.0,101.0,160.0,163.0,22.2821428575,25.91538461538461,12.637037037037036,10612,2,40.7,356.0,30377.0,221.0,897,30057,225,17617,0,224,200,376,12312,16700,14254,500,218,301,62,1188,985,734,750,1003,5541,12262,3113,3995,1986,6997,2478,3892,30954
0.0,0.0,93.75,3046.0,7840.0,7880.0,50.0,104.0,105.0,22.214285714214288,22.069230769230767,12.57777777777778,8255,102,40.5,244.0,25922.0,210.0,861,25515,83,13206,0,1324,857,171,10735,12886,13490,231,231,116,27,1038,743,810,671,957,4560,9925,3068,3354,1067,6534,2628,3927,26376
48.0,1626.0,77.43333333333334,4471.0,13238.0,13355.0,92.0,185.0,195.0,22.22142857142857,15.76923076923077,9.377777777777778,16290,7,42.2,1451.0,36434.0,444.0,2940,35389,82,11952,0,664,98,1313,24220,19799,18530,1113,599,463,396,1739,1536,1179,1535,1625,4791,18621,2686,3656,3718,6219,2909,6003,38329
251.0,6840.0,65.12068965517241,8605.0,24094.0,24348.0,127.0,332.0,343.0,22.14642857142857,16.284615384615385,9.462962962962964,29941,172,46.1,1610.0,75240.0,1464.0,4334,73980,605,5574,12,2339,529,1056,68199,39723,38591,2611,1449,1356,1504,3457,3026,2720,3180,3301,9836,35162,4252,6035,10133,10655,5786,12218,78314
286.0,6033.0,88.35,8948.0,23242.0,23425.0,221.0,410.0,420.0,22.071428571428573,26.76923076923077,11.203703703703704,31499,31,40.5,454.0,85884.0,615.0,1974,84979,623,53592,98,1464,501,437,30238,46384,40569,1511,1114,696,528,4327,3177,2380,2796,3205,13895,38418,8914,8410,8189,13506,4859,15434,86953
106.0,5033.0,65.38372093023256,16800.0,45669.0,46111.0,272.0,606.0,632.0,21.707142857142856,12.084615384615384,8.796296296296296,50313,146,36.4,2628.0,121087.0,1666.0,4812,120569,2510,8158,18,3018,147,1761,109769,62768,62613,4488,2290,1880,1782,4918,4762,3744,4841,5812,14005,60534,5070,8115,17297,15599,7474,18579,125381
1311.0,46505.0,64.05531914893616,42136.0,121931.0,123578.0,509.0,920.0,947.0,21.71428571425,13.46923076923077,8.62962962962963,171638,200,33.7,12947.0,390341.0,11372.0,21993,392667,11836,196402,487,13366,900,9116,182553,214144,200516,11903,7991,9407,8152,15883,13579,12327,15149,19308,41779,222572,24326,20864,84272,44449,15982,64099,414660
0.0,0.0,79.1875,1654.0,3947.0,3968.0,46.0,74.0,78.0,21.7071428575,14.992307692307692,8.34074074074074,7723,56,42.7,1251.0,18767.0,274.0,3123,17169,3,4989,0,809,17,1208,13266,10115,10177,423,245,252,80,1101,711,590,740,954,2264,8951,1462,1771,1938,3191,2168,3063,20292
894.0,43352.0,70.83333333333333,36809.0,94170.0,95357.0,735.0,1520.0,1548.0,21.72142857107143,11.576923076923077,6.03076923076923,133281,323,38.0,11009.0,292969.0,9813.0,21983,291808,7099,62599,88,11634,494,6811,225066,161493,152298,9125,5051,5028,4656,12205,10830,10114,13053,16521,32205,153850,17921,18656,41070,48604,18739,53371,313791
206.0,7408.0,79.85714285714286,9689.0,27718.0,28100.0,175.0,382.0,394.0,21.782142856785715,18.146153846153844,9.596296296296297,42423,36,36.5,1371.0,103392.0,1912.0,4335,102340,1452,50076,63,3506,317,1557,49704,55086,51589,2634,1293,1996,907,4180,4174,3522,4807,4361,13830,49977,8935,8002,11548,16240,5303,19643,106675
15.0,522.0,91.8076923076923,2713.0,7627.0,7750.0,77.0,146.0,150.0,21.96428571464286,19.223076923076924,11.329629629629627,10660,45,44.4,98.0,27091.0,136.0,440,26885,4,8262,0,1233,6,38,17782,14308,13017,504,421,271,122,1183,1143,1111,1378,1046,4528,12503,2224,2763,1919,5533,2013,4565,27325
0.0,0.0,94.67647058823528,3847.0,8519.0,8557.0,93.0,144.0,146.0,22.285714285714285,21.99230769230769,11.74074074074074,10692,2,43.3,363.0,30255.0,192.0,711,30099,195,19832,0,306,145,473,9859,16206,14604,511,293,363,123,1021,1275,819,1170,1307,5823,12177,2912,4043,2347,6970,2166,4140,30810
300.0,12394.0,52.96621621621622,27238.0,77305.0,78263.0,341.0,620.0,678.0,21.57500000042857,7.9,5.884615384615385,119702,112,38.9,8975.0,258053.0,6859.0,15729,258158,6648,51700,76,8759,1982,4000,200722,141817,132070,10746,7247,8017,8185,8827,8571,8175,10163,13799,19852,143572,12090,9188,52147,33541,11900,48081,273887
0.0,0.0,82.0,454.0,767.0,899.0,15.0,17.0,18.0,22.78571428625,27.54736842105263,23.544,1207,4,38.8,103.0,2634.0,20.0,189,2568,0,51,0,36,74,43,2553,1302,1455,133,36,37,65,120,60,119,147,209,198,1491,85,240,313,401,114,462,2757
0.0,0.0,76.05882352941177,2813.0,4567.0,5577.0,39.0,57.0,64.0,22.48928571428572,12.184615384615386,6.166666666666667,7860,147,38.4,1968.0,15891.0,479.0,1956,16382,1027,220,164,374,757,1229,14567,9027,9311,628,327,177,255,896,941,728,942,1022,1768,9115,1462,1572,2410,2704,1306,2495,18338
0.0,0.0,87.0,382.0,785.0,948.0,9.0,14.0,16.0,22.924999999642857,28.98461538461538,30.728,962,0,28.4,23.0,3372.0,35.0,291,3139,19,27,0,148,1923,27,1286,1811,1619,60,14,11,33,131,120,73,141,106,347,1380,626,251,344,433,226,439,3430
0.0,0.0,86.5,1510.0,2289.0,2569.0,25.0,38.0,42.0,22.789285714285715,17.535714285714285,25.61081081081081,2209,4,41.9,33.0,6855.0,26.0,193,6721,21,117,0,170,478,47,6081,2821,4093,205,78,109,74,283,231,223,258,336,759,2829,318,499,708,1232,430,1245,6914
128.0,1159.0,60.0,3630.0,8075.0,9517.0,37.0,51.0,67.0,22.43571428603571,8.569230769230769,6.433333333333333,16158,64,27.3,1664.0,32956.0,495.0,1199,33916,1107,428,0,709,448,213,32210,17162,17953,1251,951,628,346,1088,1626,1310,1360,1952,2852,19981,873,1571,6479,3346,331,4465,35115
260.0,4568.0,61.16129032258065,5183.0,10240.0,12185.0,89.0,119.0,135.0,22.360714285785715,9.915384615384616,6.425925925925926,18318,32,37.4,1054.0,37183.0,751.0,1267,37721,1325,903,0,910,1311,71,34468,19827,19161,1521,894,898,799,1484,1378,1409,1757,2462,3643,21358,961,2203,6377,5135,995,6304,38988
0.0,0.0,68.5,697.0,1408.0,1685.0,9.0,19.0,27.0,22.92857142892857,19.65,34.840425531914896,2245,0,39.8,36.0,5149.0,48.0,145,5088,12,60,0,97,551,5,4508,2631,2602,181,130,51,171,193,224,224,248,285,521,2920,302,382,739,816,187,815,5233
0.0,0.0,71.875,987.0,2729.0,3252.0,20.0,44.0,49.0,22.28571428575,12.323076923076922,9.625,3957,21,40.5,13.0,10189.0,93.0,394,9901,22,74,0,471,235,98,9395,5231,5064,274,266,157,135,388,618,286,515,405,1135,5369,839,707,1075,2265,275,1400,10295
0.0,0.0,91.0,131.0,265.0,306.0,4.0,7.0,7.0,22.935714285714287,16.76842105263158,17.81,484,0,50.6,5.0,1445.0,8.0,23,1435,1,0,0,9,5,11,1432,668,790,88,56,19,16,113,66,62,56,82,141,781,0,181,240,201,37,262,1458
0.0,0.0,78.0,1311.0,2923.0,3679.0,21.0,33.0,38.0,22.92857142892857,21.23076923076923,9.603571428571428,3219,5,36.3,38.0,9248.0,38.0,344,8980,41,7,5,458,2912,19,5882,4692,4632,238,97,110,93,299,255,295,347,433,982,4302,985,743,897,1258,473,1426,9324
0.0,0.0,81.0,377.0,785.0,976.0,5.0,8.0,12.0,22.785714285857143,21.973333333333336,36.5595744680851,1381,5,40.9,83.0,3624.0,8.0,133,3582,17,12,0,121,1,55,3509,1812,1903,105,74,54,56,181,178,203,136,185,412,1833,29,279,355,674,105,561,3715
0.0,0.0,62.2,1815.0,3480.0,3951.0,15.0,21.0,28.0,22.217857142928573,12.63076923076923,5.881481481481482,5240,44,25.2,484.0,13502.0,90.0,432,13644,420,279,5,284,512,200,12376,7172,6904,318,245,312,276,501,417,359,490,703,1638,8198,430,447,2883,1014,317,1181,14076
81.0,2496.0,60.63636363636363,4052.0,8375.0,10635.0,77.0,99.0,107.0,22.432142857107145,8.984615384615385,6.992592592592593,13800,19,39.4,473.0,27523.0,137.0,842,27291,143,166,0,612,684,110,26418,14080,14053,1083,530,478,439,1308,1118,818,1531,1786,2999,15648,1633,1856,2926,4573,1152,5665,28133
0.0,0.0,97.0,473.0,1060.0,1196.0,12.0,17.0,18.0,24.90000000034483,36.9,34.221739130434784,789,0,28.1,2.0,4101.0,3.0,17,4089,0,10,0,55,2859,2,1180,2040,2066,57,75,22,22,107,93,81,115,110,523,1684,906,386,274,610,290,632,4106
0.0,0.0,47.142857142857146,766.0,2017.0,2489.0,12.0,23.0,29.0,22.14285714292857,15.464285714285714,3.7038461538461536,3231,14,55.9,58.0,8683.0,85.0,335,8491,25,28,0,177,387,22,8187,4374,4452,450,220,286,130,415,294,415,428,520,735,4126,309,617,999,1517,303,1523,8826
134.0,1633.0,67.27777777777777,2982.0,5846.0,7083.0,63.0,77.0,88.0,22.4999999995,10.615384615384617,6.396296296296296,9199,14,39.3,256.0,19445.0,189.0,655,19235,243,269,0,396,352,208,18422,10155,9735,824,409,407,254,907,1033,574,564,1080,2599,10704,991,1211,2841,2887,696,3344,19890
0.0,0.0,78.33333333333333,675.0,1269.0,1513.0,29.0,35.0,40.0,22.785714285821427,14.623076923076924,13.651724137931032,2154,33,48.1,10.0,5422.0,20.0,120,5332,1,7,0,128,528,45,4743,2670,2782,232,143,42,41,310,290,200,247,308,755,2636,226,566,617,838,196,903,5452
0.0,0.0,71.5,476.0,1034.0,1200.0,8.0,12.0,12.0,22.78214285725,25.53333333333333,27.944444444444443,2054,50,42.9,53.0,4237.0,19.0,152,4157,0,1,0,67,8,8,4225,2069,2240,205,116,100,33,169,115,206,253,273,307,2322,134,317,574,622,138,748,4309
0.0,0.0,94.0,1423.0,3134.0,3436.0,26.0,40.0,46.0,22.935714285357143,20.976923076923075,11.71111111111111,1645,0,27.4,53.0,5785.0,3.0,252,5589,4,11,14,145,4502,15,1150,2862,2979,103,73,63,26,203,179,211,153,151,569,2605,1178,618,416,958,423,785,5841
0.0,0.0,84.0,434.0,682.0,825.0,9.0,16.0,16.0,24.00344827586207,25.76111111111111,25.472,1112,0,45.1,3.0,2887.0,23.0,23,2890,0,0,0,78,70,1,2764,1475,1438,140,86,35,31,94,72,81,149,177,338,1446,56,244,250,404,63,584,2913
0.0,0.0,72.0,487.0,936.0,1069.0,13.0,16.0,17.0,22.64642857125,27.116666666666667,28.99183673469388,1527,0,41.1,25.0,3838.0,13.0,42,3834,6,10,0,57,47,0,3756,1831,2045,112,165,79,70,142,142,145,134,254,307,1902,86,191,541,573,93,711,3876
0.0,0.0,77.0,549.0,1799.0,2495.0,15.0,39.0,44.0,22.500000000035715,13.615384615384617,9.257142857142856,2212,5,54.4,49.0,6590.0,82.0,144,6577,80,0,0,344,503,1,5793,3242,3479,293,224,135,10,362,205,250,308,375,976,3010,78,475,656,1109,303,1212,6721
0.0,0.0,87.0,362.0,562.0,712.0,13.0,16.0,17.0,24.76206896593104,28.9625,19.418,745,0,49.0,0.0,2315.0,0.0,5,2310,0,5,0,73,20,0,2217,1243,1072,92,39,28,7,86,93,67,84,137,287,1073,21,123,228,246,101,452,2315
0.0,0.0,69.22222222222223,983.0,2030.0,2425.0,38.0,50.0,53.0,22.57142857164285,16.12857142857143,7.374074074074074,3379,18,42.5,278.0,6800.0,47.0,325,6800,33,42,0,101,58,204,6687,3403,3722,190,93,213,191,265,338,191,424,574,669,3752,72,471,883,1201,241,1143,7125
0.0,0.0,87.0,549.0,1064.0,1221.0,30.0,34.0,34.0,22.925,19.564285714285717,37.818000000000005,1678,3,45.5,4.0,4169.0,20.0,86,4107,0,0,0,132,308,58,3695,2019,2174,95,84,67,49,216,129,172,147,254,619,1991,182,402,443,601,133,734,4193
0.0,0.0,83.0,257.0,450.0,531.0,10.0,12.0,12.0,25.9033333332,22.70526315789473,16.746,636,0,43.6,0.0,1928.0,7.0,10,1925,0,1,0,19,86,0,1829,1058,877,86,16,22,47,92,92,48,30,45,280,797,65,270,172,346,14,336,1935
0.0,0.0,58.6,724.0,1495.0,1806.0,38.0,41.0,41.0,22.710714285642855,21.15,26.88611111111111,2433,17,34.6,161.0,5877.0,66.0,294,5810,15,24,0,93,3,66,5903,2962,3142,234,123,104,47,190,142,260,371,421,350,3019,126,377,587,1042,176,923,6104
0.0,0.0,71.5,347.0,560.0,679.0,6.0,11.0,13.0,22.78571428617857,19.41578947368421,25.77,1227,4,47.8,23.0,3040.0,1.0,50,3014,23,4,0,30,6,0,3001,1508,1556,190,50,54,69,149,97,104,135,191,387,1637,51,275,332,379,34,616,3064
0.0,0.0,68.0,368.0,652.0,744.0,4.0,6.0,6.0,23.51724137937931,22.65882352941176,32.08571428571429,1441,17,37.6,1.0,3420.0,2.0,1,3422,0,0,0,93,0,0,3330,1707,1716,153,48,55,35,107,115,87,81,159,199,1731,62,112,279,487,111,710,3423
0.0,0.0,80.0,92.0,200.0,222.0,1.0,3.0,3.0,25.68064516148387,19.70526315789473,13.406,350,0,44.8,15.0,1163.0,0.0,31,1147,0,0,0,28,33,24,1093,513,665,30,36,27,6,52,42,99,64,103,57,704,8,62,174,209,34,221,1178
130.0,1616.0,54.76923076923077,2326.0,4292.0,5115.0,36.0,57.0,63.0,22.496428571785717,9.623076923076924,2.85,8283,0,38.5,84.0,17436.0,40.0,591,16969,4,10,0,806,2044,9,14687,8919,8641,849,550,486,227,743,440,588,699,1369,1524,9274,822,1015,3546,2373,288,2975,17560
0.0,0.0,76.85714285714286,790.0,1726.0,2041.0,26.0,36.0,39.0,22.49642857146429,12.992307692307692,21.918181818181814,3004,0,42.9,71.0,7190.0,47.0,177,7131,76,0,0,316,43,4,6869,3736,3572,278,129,110,128,312,246,288,372,520,594,3822,369,638,893,980,247,1212,7308
0.0,0.0,79.0,139.0,306.0,361.0,1.0,8.0,9.0,25.003448276,19.71578947368421,14.095999999999998,627,0,52.6,0.0,1446.0,0.0,15,1431,0,39,0,35,78,2,1292,714,732,73,37,25,17,59,74,73,70,85,103,782,34,80,176,183,59,306,1446
0.0,0.0,96.5,280.0,627.0,745.0,14.0,21.0,21.0,22.503571428214286,25.86923076923077,33.07551020408163,714,3,33.2,14.0,3274.0,8.0,15,3281,11,10,0,63,1937,4,1271,1695,1601,19,18,2,16,57,99,19,78,62,445,1058,458,341,231,528,245,476,3296
0.0,0.0,91.0,275.0,412.0,488.0,16.0,20.0,20.0,22.785714285392856,23.23684210526316,16.981632653061226,766,0,51.5,38.0,1944.0,27.0,93,1916,0,0,0,10,38,50,1911,1009,1000,106,24,29,45,155,111,74,64,123,209,965,54,153,233,337,52,271,2009
0.0,0.0,89.0,85.0,177.0,195.0,0.0,2.0,2.0,27.228125000125,25.910000000000004,11.094,272,0,44.9,6.0,867.0,0.0,0,873,0,15,0,13,97,5,743,456,417,24,14,4,4,41,87,38,40,55,112,450,8,78,128,189,9,141,873
0.0,0.0,74.33333333333333,648.0,1309.0,1568.0,14.0,21.0,27.0,22.785714286,22.70625,33.04761904761905,2129,12,44.3,11.0,4897.0,28.0,120,4816,11,0,0,43,8,9,4865,2404,2532,196,86,86,90,222,201,174,274,384,459,2574,57,365,618,799,161,763,4936
0.0,0.0,57.888888888888886,1222.0,2320.0,2635.0,18.0,27.0,30.0,22.285714285500003,15.007142857142856,3.565384615384616,5951,0,43.8,192.0,12476.0,79.0,334,12413,6,50,4,326,270,180,11911,6114,6633,523,292,203,210,204,419,554,510,772,1025,7142,308,407,2177,1562,443,1791,12747
27.0,1476.0,51.1875,2838.0,6548.0,7780.0,45.0,82.0,88.0,22.214285714,10.784615384615384,6.729629629629629,11826,17,42.3,497.0,25073.0,236.0,868,24938,269,239,41,703,512,37,24005,13023,12783,841,642,512,523,1178,1271,806,1127,1441,2909,13947,832,1412,4244,3299,676,4166,25806
53.0,2456.0,39.09756097560975,7894.0,15462.0,17489.0,77.0,100.0,116.0,21.78214285728572,3.446153846153846,2.496153846153846,28246,85,35.2,1552.0,56329.0,1006.0,1341,57546,761,932,17,1524,112,223,55318,29877,29010,2557,2096,1678,1881,1776,1354,1208,2341,3303,2147,32746,1178,1026,11826,6962,1290,10495,58887
0.0,0.0,80.0,605.0,1203.0,1432.0,10.0,12.0,14.0,24.544827586620688,20.253846153846155,37.35652173913044,1401,0,36.1,17.0,3804.0,10.0,95,3736,7,5,5,50,1564,14,2186,1818,2013,117,37,43,27,122,141,167,199,187,353,1837,461,271,387,621,198,582,3831
0.0,0.0,63.0,756.0,1341.0,1502.0,24.0,31.0,32.0,21.79285714267857,13.25,34.02325581395349,2398,0,39.4,54.0,5406.0,83.0,221,5322,0,45,0,93,20,69,5316,2754,2789,148,104,91,121,195,177,197,311,490,372,2923,162,296,676,762,260,909,5543
0.0,0.0,93.0,241.0,426.0,534.0,4.0,9.0,16.0,22.78571428535714,26.46875,24.058000000000003,817,0,50.1,11.0,2282.0,23.0,43,2273,20,39,0,18,8,0,2231,1206,1110,78,53,46,45,80,65,73,103,116,337,1099,85,304,299,280,56,324,2316
0.0,0.0,70.0,338.0,781.0,955.0,5.0,13.0,15.0,22.7892857145,18.085714285714285,32.00769230769231,2216,2,43.1,165.0,4677.0,39.0,395,4486,0,5,0,138,358,231,4149,2347,2534,208,102,103,103,238,95,157,250,334,308,2689,152,291,654,663,100,960,4881
0.0,0.0,52.61111111111112,2628.0,6978.0,8389.0,31.0,62.0,68.0,21.782142857535717,7.553846153846154,6.62962962962963,13307,74,36.2,219.0,27537.0,393.0,1233,26916,280,498,28,1115,660,149,25419,13529,14620,1140,721,364,357,865,1266,766,1382,1829,2452,16077,772,1477,3831,4228,485,5851,28149
0.0,0.0,86.0,274.0,454.0,539.0,9.0,13.0,15.0,22.499999999607144,26.44736842105263,24.278,936,4,44.9,0.0,2199.0,14.0,42,2171,9,5,0,36,19,18,2126,1090,1123,78,25,36,25,99,104,108,81,155,252,1116,75,170,204,428,102,347,2213
1185.0,53293.0,55.79259259259259,28449.0,56891.0,65212.0,335.0,505.0,565.0,21.792857142785717,7.323076923076924,2.923076923076923,96185,106,35.1,8952.0,176581.0,6149.0,9992,181690,3995,11748,48,7957,3712,1982,162240,95168,96514,8571,4357,4813,3334,8080,6740,7049,8218,11989,15302,110540,9238,6553,35433,24550,6727,34388,191682
0.0,0.0,63.0,620.0,1373.0,1692.0,17.0,28.0,30.0,22.500000000464286,16.642857142857142,13.66206896551724,2600,8,40.7,53.0,6353.0,102.0,291,6217,141,47,0,472,683,15,5150,3170,3338,242,170,133,161,225,260,269,275,373,500,3400,291,362,783,928,245,1227,6508
433.0,20324.0,58.36111111111112,13026.0,32546.0,38893.0,189.0,333.0,378.0,21.782142857571426,10.438461538461535,6.633333333333333,49611,56,38.8,1398.0,109712.0,1394.0,6056,106448,1495,1584,159,6883,9245,846,92292,55630,56874,4007,2093,2139,2243,4341,4094,3803,4813,6062,10352,58532,6429,4503,18064,15426,3962,19492,112504
0.0,0.0,79.0,348.0,680.0,805.0,14.0,18.0,19.0,22.714285714035714,25.08125,26.646,1049,14,45.6,57.0,2929.0,10.0,22,2974,50,0,0,34,97,48,2767,1463,1533,96,68,46,69,121,88,128,194,222,297,1715,40,193,316,490,35,518,2996
0.0,0.0,80.0,378.0,698.0,810.0,4.0,7.0,10.0,22.853571428214284,25.347368421052632,22.746,950,0,48.8,20.0,2260.0,31.0,29,2282,32,10,0,73,48,19,2129,1170,1141,70,47,82,22,112,126,73,131,108,226,1110,63,149,250,360,32,327,2311
0.0,0.0,82.08333333333333,1235.0,2416.0,2853.0,36.0,50.0,57.0,22.750000000357144,16.807692307692307,7.766666666666667,4043,4,38.3,70.0,10180.0,60.0,385,9925,11,47,0,261,3910,138,5943,5063,5247,227,158,207,90,392,436,383,440,476,1080,4920,988,828,788,1578,413,1810,10310
0.0,0.0,80.0,335.0,572.0,675.0,3.0,6.0,8.0,22.785714285535715,30.15,22.126,1009,0,40.6,6.0,2349.0,17.0,102,2270,10,0,0,27,25,49,2261,1174,1198,96,42,36,34,97,101,105,85,160,231,1324,72,170,241,437,82,388,2372
0.0,0.0,81.28571428571429,804.0,1406.0,1692.0,26.0,35.0,39.0,22.682142856964283,16.878571428571426,14.596666666666666,2513,0,44.2,62.0,6349.0,27.0,214,6224,0,10,0,157,102,61,6108,3159,3279,287,73,135,182,257,281,272,298,350,464,3165,121,351,936,893,221,1081,6438
0.0,0.0,60.0,336.0,631.0,737.0,2.0,6.0,9.0,23.141379310068967,25.852631578947367,25.116326530612245,1636,0,47.3,0.0,3027.0,31.0,148,2910,0,0,51,81,124,0,2802,1379,1679,97,130,83,142,169,134,77,135,250,226,1845,0,192,351,635,63,508,3058
35.0,494.0,100.0,1220.0,2959.0,3914.0,29.0,50.0,53.0,22.935714285714287,33.41538461538461,8.122222222222222,2038,0,23.6,269.0,10011.0,28.0,400,9908,268,4,0,6,9000,66,964,5223,5085,70,60,23,36,334,244,142,121,163,1481,2565,2702,1397,537,1503,871,1293,10308
0.0,0.0,82.2,719.0,1377.0,1710.0,16.0,24.0,29.0,22.71428571392857,20.49230769230769,32.87619047619047,2360,28,45.2,115.0,5313.0,20.0,81,5367,49,0,0,415,568,0,4416,2745,2703,254,55,37,53,223,179,199,231,371,632,2904,335,394,526,1105,244,690,5448
0.0,0.0,68.5,1080.0,1957.0,2292.0,53.0,62.0,70.0,21.78214285742857,13.978571428571428,6.155555555555555,3742,2,41.7,77.0,8216.0,32.0,203,8122,24,43,0,188,61,14,7995,4169,4156,357,157,152,125,322,253,233,480,612,839,4415,325,599,1145,1139,228,1529,8325
38.0,917.0,51.45454545454545,2012.0,3997.0,4371.0,39.0,52.0,55.0,21.792857143071423,4.6923076923076925,3.519230769230769,7506,0,40.2,316.0,15213.0,130.0,545,15114,248,124,0,470,154,103,14560,7719,7940,737,536,534,671,738,465,564,523,919,1177,8431,602,712,2511,2194,419,2899,15659
0.0,0.0,84.33333333333333,730.0,1307.0,1498.0,15.0,25.0,28.0,22.714285714285715,17.63076923076923,15.966666666666669,2307,5,42.5,28.0,5376.0,27.0,124,5307,17,207,0,199,632,31,4345,2782,2649,193,120,65,101,337,280,198,212,281,476,2823,110,565,605,974,175,786,5431
272.0,2902.0,67.38888888888889,2827.0,5897.0,6992.0,28.0,56.0,64.0,22.49285714253572,10.107692307692307,6.866666666666667,10477,38,42.0,370.0,22145.0,231.0,1135,21611,34,348,0,815,742,118,20689,11004,11742,714,552,389,370,1207,791,804,1236,1669,1826,12035,556,1202,3019,3634,1073,3846,22746
0.0,0.0,95.0,337.0,665.0,716.0,9.0,11.0,11.0,27.86451612967742,31.153846153846157,28.788,678,4,34.0,8.0,2756.0,3.0,93,2674,0,0,3,92,2001,10,661,1394,1373,74,21,20,63,102,57,47,32,51,308,1402,507,279,218,577,152,414,2767
200.0,8694.0,69.33962264150944,8138.0,21942.0,22095.0,159.0,312.0,334.0,21.71428571392857,12.476923076923075,8.625925925925927,29528,4,43.1,1523.0,73881.0,1109.0,2345,74168,1146,2755,74,2545,357,723,68913,39159,37354,2200,1599,1474,1110,3186,3082,2664,3266,3694,8611,34318,4626,4153,8835,13353,4052,13321,76513
49.0,1017.0,62.14814814814815,5867.0,14906.0,14961.0,121.0,221.0,236.0,21.99642857142857,13.36923076923077,9.255555555555556,20747,32,38.3,1958.0,46040.0,939.0,6238,42699,96,3529,20,1763,223,1557,41749,24840,24097,1473,482,766,553,2144,1863,1676,2022,2508,4003,23586,3243,2843,4503,10512,3905,6352,48937
0.0,0.0,88.66666666666667,1513.0,4453.0,4515.0,39.0,90.0,92.0,22.57142857107143,19.746153846153845,10.12962962962963,5147,27,47.5,35.0,15866.0,232.0,388,15745,26,146,0,182,19,0,15760,8175,7958,325,119,276,142,768,602,498,732,629,2679,6094,1134,1869,947,3776,997,2192,16133
0.0,0.0,72.66666666666667,2020.0,4645.0,4661.0,10.0,53.0,57.0,22.503571428678573,20.56153846153846,9.914814814814816,5333,0,43.2,367.0,14519.0,75.0,395,14566,27,1091,0,252,62,70,13459,6003,8958,266,213,100,156,634,241,361,644,650,1557,6457,975,1030,909,4206,1914,2006,14961
253.0,8747.0,55.65,14246.0,38940.0,39149.0,185.0,399.0,436.0,21.717857143214285,9.13076923076923,4.773076923076923,56353,145,43.9,2262.0,127749.0,1630.0,4602,127039,994,3488,110,3844,190,411,122604,67808,63833,4775,2973,2788,2083,4946,4910,4130,5745,7404,11520,65077,4664,8652,17086,24090,6194,20775,131641
177.0,8856.0,65.64912280701755,13208.0,33031.0,33143.0,141.0,387.0,415.0,21.78928571392857,10.23076923076923,8.407407407407407,45441,135,39.7,3526.0,101270.0,2128.0,6847,100077,1232,5217,32,2965,341,2098,95039,54934,51990,3406,2188,1566,1185,4055,4271,3363,4310,5044,11342,52879,6541,6421,13728,17618,6170,17413,106924
79.0,1615.0,82.78787878787878,3871.0,12010.0,12231.0,59.0,153.0,167.0,21.964285714714286,17.46923076923077,9.27777777777778,14506,60,44.1,173.0,39438.0,207.0,584,39234,171,97,0,664,68,172,38646,20270,19548,1056,431,472,246,1777,1525,1373,1416,2037,6128,17474,3178,4046,2783,8240,3521,6012,39818
43.0,455.0,62.5,1799.0,4170.0,4202.0,31.0,56.0,63.0,21.567857143214287,13.276923076923076,8.34074074074074,5792,0,41.0,140.0,14173.0,61.0,336,14038,4,284,2,238,20,45,13781,7261,7113,297,221,308,148,433,566,625,544,807,1630,6525,731,1385,1322,3663,975,1739,14374
58.0,1009.0,86.63636363636364,3491.0,8914.0,8957.0,81.0,150.0,156.0,22.2821428575,15.53076923076923,10.4,10113,47,43.0,112.0,27450.0,279.0,779,27062,34,2780,23,729,69,197,24009,14065,13776,724,421,330,159,1127,992,698,1133,1364,4045,12025,2135,2744,2974,5579,1308,3912,27841
121.0,3427.0,79.67567567567568,6009.0,16377.0,16491.0,155.0,316.0,335.0,21.782142856785715,15.83846153846154,8.477777777777778,21173,33,45.7,729.0,55419.0,304.0,1115,55337,303,962,22,838,138,153,54036,28849,27603,1600,639,529,354,2884,2317,1944,2425,2385,8916,24651,3501,5423,6070,11396,3593,8888,56452
0.0,0.0,53.66666666666666,3993.0,10876.0,10913.0,45.0,117.0,119.0,21.57142857107143,7.992307692307692,4.4,18195,38,40.2,747.0,39398.0,394.0,1353,39186,210,575,21,1178,216,476,37863,20318,20221,1429,1138,756,476,1501,1211,1250,1877,2670,3009,21058,1920,2370,4954,8437,2644,6464,40539
0.0,0.0,76.16666666666667,2033.0,5768.0,5848.0,48.0,94.0,97.0,21.77857142857143,15.653846153846152,8.488888888888889,6163,0,37.5,184.0,17016.0,60.0,474,16786,87,1658,0,327,7,304,14877,8973,8287,546,142,260,61,541,461,852,642,681,1806,7169,932,1303,1549,3292,1043,2415,17260
121.0,1309.0,85.77272727272727,2873.0,9027.0,9105.0,71.0,167.0,178.0,22.28214285714285,16.96153846153846,8.907407407407407,11632,54,42.7,305.0,31405.0,117.0,425,31402,248,274,36,584,65,13,30607,16363,15464,544,371,287,374,1750,1308,1159,1357,1067,5344,13668,1954,3582,3176,6280,2417,4714,31827
0.0,0.0,87.66666666666667,1072.0,2219.0,2293.0,31.0,47.0,50.0,24.24827586172414,19.023076923076925,10.411111111111111,2534,0,47.0,89.0,7473.0,78.0,122,7518,34,250,0,34,0,95,7227,3937,3703,157,54,50,24,324,253,223,307,319,1465,2869,564,927,480,1885,553,805,7640
88.0,2222.0,82.5,4072.0,11508.0,11586.0,96.0,201.0,216.0,22.21428571467857,21.053846153846152,9.94814814814815,13186,0,45.3,279.0,35393.0,125.0,919,34878,336,672,39,591,257,10,33892,18312,17485,629,239,313,196,1988,1524,1141,1510,1373,5258,15351,3265,3586,2106,9299,2798,4269,35797
135.0,4480.0,68.225,6471.0,16894.0,16947.0,115.0,250.0,267.0,21.928571428571427,13.815384615384614,8.674074074074074,23042,130,39.7,1245.0,54429.0,350.0,2571,53453,677,2322,13,1593,12,919,50488,28503,27521,1757,749,719,642,2602,2354,1962,2681,2690,5878,26937,3718,4848,6000,11412,3371,7813,56024
0.0,0.0,84.38461538461539,1973.0,5150.0,5183.0,47.0,82.0,85.0,22.14642857107143,14.13846153846154,9.314814814814817,5975,19,41.1,445.0,13666.0,199.0,1542,12768,48,1871,10,547,25,722,11087,7428,6882,519,139,128,119,665,365,491,711,645,1871,6501,1048,1115,1170,2955,880,2122,14310
59.0,4265.0,69.02222222222223,6153.0,16042.0,16112.0,123.0,310.0,326.0,22.289285714285715,15.9,9.411111111111111,19623,150,51.8,532.0,58756.0,728.0,1801,58215,213,602,0,786,310,282,57823,30682,29334,1675,708,610,593,3018,2807,2572,3304,3598,7504,23303,3575,3734,4066,11438,3548,8351,60016
4053.0,188194.0,41.238297872340425,82385.0,189938.0,192129.0,881.0,1601.0,1670.0,21.57142857160714,13.646153846153847,4.373076923076924,317972,861,34.4,55633.0,601576.0,33331.0,70926,619614,24936,185758,403,25206,1042,19269,433926,358013,332527,27050,15992,16899,20865,25608,26884,24833,30712,38511,61837,402930,37836,26477,178227,79171,38496,98077,690540
0.0,0.0,87.07692307692308,1543.0,3715.0,3732.0,37.0,64.0,70.0,22.932142857857144,18.346153846153847,10.503703703703705,3973,8,46.5,36.0,11627.0,0.0,383,11280,0,411,0,220,53,133,10846,5917,5746,299,81,121,74,549,483,279,580,423,1748,4766,833,1144,961,2359,633,1660,11663
18.0,447.0,69.46153846153847,2682.0,6268.0,6279.0,51.0,97.0,101.0,22.14642857178572,14.784615384615384,8.848148148148148,7490,2,42.6,920.0,19006.0,178.0,1643,18461,77,364,0,404,53,657,18549,9957,10147,664,390,176,191,855,694,694,746,703,2669,8430,1540,1809,2034,4090,1956,2487,20104
109.0,5712.0,59.29032258064516,6328.0,15826.0,15889.0,107.0,235.0,245.0,21.57142857107143,11.084615384615384,5.046153846153846,22799,42,38.8,522.0,52306.0,461.0,1982,51307,239,2214,0,1412,150,220,49054,27043,26246,1711,810,867,857,1941,1852,2203,2050,2882,4386,25497,2692,3573,5181,11115,3382,8923,53289
109.0,2890.0,80.85185185185185,5257.0,12720.0,12797.0,102.0,192.0,201.0,22.35,16.03076923076923,9.87037037037037,15327,0,40.1,268.0,36531.0,402.0,1297,35904,244,4618,58,1496,184,448,30153,19169,18032,1237,467,396,622,1766,1504,1507,1222,1443,5107,17466,2979,2465,3521,6732,2173,6290,37201
0.0,0.0,52.26470588235294,4692.0,11387.0,11430.0,74.0,171.0,185.0,21.57142857107143,11.63846153846154,5.711538461538462,16056,77,46.2,441.0,39887.0,284.0,1144,39468,311,11173,0,584,280,329,27935,20553,20059,1511,1129,1104,1072,1227,1317,1372,1455,2028,3825,19118,2160,2793,5004,7088,2102,7233,40612
0.0,0.0,85.5,2306.0,5681.0,5699.0,44.0,117.0,128.0,22.77142857142857,19.584615384615383,9.670370370370373,6421,0,45.5,18.0,18300.0,87.0,291,18114,34,67,0,363,37,50,17854,9189,9216,339,105,72,54,917,1301,541,599,694,2746,7580,1752,1799,1485,4096,1434,2254,18405
198.0,2566.0,71.78571428571429,4790.0,12802.0,12867.0,85.0,165.0,183.0,22.2178571425,11.707692307692309,8.925925925925926,16068,51,42.0,699.0,40827.0,473.0,1465,40534,183,2083,24,1213,15,501,37980,21439,20560,1112,724,551,695,1954,1529,1309,1526,1967,5130,19101,2123,3895,4178,8520,1984,5760,41999
47.0,505.0,85.8048780487805,6200.0,17286.0,17415.0,141.0,252.0,259.0,22.139285714642856,13.376923076923076,10.185185185185183,18905,63,40.0,377.0,48502.0,314.0,1371,47822,194,8305,41,2073,203,297,38080,25595,23598,1630,689,397,505,2228,1619,1824,1902,2267,6533,21574,3572,3866,5015,9212,2896,7531,49193
95.0,1473.0,74.36842105263158,3762.0,9382.0,9412.0,97.0,172.0,190.0,22.217857142857145,13.6,9.662962962962965,11278,0,43.6,287.0,28939.0,177.0,837,28566,20,3052,0,799,65,307,25160,14995,14408,753,770,561,211,1411,1096,1040,1199,1293,3366,13449,1621,2377,2864,6498,1640,3821,29403
0.0,0.0,76.05555555555556,2459.0,6747.0,6780.0,46.0,103.0,109.0,21.753571428392856,14.815384615384614,9.114814814814816,8636,12,46.2,484.0,22555.0,229.0,796,22472,41,45,118,356,117,1,22590,11895,11373,659,146,182,164,869,1051,652,1109,1129,3186,10437,1624,1580,1686,5063,1865,3465,23268
178.0,4331.0,77.14893617021276,7326.0,21952.0,22066.0,147.0,353.0,372.0,22.150000000357142,13.561538461538465,10.266666666666666,25303,29,45.0,570.0,67996.0,511.0,2066,67011,293,1735,107,1231,106,474,65131,35241,33836,1422,1219,922,518,2917,2690,2098,2805,3184,9740,29701,4360,6168,6410,15042,4100,9355,69077
0.0,0.0,85.72727272727273,1713.0,3974.0,3986.0,30.0,69.0,73.0,24.27586206896552,20.33076923076923,9.61851851851852,4783,0,43.5,49.0,13254.0,68.0,180,13191,61,90,0,1271,133,11,11805,6756,6615,227,139,173,56,579,579,353,472,598,1768,5856,1114,1373,846,2927,1104,1772,13371
114.0,6734.0,75.29268292682927,8108.0,19651.0,19709.0,167.0,345.0,353.0,21.785714285714285,16.115384615384617,8.762962962962964,25407,0,40.7,2992.0,60765.0,722.0,7591,56888,566,2576,268,2426,208,1645,56790,32870,31609,1674,792,536,462,2843,2354,1880,2485,3028,8436,29192,5003,4118,6393,12649,4695,8960,64479
1650.0,72387.0,58.786259541984734,40920.0,99176.0,100018.0,464.0,1082.0,1144.0,21.71785714303571,11.3,4.769230769230769,154775,432,39.7,11012.0,345304.0,8402.0,21081,343637,7721,68559,157,11397,530,5100,271254,188524,176194,12830,8261,7840,9127,15972,12493,12491,13851,18164,37267,186168,19220,20733,68065,46204,16860,62022,364718
0.0,0.0,91.0,504.0,1998.0,2011.0,12.0,32.0,36.0,22.500000000035715,27.692307692307693,12.94285714285714,1951,0,44.5,19.0,6511.0,38.0,120,6448,38,37,0,24,0,9,6460,3302,3266,113,102,21,93,171,183,206,177,255,1410,2374,927,985,311,1541,433,1059,6568
0.0,0.0,88.94736842105263,3394.0,7550.0,7595.0,65.0,113.0,116.0,22.21428571392857,19.138461538461534,9.88148148148148,7514,2,40.7,206.0,24964.0,77.0,463,24784,185,10696,8,358,67,105,13828,11344,13903,491,325,113,95,1475,1132,600,783,1026,3205,9588,2275,2608,1279,6434,2484,3450,25247
122.0,1196.0,82.68181818181819,3330.0,8695.0,8751.0,64.0,137.0,145.0,22.292857142857144,17.723076923076924,9.829629629629627,8991,0,45.4,122.0,25449.0,94.0,634,25031,116,988,0,349,75,30,24107,13178,12487,557,405,192,262,1171,1019,978,840,1125,3538,10468,1761,1995,2290,5164,1752,3553,25665
6.0,312.0,76.94736842105263,5309.0,16546.0,16663.0,98.0,291.0,321.0,21.746428572142857,14.884615384615383,8.762962962962963,20079,34,45.2,411.0,56167.0,157.0,897,55838,258,802,71,966,81,54,54503,28977,27758,1424,1045,503,419,2472,2273,1962,2559,2666,7860,23836,3230,4941,5087,12684,2831,8754,56735
0.0,0.0,87.4,2650.0,6131.0,6179.0,60.0,97.0,102.0,22.182142856785717,20.12307692307693,10.407407407407408,7110,0,43.0,392.0,16866.0,133.0,754,16637,11,8836,6,193,6,440,7899,9186,8205,362,159,85,106,1082,467,680,751,865,2591,8108,1674,2199,967,4513,1060,2358,17391
36.0,871.0,83.04761904761905,3631.0,9035.0,9131.0,74.0,147.0,159.0,22.2821428575,13.961538461538462,10.511111111111113,9961,0,40.6,299.0,27645.0,12.0,694,27262,35,2361,14,459,0,50,25037,14140,13816,725,373,355,153,1056,1070,779,1117,1301,3985,12178,1972,2424,2143,6561,1684,4026,27956
55.0,2283.0,85.9,3017.0,8221.0,8268.0,75.0,148.0,161.0,22.492857142500004,17.053846153846152,9.562962962962963,11324,4,45.8,134.0,31964.0,153.0,834,31417,79,2653,0,803,103,253,28360,16882,15369,904,408,481,184,1719,1409,915,1291,1176,4703,13191,2360,2828,3010,7480,1540,3860,32251
0.0,0.0,78.4,2681.0,6808.0,6831.0,42.0,104.0,110.0,21.567857142857143,13.923076923076923,8.514814814814814,9405,0,41.3,113.0,24752.0,152.0,643,24374,103,1306,9,243,274,48,23034,11811,13206,634,294,340,189,971,1228,703,1029,889,2398,10807,1184,2425,1397,6607,2065,3361,25017
0.0,0.0,80.0,1039.0,2667.0,2678.0,32.0,59.0,61.0,22.28214285728572,15.830769230769231,10.174074074074074,2760,51,43.8,25.0,8156.0,20.0,124,8077,13,391,20,111,22,0,7644,4082,4119,166,85,112,55,358,357,235,254,323,974,3366,717,750,541,1682,789,1103,8201
0.0,0.0,78.93333333333334,1568.0,4834.0,4841.0,21.0,69.0,74.0,22.135714286071423,13.146153846153847,9.68148148148148,7149,40,41.7,145.0,18268.0,115.0,469,18059,137,385,9,544,148,186,17119,9415,9113,445,311,242,139,916,901,646,624,807,1838,8328,1304,1441,1296,4478,1339,2324,18528
0.0,0.0,83.0,1257.0,3199.0,3205.0,35.0,60.0,63.0,24.23793103444828,18.7,9.685185185185183,4419,0,47.4,86.0,11631.0,50.0,254,11513,8,41,0,293,31,202,11192,5877,5890,200,73,90,78,541,427,353,418,504,1841,5044,738,1407,761,2839,980,1563,11767
58.0,2268.0,68.3,5750.0,15650.0,15724.0,119.0,255.0,264.0,21.78214285714285,13.761538461538462,8.959259259259259,21447,70,44.2,818.0,52918.0,426.0,1971,52191,325,977,28,1243,14,141,51434,27525,26637,1837,809,756,554,2292,2002,1775,2168,2562,5283,25498,3525,3548,5004,10892,3100,8924,54162
0.0,0.0,79.63636363636364,2175.0,5131.0,5167.0,38.0,87.0,93.0,22.321428571428573,23.015384615384612,9.174074074074074,5182,0,46.1,227.0,17486.0,42.0,371,17384,54,556,0,399,125,36,16585,8214,9541,290,102,222,135,820,826,269,724,729,2862,5925,1258,2152,1054,4000,1829,2589,17755
1733.0,86283.0,57.6962457337884,46900.0,126782.0,127636.0,590.0,1298.0,1377.0,21.71428571464286,9.015384615384615,4.196153846153846,204233,198,37.4,14219.0,441845.0,10120.0,20555,445629,10521,40154,133,13613,1197,5356,395210,239505,226679,17752,9887,10807,11950,17147,15724,15539,18565,24844,47321,244380,20814,23489,97620,54954,16720,69778,466184
0.0,0.0,93.0,1681.0,2733.0,2747.0,26.0,40.0,43.0,22.746428571,28.253846153846155,17.03666666666667,1576,0,40.3,56.0,7175.0,42.0,180,7093,16,2024,12,214,38,92,4877,2606,4667,90,25,27,95,181,168,129,184,262,1006,1969,506,629,339,2109,1121,942,7273
0.0,0.0,88.04166666666667,3096.0,7713.0,7743.0,43.0,99.0,105.0,22.139285713964284,19.72307692307692,10.68888888888889,8454,0,39.1,236.0,25206.0,247.0,662,25027,81,8692,0,654,146,53,16063,12529,13160,605,278,311,72,1224,1013,797,956,995,3358,9972,2311,2080,1408,6214,2660,3334,25689
99.0,1417.0,81.70967741935483,5583.0,14241.0,14295.0,84.0,187.0,202.0,22.14285714321429,13.423076923076923,10.45925925925926,15201,47,39.4,258.0,43275.0,247.0,1036,42744,180,757,56,863,121,259,41544,22302,21478,1023,560,270,365,1703,1773,1548,1551,1677,5670,18489,2797,3527,3023,9800,2744,6241,43780
0.0,0.0,86.71428571428571,1481.0,3567.0,3570.0,25.0,50.0,60.0,22.13928571442857,14.761538461538462,10.314814814814817,4428,0,42.0,191.0,11853.0,87.0,291,11840,239,157,0,190,0,65,11480,6145,5986,286,108,126,63,808,387,280,429,601,1749,5029,1110,1566,650,2630,798,1932,12131
47.0,1070.0,69.0,4159.0,9949.0,9980.0,62.0,157.0,170.0,22.28571428535714,14.46923076923077,7.87037037037037,14295,7,42.9,638.0,33280.0,240.0,1223,32935,225,2338,0,1083,58,198,30256,17246,16912,1275,716,649,414,1386,1548,1190,1287,1876,3447,16176,1612,3245,3399,7284,2173,4606,34158
30.0,2297.0,54.567567567567565,5773.0,14363.0,14496.0,66.0,186.0,192.0,21.714285713571428,9.638461538461538,4.9423076923076925,20887,26,47.8,2360.0,49165.0,1644.0,4832,48337,407,591,0,1856,117,1385,48813,27067,26102,2256,989,1113,1209,2125,1516,1997,2459,2809,4494,23987,1738,3430,6368,7649,3359,7754,53169
278.0,1867.0,74.0,5990.0,16630.0,16680.0,93.0,240.0,260.0,22.064285714285717,14.330769230769231,9.477777777777776,20600,88,42.4,968.0,51902.0,522.0,2240,51152,439,1854,30,1533,219,397,48920,27503,25889,1385,918,895,496,2666,2001,2066,2033,2167,6520,23637,3556,3848,4860,10462,3342,8615,53392
0.0,0.0,86.47368421052632,2692.0,7608.0,7651.0,53.0,113.0,120.0,22.289285714285715,15.276923076923076,9.81111111111111,8839,0,43.6,134.0,25546.0,134.0,573,25241,65,1503,0,496,55,137,23558,13237,12577,448,319,156,258,1164,835,736,1250,966,3743,10302,1412,2138,1939,5816,1468,3665,25814
0.0,0.0,77.875,3385.0,8405.0,8447.0,73.0,138.0,145.0,21.57857142853572,14.476923076923075,8.481481481481481,9928,129,38.4,474.0,23617.0,117.0,1248,22960,168,240,0,601,41,266,22892,12314,11894,633,229,412,144,1674,546,393,753,1268,3091,11285,2119,1877,1056,6166,2079,3051,24208
727.0,29795.0,78.11111111111111,10171.0,29657.0,30025.0,232.0,411.0,426.0,21.78571428607143,16.138461538461538,8.71111111111111,38224,31,38.5,1677.0,94860.0,1301.0,3891,93947,1034,36310,0,2463,108,1755,56168,51590,46248,2931,1484,1289,1298,3215,4138,3250,3875,4404,12382,45773,7423,5891,12854,17040,4688,14433,97838
0.0,0.0,75.25,2978.0,8810.0,8857.0,45.0,124.0,131.0,21.710714285714285,14.761538461538462,9.17777777777778,11030,14,43.2,129.0,28389.0,121.0,530,28109,134,1099,0,644,12,91,26659,14607,14032,692,507,511,252,1133,1043,1136,1312,1318,3534,12986,1714,2604,1757,6040,2251,4880,28639
0.0,0.0,67.5,3935.0,10334.0,10369.0,57.0,116.0,124.0,22.103571428214284,11.36153846153846,6.661538461538461,13773,125,39.7,661.0,32874.0,173.0,1872,31836,140,1793,0,1197,13,536,30029,17067,16641,1184,548,477,347,1455,1327,917,1440,1746,2995,16342,1876,1856,2737,7361,2088,5687,33708
255.0,12584.0,59.22413793103448,12300.0,28815.0,29020.0,162.0,320.0,344.0,21.75357142835714,10.26923076923077,5.615384615384615,41435,43,39.2,1997.0,91212.0,1406.0,5790,88825,948,10598,17,3873,145,768,78266,48915,45700,3304,1589,2147,1492,3857,3085,2620,4283,4916,7870,47673,3900,4390,12842,16987,3922,16572,94615
0.0,0.0,71.66666666666667,1274.0,3347.0,3390.0,23.0,54.0,57.0,24.2448275862069,16.86923076923077,10.38888888888889,4262,12,45.9,6.0,12016.0,215.0,272,11965,33,232,0,241,45,50,11636,6198,6039,315,204,131,91,527,489,563,596,675,1488,5162,844,1245,563,2968,911,1863,12237
55.0,1986.0,72.88235294117646,5424.0,14442.0,14591.0,92.0,217.0,243.0,22.28928571464286,15.069230769230767,9.81851851851852,16432,14,44.1,453.0,45366.0,594.0,2041,44372,205,962,0,1515,86,440,43205,23517,22896,1218,530,548,275,2275,1416,1632,2076,2343,6326,19348,2963,3395,3604,9837,2797,7083,46413
261.0,10656.0,60.38532110091743,17597.0,49919.0,50256.0,213.0,550.0,576.0,21.753571428642857,9.715384615384616,5.176923076923076,90236,128,31.0,4418.0,194007.0,6567.0,21063,183929,4878,40546,663,12453,947,3826,141679,102787,102205,7479,4108,3394,2802,7027,7333,6356,8387,11780,15940,103722,11613,6366,32643,28288,5994,41376,204992
0.0,0.0,50.6,946.0,2235.0,2238.0,17.0,39.0,40.0,24.134482758275865,17.5,13.875862068965516,2586,1,45.9,69.0,6208.0,119.0,1,6395,213,119,1,64,72,1,5926,3225,3171,241,109,157,97,158,206,185,393,393,660,2931,180,714,706,1413,309,896,6396
0.0,0.0,87.38461538461539,2319.0,6145.0,6190.0,38.0,78.0,86.0,21.992857143142857,15.86153846153846,9.407407407407408,6685,20,41.5,65.0,21409.0,64.0,297,21241,19,1301,4,204,127,70,19813,9802,11736,449,371,223,89,941,949,486,596,816,2604,7799,1631,1644,1372,5279,2039,3063,21538
43.0,2220.0,87.78571428571429,4376.0,10742.0,10765.0,95.0,179.0,194.0,22.496428571071423,16.384615384615383,9.74074074074074,11675,0,42.4,361.0,29843.0,139.0,1415,28928,131,3421,5,921,72,448,25345,15690,14653,539,400,207,219,1681,1385,822,1307,1435,4638,13483,2016,2637,2503,6677,2288,3737,30343
114.0,1269.0,81.1875,2878.0,7139.0,7142.0,58.0,120.0,123.0,22.499999999642856,14.353846153846156,9.166666666666666,8821,0,43.2,59.0,22032.0,80.0,347,21824,70,97,139,351,24,8,21482,11289,10882,481,276,181,242,1193,657,808,891,639,3601,9898,907,2784,1410,5511,1558,2670,22171
0.0,0.0,84.5,1038.0,2327.0,2329.0,28.0,48.0,56.0,24.479310344344828,17.215384615384615,10.38148148148148,2335,0,43.1,46.0,7879.0,95.0,212,7808,195,65,0,223,72,28,7437,4027,3993,125,50,38,128,191,305,350,307,429,1006,3138,657,896,348,1816,770,973,8020
0.0,0.0,72.66666666666667,747.0,1763.0,1768.0,23.0,31.0,36.0,25.87333333333333,17.553846153846152,18.026666666666664,1613,0,50.7,34.0,5001.0,33.0,161,4907,0,11,0,88,0,0,4969,2570,2498,140,101,82,90,203,275,164,224,111,821,1964,266,492,331,931,490,717,5068
0.0,0.0,79.0,1812.0,4711.0,4735.0,22.0,65.0,74.0,21.78571428607143,13.392307692307693,9.037037037037036,6883,0,46.3,97.0,16527.0,183.0,362,16445,27,144,0,645,37,77,15877,8403,8404,291,431,172,324,969,764,456,847,916,2278,7843,972,1637,1151,3173,1198,3375,16807
232.0,13384.0,68.57777777777778,10689.0,25037.0,25114.0,170.0,295.0,304.0,21.92500000035714,12.476923076923075,8.374074074074073,33264,166,36.7,1886.0,75127.0,1529.0,5008,73534,1010,1885,0,1881,240,816,72710,39703,38839,2086,1357,1196,983,4137,2985,2590,2760,3280,10403,38104,4105,5427,10593,13712,3658,10060,78542
0.0,0.0,76.73684210526316,4177.0,9936.0,9981.0,73.0,148.0,160.0,22.253571428928574,15.684615384615386,9.925925925925926,11757,51,40.0,632.0,32084.0,248.0,1682,31282,172,579,0,1039,31,559,30584,16672,16292,964,408,503,248,1269,1382,734,1255,1499,4062,14286,2294,2146,2630,6473,2630,4722,32964
52.0,3107.0,67.19444444444444,5963.0,15712.0,15794.0,96.0,225.0,233.0,21.892857142785715,12.976923076923075,8.8,20965,0,47.3,317.0,52255.0,759.0,1043,52288,412,1275,18,1238,226,237,49925,27220,26111,1786,1022,1406,955,2051,1856,1422,2186,2893,6019,24440,2586,3593,5339,9806,2142,10019,53331
109.0,2894.0,51.170731707317074,9066.0,21471.0,21555.0,122.0,290.0,302.0,21.5678571425,8.846153846153847,4.742307692307692,31817,56,39.0,1849.0,67995.0,1138.0,5040,65942,462,5149,39,1911,223,2142,61056,35806,35176,3050,1263,1764,1108,2440,2284,2145,3184,3941,4943,36642,4090,3966,8515,14802,3924,10971,70982
649.0,27238.0,47.477987421383645,39021.0,95362.0,95804.0,391.0,865.0,900.0,21.56785714303572,7.092307692307693,4.373076923076924,154341,413,33.6,13631.0,299940.0,10568.0,26978,297161,11318,49005,37,13885,844,5443,243607,164840,159299,12655,8192,7552,5243,9855,10915,10447,13537,17572,19281,180390,13093,8484,58154,45487,11438,55505,324139
0.0,0.0,89.0625,2897.0,8987.0,9040.0,44.0,111.0,117.0,22.28571428542857,20.49230769230769,10.92962962962963,7657,41,39.4,29.0,21956.0,35.0,218,21802,3,127,0,226,122,15,21527,11106,10914,354,224,92,81,1059,795,802,1026,685,3507,8935,1520,2161,1068,5286,1970,3068,22020
0.0,0.0,66.55555555555556,1584.0,4194.0,4218.0,26.0,66.0,68.0,24.210344827931035,14.092307692307692,9.085185185185184,5565,0,44.4,339.0,14546.0,51.0,536,14400,0,64,0,357,26,51,14438,7315,7621,361,246,183,58,556,383,433,550,771,1998,6439,1355,1075,1090,3366,1139,2257,14936
89.0,4739.0,59.85074626865672,12230.0,30156.0,30322.0,165.0,393.0,415.0,22.07142857107143,13.153846153846152,8.944444444444445,41862,104,42.9,3577.0,92861.0,1569.0,6211,91796,800,860,44,3101,319,765,92118,49522,48485,3149,1313,1181,1522,4605,3722,3355,4792,4283,10071,49490,6096,5994,9064,18743,6176,17017,98007
3494.0,131403.0,72.21107784431138,88137.0,234638.0,235846.0,1519.0,3178.0,3299.0,21.575000000357143,15.284615384615384,9.02962962962963,393219,951,35.7,36951.0,875754.0,23906.0,60266,876345,25385,504387,339,21344,1728,26189,357239,492039,444572,27586,16774,18321,23024,34888,31209,27607,33132,38398,105668,467888,86487,63051,163335,131644,48966,144720,936611
0.0,0.0,67.76923076923077,2589.0,6154.0,6163.0,36.0,76.0,84.0,21.575,10.576923076923077,8.988888888888889,8304,18,40.6,298.0,19482.0,146.0,572,19354,89,551,0,537,93,249,18407,9899,10027,550,385,253,275,959,989,562,631,1018,2066,9376,1528,1370,1899,4365,1408,2924,19926
0.0,0.0,74.8,1251.0,3280.0,3288.0,25.0,52.0,59.0,22.135714285714283,13.907692307692308,10.411111111111111,5243,0,43.8,133.0,13325.0,95.0,433,13120,71,49,111,478,70,89,12685,6981,6572,250,239,229,108,695,573,427,563,777,1365,6057,895,1381,1336,2952,825,1898,13553
695.0,30069.0,73.61261261261261,14565.0,45533.0,45881.0,275.0,670.0,719.0,21.746428571785717,16.015384615384615,8.003703703703705,60510,77,45.3,1184.0,155230.0,1293.0,3137,154570,1042,2922,107,3724,400,1092,148420,81010,76697,4520,2569,2567,2362,7740,6688,5490,6765,7744,20200,72020,10091,10310,20605,26745,8473,24897,157707
296.0,13426.0,45.333333333333336,21637.0,52955.0,53214.0,323.0,688.0,727.0,21.571428571035717,6.907692307692307,4.5,84385,204,39.6,4275.0,179585.0,3820.0,9623,178057,2784,14794,156,6601,409,2679,160257,96074,91606,7707,5109,4318,4417,5331,5968,5040,7918,10500,12346,98251,8849,7263,30020,27892,8524,32849,187680
48.0,1256.0,67.27777777777777,6991.0,17564.0,17622.0,104.0,221.0,234.0,21.575000000357143,11.084615384615384,5.949999999999999,25908,45,38.0,352.0,60651.0,559.0,1733,59829,431,11415,0,1604,151,574,47387,31185,30377,2092,1481,1153,809,1988,2114,1429,2730,3108,4720,29199,4036,3384,5858,11569,3289,11745,61562
0.0,0.0,64.0,2409.0,4206.0,4228.0,22.0,45.0,45.0,23.93793103417241,12.653846153846152,8.455555555555556,4303,0,33.9,64.0,10816.0,30.0,108,10802,31,1129,0,594,66,45,9045,4242,6668,345,67,104,47,140,506,334,455,556,844,4977,705,839,787,2849,774,1927,10910
10.0,372.0,75.5,1818.0,5138.0,5176.0,47.0,90.0,96.0,21.78571428535714,13.946153846153846,9.285185185185185,6510,0,47.4,476.0,17134.0,211.0,946,16875,75,48,0,313,52,280,17053,8841,8980,478,122,160,109,612,968,477,804,1058,2895,8112,792,1872,1448,3614,976,3237,17821
0.0,0.0,75.21428571428571,1755.0,5382.0,5399.0,34.0,70.0,75.0,23.68620689662069,14.923076923076923,8.622222222222222,7013,3,42.5,55.0,19570.0,53.0,345,19333,29,91,19,446,0,4,19089,10026,9652,359,242,260,148,949,661,681,903,922,2338,8374,1854,1813,971,4763,2000,2647,19678
0.0,0.0,86.0,800.0,1845.0,1848.0,20.0,46.0,48.0,24.4333333335,19.16923076923077,20.68387096774193,2154,0,46.5,54.0,5736.0,23.0,78,5735,0,10,0,168,0,32,5603,2930,2883,138,62,67,23,274,176,187,240,340,735,2533,358,554,202,1447,493,811,5813
81.0,2140.0,81.70370370370371,5336.0,12970.0,12998.0,78.0,167.0,176.0,22.07142857107143,15.207692307692309,9.244444444444444,16772,67,40.1,1755.0,38697.0,519.0,3770,37201,309,1078,127,1387,98,1270,36702,20508,20463,985,427,359,419,1719,1870,1548,1509,1422,5257,18538,2934,3275,3111,9212,3287,5353,40971
617.0,29490.0,67.62222222222222,12873.0,38342.0,38629.0,234.0,471.0,493.0,21.789285714250003,12.192307692307692,8.274074074074074,53874,121,40.1,3291.0,123746.0,1837.0,4647,124227,2229,5199,20,3627,373,1067,116359,66071,62803,4101,2299,2461,2222,5818,4915,4596,5207,5942,17042,63656,6126,7019,23072,18533,5405,18496,128874
25.0,364.0,83.91666666666667,2887.0,5672.0,5695.0,30.0,60.0,70.0,22.43214285707143,16.507692307692306,10.562962962962963,5757,18,44.0,51.0,16451.0,136.0,360,16278,63,990,24,330,16,92,15123,7498,9140,264,311,180,54,541,641,316,750,604,2076,6572,941,1325,1036,4205,1387,2727,16638
38.0,1054.0,84.92,3807.0,9474.0,9525.0,60.0,138.0,151.0,22.535714285714285,16.23076923076923,9.414814814814816,12552,7,38.5,285.0,32836.0,256.0,916,32461,91,2851,23,558,110,286,29458,16983,16394,707,372,244,208,1745,1197,1166,1648,1443,4833,15027,2406,3314,3363,6810,1372,3891,33377
26.0,391.0,79.23529411764706,3403.0,8216.0,8229.0,67.0,126.0,129.0,22.567857142857143,16.653846153846153,9.38148148148148,10247,0,43.3,118.0,26819.0,150.0,711,26376,63,507,21,691,36,58,25711,14077,13010,364,291,309,209,1414,1082,948,1085,1285,3232,11482,1606,2084,1880,5627,2290,3934,27087
203.0,9397.0,17.473214285714285,25604.0,61684.0,62187.0,204.0,386.0,404.0,21.57142857160714,2.984615384615384,3.5961538461538463,96794,288,39.3,9895.0,214724.0,7761.0,11302,221078,10867,9507,49,6956,897,1779,202325,118474,113906,9549,8188,10711,17167,4028,3687,4493,6393,9198,7627,120985,2995,3383,77210,14081,5199,24732,232380
158.0,4835.0,38.58441558441559,16747.0,41449.0,41683.0,212.0,465.0,483.0,21.56785714289285,5.800000000000001,4.380769230769231,62359,76,40.2,3765.0,133582.0,3257.0,6288,134316,2625,9674,22,3911,395,2398,121579,71674,68930,6803,4076,4081,4330,3806,3289,3703,5159,8061,8040,72939,5636,5066,28266,19563,5082,21827,140604
156.0,3153.0,80.83783783783784,6077.0,9519.0,11262.0,112.0,231.0,256.0,22.428571428571427,17.915384615384617,8.414814814814815,17816,22,39.3,2073.0,54381.0,1463.0,10360,47557,350,12114,9,2584,237,1360,41263,22479,35438,1221,528,424,388,2157,1731,1700,1488,1917,5001,19817,3654,3723,3289,13926,6255,10477,57917
35.0,759.0,64.58333333333333,1701.0,3790.0,4475.0,46.0,71.0,74.0,22.214285714285715,11.384615384615383,4.323076923076924,8138,80,32.3,1758.0,15783.0,686.0,10364,7863,57,418,26,1049,0,1867,14810,9187,9040,536,460,463,471,257,438,348,480,909,1287,9230,866,556,1318,3345,1901,2587,18227
311.0,10317.0,80.76119402985074,8036.0,15258.0,13496.0,269.0,474.0,505.0,22.353571428571428,18.361538461538466,8.344444444444445,33568,74,37.6,4770.0,79569.0,2780.0,19418,67701,968,13194,5,2798,270,2420,67464,44506,42613,2248,1232,1450,808,3073,2610,3030,2910,3926,10081,39216,8289,3985,8186,13549,6506,15006,87119
0.0,0.0,63.32,1156.0,4057.0,5721.0,35.0,80.0,98.0,21.72142857107143,16.792307692307695,8.688888888888888,7745,14,50.0,705.0,22558.0,957.0,6779,17441,275,79,0,1501,218,865,21282,12229,11991,913,421,516,594,1181,698,733,851,840,3170,10274,1913,1233,2310,3373,1462,4107,24220
0.0,0.0,71.66666666666667,779.0,2116.0,2619.0,12.0,28.0,30.0,21.78571428607143,8.661538461538461,3.9884615384615385,3854,0,44.2,243.0,8490.0,21.0,719,8035,15,96,0,206,128,40,8269,4363,4391,385,234,211,203,337,184,232,335,460,932,4515,347,551,1045,1638,323,1411,8754
0.0,0.0,60.0,149.0,507.0,648.0,6.0,9.0,10.0,24.06896551748276,20.46315789473684,21.076,772,0,41.7,25.0,1895.0,30.0,165,1785,0,14,0,104,15,31,1786,1058,892,96,62,49,35,55,36,78,128,84,97,926,76,100,236,246,60,388,1950
67.0,1574.0,77.79310344827586,5443.0,13340.0,15335.0,146.0,230.0,241.0,21.57499999964286,14.73076923076923,8.07037037037037,17868,38,36.0,2725.0,46465.0,1004.0,32491,17703,252,543,0,5715,41,1105,42538,24991,25203,1350,798,777,831,1485,1224,1398,1787,2197,3951,21446,3328,2306,3884,9878,4397,6538,50194
23.0,93.0,52.0,1903.0,5607.0,7172.0,33.0,71.0,84.0,21.571428571428573,10.069230769230767,4.726923076923077,12562,116,40.9,1770.0,27051.0,1071.0,8139,21753,165,2622,0,884,41,3606,22574,14979,14913,1329,889,476,715,1150,729,805,1128,1660,2688,15068,1032,1998,3216,5048,1706,4604,29892
0.0,0.0,88.5,802.0,1395.0,1727.0,18.0,38.0,39.0,22.635714286071423,17.592307692307692,10.653571428571428,2143,0,33.7,668.0,5894.0,354.0,4548,2368,47,20,0,34,69,303,6443,3461,3455,97,30,107,49,190,194,144,349,331,565,3068,510,554,536,1214,741,661,6916
0.0,0.0,55.142857142857146,1290.0,3547.0,4194.0,27.0,74.0,81.0,21.571428571535712,11.684615384615386,4.4423076923076925,8405,59,53.1,758.0,21496.0,516.0,4391,18379,77,170,0,1360,274,615,20274,11443,11327,877,363,465,526,664,611,1044,870,1270,2007,10210,1114,1177,2063,3788,1144,4270,22770
15.0,340.0,51.898305084745765,8565.0,21621.0,26023.0,90.0,228.0,255.0,21.571428571428573,11.153846153846152,4.711538461538462,33653,111,38.0,6622.0,76936.0,3281.0,33686,53153,732,6803,0,6065,462,16023,56754,42750,44089,3251,1781,2145,1357,2417,2109,1740,2334,3937,5102,40374,3877,3799,9338,13790,7396,13541,86839
27.0,245.0,93.0,291.0,809.0,905.0,12.0,32.0,33.0,22.357142856785718,21.835714285714285,31.21590909090909,1323,0,47.2,65.0,3429.0,66.0,543,3017,0,114,45,36,19,58,3288,1841,1719,122,55,11,66,178,142,128,92,224,603,1501,119,338,355,692,126,465,3560
40.0,1247.0,86.69565217391305,3427.0,8185.0,10390.0,67.0,151.0,155.0,22.139285714178573,21.615384615384617,8.885185185185184,9256,51,35.3,607.0,31547.0,455.0,19313,13296,187,2379,4,2815,196,867,26161,12644,19965,497,371,426,201,1057,700,847,752,833,2815,11157,2016,2519,1597,6353,3665,6610,32609
909.0,41232.0,71.20675105485232,20920.0,66587.0,89391.0,401.0,874.0,944.0,21.70714285675,12.707692307692309,8.177777777777779,145307,759,31.3,14118.0,326845.0,14737.0,90125,265575,10029,85986,2346,28116,1685,10872,216666,178674,177026,11051,7097,5003,4654,12754,11944,11203,14041,16442,31558,175339,27296,12118,45139,44224,14719,73965,355700
5883.0,265781.0,65.29866666666666,198969.0,548401.0,702239.0,3355.0,5990.0,6517.0,21.57142857107143,13.23076923076923,7.962962962962963,810788,3519,33.8,146925.0,1721110.0,110791.0,1197120,781706,59963,150321,2296,199488,13201,136791,1416766,1001524,977302,55586,36119,37280,36124,59145,56398,53723,67762,80724,161700,996428,157041,78491,299562,259646,144617,326530,1978826
0.0,0.0,38.72727272727273,689.0,2512.0,3263.0,20.0,34.0,35.0,24.520689654793102,10.223076923076924,3.9538461538461536,4856,0,50.5,364.0,11090.0,279.0,2317,9416,98,3,47,896,167,521,10001,5806,5927,514,361,292,262,295,464,229,596,658,994,6041,397,522,1684,1688,434,2100,11733
0.0,0.0,56.0,22.0,95.0,116.0,2.0,2.0,2.0,34.02368421078948,18.263636363636365,9.891836734693875,152,0,37.2,0.0,650.0,3.0,85,568,0,0,0,33,0,0,620,344,309,36,34,23,10,19,4,27,31,11,28,238,11,26,120,46,8,72,653
0.0,0.0,71.6470588235294,1608.0,4028.0,4634.0,32.0,70.0,76.0,22.21428571392857,13.53076923076923,8.092592592592593,6991,0,46.8,818.0,17141.0,469.0,3459,14969,112,317,0,866,63,367,16703,9369,9059,864,329,252,255,923,508,795,773,934,1622,8123,997,1556,1354,2954,917,3411,18428
460.0,18217.0,78.44155844155844,6688.0,19858.0,23947.0,205.0,416.0,456.0,21.7821428575,15.492307692307692,8.188888888888888,35773,22,38.3,2149.0,89711.0,1762.0,7251,86371,1130,23278,39,2884,753,1760,63778,46371,47251,2699,1924,1369,1473,3227,2952,2819,3211,4262,10347,39828,5765,7828,10161,16687,4757,16335,93622
205.0,9774.0,51.97767857142857,33943.0,92901.0,118737.0,431.0,974.0,1040.0,21.571428571785717,7.715384615384615,5.407692307692307,156593,284,36.0,23303.0,320394.0,24365.0,114094,253968,24467,52893,79,22578,2362,16441,249242,182089,185973,13868,10528,13075,12794,8517,7322,8760,12074,17955,19291,180391,14882,9995,63550,48451,20234,65168,368062
563.0,26614.0,59.14685314685315,21587.0,59786.0,77645.0,234.0,405.0,437.0,21.78928571392857,16.43846153846154,6.6037037037037045,94892,160,26.8,19631.0,197391.0,9348.0,58542,167828,13690,24390,147,11497,559,5930,170157,112188,114182,5836,4197,3935,5088,7452,7041,5858,7381,8706,26020,114309,10571,7174,41956,20303,11979,26563,226370
0.0,0.0,67.45454545454545,892.0,1054.0,1515.0,16.0,27.0,34.0,22.71428571392857,15.184615384615386,7.207407407407407,4049,6,43.8,587.0,8400.0,244.0,4168,5063,392,19,0,211,94,308,8207,4744,4487,264,135,230,159,422,497,221,432,455,1477,4840,457,910,1977,898,698,1183,9231
0.0,0.0,94.0,137.0,446.0,566.0,5.0,8.0,8.0,22.924999999642857,31.910526315789472,19.19,522,0,46.9,102.0,1234.0,12.0,487,861,0,16,6,99,0,17,1210,563,785,21,35,16,8,93,48,42,61,46,218,640,44,152,88,254,100,232,1348
0.0,0.0,99.0,784.0,1606.0,2179.0,36.0,51.0,55.0,22.42500000025,29.29230769230769,9.307407407407409,2709,0,34.4,595.0,6366.0,139.0,6514,586,0,87,0,533,104,656,5720,3554,3546,134,89,10,0,249,88,122,145,163,1475,2988,1023,886,590,826,982,795,7100
57.0,2817.0,81.97058823529412,4156.0,10995.0,15852.0,116.0,224.0,238.0,22.353571429285715,15.707692307692309,7.711111111111112,15354,30,41.2,952.0,36079.0,774.0,8516,29289,242,1361,0,2145,135,670,33252,18985,18820,1090,647,673,413,1652,1296,1294,1507,1601,4441,17490,2374,2594,3782,6509,1989,6389,37805
0.0,0.0,69.35,2238.0,4995.0,5645.0,39.0,66.0,68.0,21.7821428575,13.461538461538462,7.674074074074074,6587,0,43.8,809.0,17095.0,333.0,3806,14431,8,2460,0,802,49,535,14383,9167,9070,671,413,453,239,751,608,748,784,907,1357,8071,895,1523,1867,3214,1289,2432,18237
46.0,2361.0,51.294117647058826,4326.0,10738.0,13200.0,62.0,165.0,181.0,22.14642857142857,11.115384615384617,4.346153846153846,18847,4,44.8,2029.0,44086.0,1433.0,10625,36923,291,677,16,2080,172,2143,42169,24001,23547,1644,1011,878,1006,1760,1859,1916,1703,2430,3177,22437,1563,2312,5435,7096,3096,7244,47548
0.0,0.0,68.48148148148148,5239.0,14091.0,17076.0,94.0,173.0,186.0,21.575000000357143,12.215384615384616,8.218518518518518,17344,47,35.8,3645.0,37724.0,1448.0,22720,20097,444,2287,8,3118,238,3167,33555,20964,21853,1135,556,827,434,1170,1015,1127,1838,2085,3587,19669,2355,2783,2933,8401,4298,6010,42817
0.0,0.0,75.36842105263158,2057.0,5673.0,6992.0,21.0,48.0,54.0,21.999999999285716,14.592307692307692,5.634615384615385,9435,20,37.7,1410.0,18717.0,1343.0,10551,10919,1218,454,0,2151,48,799,16800,10418,11052,731,348,356,273,964,955,625,1073,1006,1696,10669,1567,1452,1819,3121,1893,3682,21470
0.0,0.0,82.33333333333333,1151.0,2786.0,3515.0,38.0,72.0,80.0,21.78928571392857,12.330769230769231,7.348148148148148,5400,18,43.9,141.0,13766.0,52.0,1371,12588,59,114,0,574,10,187,13015,7051,6908,354,174,228,131,632,446,492,702,709,1504,6246,628,1091,1633,2536,652,2294,13959
928.0,41854.0,86.92546583850931,37780.0,99455.0,130436.0,1424.0,2005.0,2120.0,21.72142857178571,21.17692307692308,9.696296296296296,147575,410,31.7,61721.0,326599.0,33815.0,379216,42919,2887,2295,118,40821,732,16877,358405,216311,205824,7590,4573,3850,2923,13575,10404,11005,11662,12975,48411,174088,56504,31466,36383,53806,51262,50218,422135
0.0,0.0,82.45454545454545,1189.0,2817.0,3548.0,42.0,73.0,78.0,22.285714285714285,17.584615384615383,8.637037037037036,4807,8,38.1,1002.0,11633.0,303.0,3292,9646,52,2195,0,374,55,543,9719,6665,6273,261,154,138,137,400,339,392,331,798,1510,5595,1184,1043,1250,1985,795,2032,12938
0.0,0.0,73.0,404.0,1499.0,1545.0,14.0,34.0,38.0,21.746428571285715,13.892857142857142,20.09375,2690,0,42.4,22.0,5820.0,115.0,609,5348,18,65,0,59,161,167,5487,3002,2955,317,168,224,118,166,152,135,343,304,405,3020,214,394,755,774,136,1244,5957
37.0,725.0,85.37931034482759,1801.0,7099.0,8884.0,80.0,191.0,204.0,22.278571429285712,19.22307692307692,9.025925925925923,10568,5,44.0,514.0,29251.0,237.0,1409,28593,172,5183,0,834,51,386,23376,15718,14284,915,407,424,317,1102,1286,1024,1258,1319,3910,12376,2016,2832,2476,6147,1789,3849,30002
0.0,0.0,84.28571428571429,903.0,2262.0,2701.0,30.0,46.0,49.0,22.292857142857144,14.976923076923075,13.5,3159,0,35.7,860.0,6357.0,344.0,4900,2661,50,77,0,782,55,255,6342,3761,3800,146,69,156,78,216,260,211,264,350,807,3611,613,575,631,1150,807,863,7561
0.0,0.0,50.15,4389.0,10276.0,13072.0,26.0,69.0,74.0,21.571428571428573,8.476923076923077,5.81923076923077,18790,52,35.2,1737.0,39722.0,1112.0,9870,32701,369,3277,0,1901,45,1229,35750,21151,21420,1556,1470,2113,1798,1006,801,637,767,1215,2903,21341,1588,1732,5134,5347,2144,9347,42571
38.0,1313.0,79.57142857142857,4059.0,7924.0,9151.0,136.0,249.0,261.0,22.21428571464286,17.361538461538462,8.162962962962963,19074,80,37.9,4305.0,46848.0,1188.0,12267,40074,287,7289,24,2115,282,1592,40752,25578,26763,1535,946,983,440,2048,1976,1663,1621,2107,5221,22625,4386,3566,4121,8099,4963,7963,52341
37.0,415.0,83.66666666666667,1337.0,2588.0,3189.0,17.0,30.0,35.0,22.71428571464286,18.207692307692305,21.13939393939394,2668,0,32.9,472.0,6627.0,120.0,2530,4689,0,563,0,648,2,318,5688,2646,4573,151,20,187,47,449,209,67,253,321,604,3178,198,513,800,1646,689,1153,7219
0.0,0.0,76.63636363636364,1006.0,2047.0,2493.0,16.0,32.0,43.0,21.78928571464286,9.930769230769233,7.492592592592593,4396,13,47.0,245.0,10103.0,96.0,682,9762,89,59,6,342,69,75,9804,5215,5229,504,239,190,212,350,319,297,383,614,1051,4936,627,784,1354,1876,289,1680,10444
0.0,0.0,99.0,255.0,876.0,984.0,14.0,23.0,25.0,22.7892857145,26.214285714285715,33.225,1139,0,36.6,279.0,2498.0,83.0,1691,1169,0,168,0,260,1,121,2310,1369,1491,39,58,66,8,110,107,49,77,117,395,1347,177,264,111,511,364,433,2860
0.0,0.0,92.0,470.0,832.0,1120.0,11.0,19.0,21.0,22.5,20.042857142857144,35.59791666666667,1338,1,47.9,10.0,3191.0,97.0,727,2571,0,37,0,46,45,207,2963,1707,1591,118,45,18,79,236,116,118,163,210,522,1483,167,351,377,508,184,491,3298
0.0,0.0,84.45454545454545,718.0,1617.0,2030.0,31.0,69.0,77.0,22.27857142857143,20.446153846153848,7.714814814814815,3263,0,47.0,333.0,7833.0,115.0,1466,6815,19,168,3,507,102,420,7062,4018,4263,263,38,70,148,311,506,382,378,372,1024,3765,267,646,589,1584,503,1311,8281
2266.0,183519.0,27.417699115044247,84589.0,205222.0,278779.0,792.0,1463.0,1623.0,21.575,5.199999999999999,4.353846153846154,433989,574,37.0,113572.0,791378.0,101088.0,154396,851642,158166,98006,769,55971,4246,25567,663313,510490,495548,40205,34200,45823,57570,18089,21261,20295,29652,46441,39955,548029,16949,15840,305792,73445,31152,141697,1006038
0.0,0.0,96.0,259.0,690.0,892.0,9.0,16.0,17.0,22.86428571428572,23.61428571428572,30.796,1139,6,40.1,149.0,2666.0,124.0,934,2005,0,295,0,314,91,190,2049,1424,1515,51,38,45,38,114,62,141,96,56,388,1422,205,264,319,295,358,411,2939
40.0,859.0,73.77777777777777,1587.0,3744.0,4599.0,26.0,61.0,68.0,22.13928571392857,14.253846153846156,7.951851851851852,8189,18,43.1,1329.0,19139.0,889.0,6455,14902,133,2723,0,487,57,2796,15161,10805,10552,574,354,524,293,780,742,711,634,883,1947,9452,952,1769,1793,3486,1623,2791,21357
128.0,5352.0,40.333333333333336,9348.0,32701.0,46629.0,281.0,540.0,583.0,21.56428571482143,5.776923076923077,4.311538461538461,59099,318,42.1,4213.0,140169.0,4539.0,41293,107628,1739,3236,65,9140,376,4654,129711,75302,73619,5371,4065,4751,6694,3304,4604,3783,5026,8320,8668,72131,3794,3654,29337,20010,4574,22861,148921
0.0,0.0,73.28571428571429,1497.0,3137.0,4158.0,51.0,78.0,83.0,22.575,17.161538461538463,7.4148148148148145,5508,0,44.6,734.0,12449.0,414.0,3848,9749,79,208,0,824,125,343,12018,6756,6841,483,191,137,149,467,408,612,621,788,1560,6315,344,1278,1273,2053,816,2299,13597
0.0,0.0,81.0,320.0,1070.0,1328.0,8.0,11.0,14.0,22.432142857142857,20.792857142857144,34.306,735,0,46.1,605.0,2368.0,45.0,1211,1807,11,61,0,165,24,39,2718,1095,1923,79,40,27,31,124,52,80,62,139,242,809,239,182,195,510,576,431,3018
35.0,1392.0,65.80645161290323,3536.0,7199.0,8383.0,65.0,130.0,146.0,22.07857142892857,13.13076923076923,7.507407407407407,17569,56,41.2,2465.0,37182.0,781.0,7376,33052,319,1115,7,2024,317,387,36259,20380,20048,1468,972,943,991,1642,1688,1061,1566,2157,3042,20367,2311,2764,4309,6268,2294,7168,40428
0.0,0.0,75.93478260869566,6933.0,17143.0,21294.0,84.0,209.0,235.0,21.71071428535714,11.761538461538462,8.685185185185185,26519,7,32.2,2377.0,70811.0,2388.0,14169,61407,1610,9815,557,8679,591,1090,53234,37853,37723,1902,1063,995,414,2576,2186,2455,2269,3080,5384,33510,3883,2472,6653,10993,4538,17986,75576
0.0,0.0,98.0,188.0,281.0,392.0,7.0,9.0,9.0,22.925,37.02777777777778,21.994,594,0,37.3,4.0,1620.0,0.0,313,1311,0,126,0,115,3,110,1270,883,741,25,19,27,38,79,69,57,78,42,269,780,155,206,153,210,57,298,1624
0.0,0.0,85.0,514.0,1267.0,1667.0,12.0,24.0,25.0,24.58620689655172,12.484615384615385,31.83,2021,0,33.6,658.0,3800.0,281.0,3079,1660,99,106,5,148,8,1816,2557,2288,2451,234,86,99,62,110,109,158,141,101,400,2149,70,400,345,804,517,532,4739
0.0,0.0,85.0,575.0,984.0,1523.0,15.0,19.0,21.0,22.717857142964284,20.571428571428573,33.50681818181818,1647,0,44.1,166.0,3071.0,156.0,2110,1283,0,41,0,44,0,1856,1452,1792,1601,105,0,57,0,180,143,208,142,166,393,1802,183,298,173,899,459,351,3393
0.0,0.0,95.16666666666669,525.0,1843.0,2071.0,28.0,45.0,46.0,21.746428571071423,22.684615384615384,10.446428571428571,2268,9,39.0,136.0,5489.0,128.0,3237,2516,27,273,8,331,0,423,4691,2854,2899,108,43,31,73,291,186,198,165,290,722,2721,739,361,416,931,537,804,5753
0.0,0.0,97.0,347.0,508.0,577.0,8.0,14.0,14.0,22.932142857357142,25.071428571428573,31.35,832,0,37.2,129.0,1896.0,158.0,1816,367,16,3,0,271,56,362,1475,973,1210,55,0,0,0,61,25,101,39,79,308,1025,316,302,233,360,276,213,2183
0.0,0.0,80.0,922.0,2128.0,2066.0,25.0,40.0,45.0,22.642857142857142,12.515384615384615,21.1030303030303,3384,0,31.5,1192.0,5697.0,383.0,3374,3898,8,14,0,713,31,670,5836,3579,3693,140,66,82,80,366,125,267,372,389,457,3702,338,361,657,938,1120,868,7272
5806.0,257990.0,52.99545454545454,284935.0,566714.0,690588.0,3896.0,6583.0,7135.0,21.5678571425,12.884615384615383,8.537037037037036,1129351,3890,33.5,440438.0,1986093.0,196103.0,1055049,1567585,170955,593081,1147,172303,10364,199281,1475503,1329339,1293295,82285,53828,56358,75714,91103,84940,78876,99072,119899,203921,1385999,185029,117147,460618,314588,274690,355314,2622634
21.0,430.0,89.53846153846153,1715.0,2787.0,3421.0,69.0,93.0,101.0,22.50357142857143,19.846153846153847,8.155555555555555,4023,0,33.6,476.0,12135.0,238.0,7458,5391,15,1089,0,1352,115,1342,8936,5786,7063,270,214,117,161,329,403,312,362,385,1877,4919,1176,926,910,2326,1518,1448,12849
32.0,636.0,86.70588235294117,2641.0,4539.0,6270.0,64.0,111.0,117.0,22.217857142857145,16.923076923076923,6.844444444444445,7743,21,31.8,2692.0,15109.0,816.0,13689,4928,132,180,15,2109,90,999,15092,9295,9322,505,263,207,122,801,697,617,465,837,1539,8701,1685,1139,1004,3307,2066,2184,18617
0.0,0.0,83.0,302.0,1796.0,1468.0,12.0,25.0,27.0,21.928571427857143,15.453846153846154,18.32258064516129,2014,0,41.7,18.0,5223.0,36.0,437,4840,19,388,0,344,9,11,4506,2909,2368,212,70,111,97,302,154,121,188,233,578,2304,329,541,631,755,202,953,5277
872.0,39233.0,32.75635593220339,68236.0,168192.0,276488.0,722.0,1324.0,1452.0,21.574999999821426,5.453846153846154,4.176923076923076,392811,1824,35.8,70528.0,727328.0,63834.0,166865,694825,79003,85098,841,53794,4715,23296,614943,437846,423844,33192,25718,36388,41497,18400,20509,20533,27742,39483,37123,488348,25223,13782,226419,79088,33440,141932,861690
44.0,547.0,74.41176470588235,1884.0,6427.0,5192.0,0.0,96.0,112.0,22.27857142857143,17.03076923076923,7.622222222222223,6768,27,41.7,529.0,19513.0,175.0,7211,13006,11,1797,0,532,293,4474,13110,9694,10523,673,384,253,284,725,586,472,724,737,1985,7945,1093,1823,1276,4260,1609,3206,20217
0.0,0.0,97.0,157.0,426.0,503.0,10.0,16.0,16.0,22.50714285678572,31.5,28.528571428571425,615,0,45.2,128.0,2009.0,45.0,644,1538,12,58,0,73,9,110,1920,1121,1061,52,41,33,23,101,74,68,57,93,319,869,118,127,169,426,193,306,2182
0.0,0.0,97.75,1542.0,5736.0,6233.0,28.0,51.0,52.0,22.28928571392857,23.700000000000003,8.485185185185186,3173,0,36.5,444.0,9121.0,667.0,8938,1294,164,9,0,1670,12,1195,7182,5329,4903,208,151,128,20,167,112,249,240,237,1666,3675,1071,901,731,1641,1106,1216,10232
0.0,0.0,90.0,350.0,1068.0,1272.0,15.0,26.0,26.0,22.50357142928572,21.3,30.848837209302324,1383,12,41.6,62.0,3213.0,42.0,374,2943,10,207,0,63,10,53,2974,1674,1643,48,52,64,25,130,140,145,190,175,375,1546,50,415,254,490,156,542,3317
0.0,0.0,95.1,1173.0,3316.0,4439.0,41.0,68.0,74.0,22.564285714321425,28.446153846153848,9.08148148148148,3882,0,36.4,282.0,10698.0,214.0,9991,1203,0,153,0,587,12,112,10330,5511,5683,337,42,97,40,344,288,328,339,382,1210,4691,1416,1149,403,1608,1340,1846,11194
19.0,467.0,87.05555555555556,1306.0,2778.0,3401.0,46.0,111.0,120.0,22.28571428535714,17.76923076923077,7.774074074074075,6665,19,41.5,501.0,17484.0,304.0,3050,15239,62,427,0,353,106,486,16855,9156,9133,445,179,227,295,775,618,409,476,978,2615,7562,1012,1786,1646,2564,1205,3053,18289
538.0,18281.0,65.57142857142857,16424.0,36995.0,45931.0,356.0,687.0,734.0,21.785714285714285,14.66153846153846,8.025925925925925,69799,239,30.6,14337.0,139472.0,8258.0,99853,62214,1843,7779,88,11965,1237,20215,118940,79662,82405,5674,3227,4508,2531,5344,3925,4376,5109,6933,11975,80690,11231,7391,13971,24828,18013,24447,162067
0.0,0.0,94.0,244.0,465.0,560.0,4.0,11.0,12.0,22.853571428571428,30.7625,25.13,823,13,40.7,69.0,1826.0,49.0,1013,931,0,1,0,1,0,0,1942,943,1001,41,0,34,39,74,117,106,47,37,292,915,114,300,158,301,128,245,1944
229.0,10721.0,50.3956043956044,21437.0,48466.0,57592.0,304.0,573.0,617.0,21.57499999964286,7.8076923076923075,4.703846153846154,80075,232,36.4,8012.0,165890.0,5582.0,47758,131726,1288,18813,80,11228,1334,6641,140100,90884,88600,7616,5223,5351,4646,4062,3702,4200,6554,8874,9171,92705,8345,4846,24112,24456,12172,32052,179484
2282.0,94236.0,77.8,125985.0,205021.0,243559.0,2574.0,3680.0,3899.0,21.71071428607143,17.73846153846154,8.825925925925926,329597,1066,32.4,98912.0,636834.0,101169.0,691920,144995,10654,26915,1246,101308,4685,112022,580085,423844,413071,21783,10691,11054,7999,28123,24848,23546,27879,30289,87450,395398,87139,38927,107363,96458,64750,143647,836915
47.0,1868.0,60.5,4011.0,8633.0,9863.0,67.0,123.0,132.0,22.217857142857145,15.192307692307692,6.944444444444445,18287,22,30.8,2532.0,38999.0,695.0,8990,33236,418,704,59,1269,387,1997,37392,21733,20493,1655,675,756,584,1359,1201,1125,1459,1577,3872,21360,2014,1496,6582,4750,2353,4998,42226
36.0,140.0,89.08333333333333,2021.0,3737.0,4332.0,31.0,63.0,70.0,21.99285714285714,18.584615384615383,7.762962962962963,5014,4,41.0,642.0,16321.0,318.0,4065,13216,111,4060,0,520,71,409,12110,9107,8174,320,159,160,122,608,401,345,563,575,2299,6235,1113,1616,1057,3153,1867,2883,17281
0.0,0.0,70.89655172413794,3299.0,6788.0,8170.0,106.0,182.0,193.0,22.135714285714283,12.66153846153846,8.381481481481481,12482,13,41.0,1162.0,33315.0,569.0,4067,30979,197,1993,9,1440,332,594,30481,16474,18572,1166,622,609,672,1030,1147,1071,1214,1693,3167,15186,2092,2543,2990,6636,2576,5877,35046
38.0,887.0,54.333333333333336,2333.0,4741.0,5293.0,58.0,100.0,119.0,22.14642857142857,10.976923076923075,7.403703703703703,9985,8,48.1,1082.0,23453.0,712.0,5393,19854,124,1615,0,412,33,424,22639,12661,12586,824,542,387,507,683,742,566,992,1417,2373,11358,913,2734,2409,5063,1301,3284,25247
0.0,0.0,92.6,290.0,605.0,703.0,14.0,24.0,27.0,22.4928571425,20.764285714285712,30.464285714285715,1708,0,44.5,49.0,3741.0,37.0,1045,2782,12,117,0,245,26,130,3297,1936,1891,200,59,81,44,192,152,214,121,177,436,1945,168,368,422,661,142,657,3827
0.0,0.0,91.125,768.0,1930.0,2183.0,29.0,48.0,50.0,22.28928571464286,19.684615384615384,8.022222222222222,2214,0,36.5,318.0,5399.0,65.0,3391,2391,4,298,0,267,3,45,5165,2943,2839,171,66,99,34,175,223,286,231,295,604,2549,490,499,387,832,572,906,5782
0.0,0.0,98.0,120.0,199.0,237.0,10.0,11.0,12.0,22.785714285714285,33.81578947368421,18.104,482,0,55.1,18.0,1170.0,19.0,273,934,0,2,0,177,4,57,967,598,609,27,2,6,24,57,47,66,31,49,200,594,44,122,67,169,58,181,1207
866.0,39758.0,39.22802197802198,59821.0,178225.0,253883.0,630.0,1143.0,1248.0,21.575,5.869230769230769,4.726923076923077,326155,1102,36.5,101246.0,564352.0,125294.0,194349,596543,164939,158968,152,47670,2719,33690,382754,402637,388255,29347,23274,32146,39636,13082,14264,14816,22245,30349,29140,401700,30930,12317,202502,72241,33901,112010,790892
0.0,0.0,63.44444444444444,704.0,2140.0,2650.0,26.0,40.0,46.0,22.432142857,15.46923076923077,7.859259259259259,4137,0,42.4,498.0,9991.0,278.0,1606,9161,0,475,0,504,30,627,9131,5319,5448,368,271,232,280,574,439,352,475,329,640,5279,424,531,1410,1216,487,1954,10767
37.0,328.0,74.25,1771.0,3848.0,4081.0,48.0,82.0,87.0,22.571428571428573,15.73076923076923,8.255555555555556,6601,41,40.8,726.0,18414.0,604.0,3137,16607,165,2859,0,1151,65,271,15233,9456,10288,633,275,472,286,574,628,378,566,858,2066,7446,1106,1974,1585,3162,1787,3436,19744
0.0,0.0,87.58333333333333,2680.0,5677.0,7950.0,49.0,91.0,95.0,22.139285714,23.253846153846155,7.611111111111111,6424,37,31.7,2842.0,16638.0,533.0,15924,4089,192,805,0,2095,40,1080,15801,7818,12195,457,118,130,100,453,293,524,275,671,1652,7479,1598,1564,817,3808,3041,2425,20013
0.0,0.0,69.33333333333333,1414.0,1914.0,1711.0,43.0,83.0,85.0,22.564285714642857,14.830769230769231,7.485185185185186,7295,95,28.1,3093.0,15911.0,2073.0,8797,12280,176,443,0,1018,156,647,18637,10399,10678,534,446,368,344,320,295,405,603,792,1771,8942,541,1041,822,3319,3442,1858,21077
1027.0,46153.0,50.52059925093633,35597.0,94867.0,115637.0,387.0,836.0,901.0,21.571428571785717,10.461538461538462,5.607692307692308,140357,266,37.7,17922.0,305096.0,14582.0,84243,253357,11442,42794,88,20636,1266,7433,253941,171576,166024,12529,9618,12319,13296,9095,8058,7936,10981,14595,26777,169835,18012,11460,59545,41976,17622,59496,337600
0.0,0.0,87.4,375.0,1233.0,1340.0,21.0,27.0,30.0,22.285714285,19.453846153846158,31.165,1696,3,42.8,1718.0,4162.0,148.0,2954,3074,134,567,0,385,20,407,4515,2222,3806,134,28,11,21,130,158,44,215,439,533,1938,290,282,374,1078,1332,711,6028
57.0,1789.0,35.0,2462.0,5304.0,6192.0,49.0,106.0,120.0,22.53571428535714,11.015384615384615,3.8230769230769233,10543,0,50.1,1520.0,24264.0,884.0,6300,20368,83,23,0,1132,627,680,24123,13784,12884,994,683,689,634,1042,1008,824,1266,1233,2447,12780,877,1517,3641,3937,1441,2744,26668
0.0,0.0,33.0,98.0,197.0,245.0,2.0,3.0,3.0,29.12121212121212,21.43809523809524,13.808163265306122,517,0,36.6,287.0,1115.0,45.0,554,893,0,0,0,179,0,249,1019,650,797,17,33,82,45,43,15,6,40,38,116,645,77,51,216,158,242,150,1447
0.0,0.0,65.0,438.0,1187.0,1756.0,14.0,32.0,34.0,21.789285714285715,15.238461538461538,7.859259259259259,2756,13,46.3,190.0,7284.0,104.0,2730,4848,31,468,0,119,0,436,6524,3809,3769,220,135,196,206,319,143,112,283,268,958,3190,300,856,518,986,344,1720,7578
34.0,617.0,76.5625,2628.0,4688.0,5244.0,56.0,95.0,106.0,22.135714285714283,15.707692307692309,6.762962962962964,8041,0,36.7,1787.0,18387.0,654.0,10652,10176,84,1431,7,978,28,4379,13921,10205,10623,584,377,298,373,645,640,532,1043,968,2005,9232,1744,1543,1182,4465,2344,1987,20828
110.0,1218.0,81.875,2004.0,6099.0,6708.0,55.0,122.0,134.0,22.21071428607143,16.184615384615384,7.5703703703703695,8532,17,36.3,1431.0,19797.0,835.0,6490,15573,76,1076,47,964,333,1105,18462,10363,11700,794,271,388,308,1030,429,583,1007,902,2131,9720,1497,1631,1467,3609,2452,3540,22063
640.0,25458.0,68.4949494949495,10920.0,27029.0,32089.0,334.0,620.0,684.0,21.77857142846429,10.115384615384617,8.281481481481482,55771,323,39.4,5341.0,125545.0,2641.0,18247,115280,2161,7238,9,8449,1012,2545,112113,68390,65137,4566,2678,2382,2032,5335,3908,4485,5239,7033,11669,65412,7359,7837,13348,19598,6744,26673,133527
575.0,26070.0,73.34,10743.0,23068.0,22434.0,350.0,661.0,725.0,21.785714285714285,14.015384615384615,8.266666666666666,51623,239,35.6,7303.0,113105.0,3225.0,23354,100279,1462,24177,155,7921,242,1673,88003,63541,60092,3709,2204,2331,1857,4882,4530,4189,4626,5169,12677,57938,9652,6600,12638,16272,10248,21990,123633
0.0,0.0,64.7,3463.0,8426.0,9511.0,67.0,119.0,128.0,22.14642857142857,15.107692307692307,8.566666666666666,9891,56,40.5,1073.0,26634.0,740.0,6874,21573,75,4187,0,1909,97,1099,21080,13106,15341,911,736,460,439,893,720,829,656,1137,2425,11433,2065,1881,2332,5155,2654,4496,28447
139.0,3648.0,52.65714285714286,13557.0,37185.0,44751.0,200.0,394.0,429.0,21.564285715,8.246153846153847,4.196153846153846,69817,318,37.0,5159.0,152103.0,5768.0,62324,100706,2737,13744,412,13946,453,14197,117541,82389,80641,6274,4725,4808,3484,3962,4443,4542,5991,8968,8513,80735,7398,5194,24533,26401,8026,26069,163030
49.0,1279.0,87.27586206896552,6054.0,6525.0,7253.0,153.0,241.0,251.0,22.07142857107143,17.930769230769233,8.21111111111111,13116,79,33.0,2329.0,30009.0,1125.0,20023,13440,116,1442,4,3394,58,1246,27203,15945,17518,600,451,431,176,1194,948,1162,997,1402,3527,14835,2707,2326,2795,5537,3579,4196,33463
0.0,0.0,96.0,424.0,1068.0,1216.0,14.0,22.0,24.0,22.928571428571427,26.838461538461537,32.253488372093024,1117,0,44.3,247.0,2717.0,61.0,1047,1978,0,187,0,245,29,331,2233,1560,1465,50,45,41,58,133,96,109,155,75,490,1418,177,306,233,459,315,408,3025
0.0,0.0,78.28571428571429,748.0,1958.0,2055.0,25.0,32.0,36.0,22.29642857142857,15.438461538461535,7.31111111111111,2929,0,45.3,189.0,8029.0,216.0,1099,7335,2,30,14,398,48,54,7888,4199,4235,253,143,71,108,378,238,175,330,308,1003,3392,428,628,819,1370,511,1153,8434
0.0,0.0,77.4,822.0,1905.0,2199.0,24.0,29.0,31.0,22.575,12.592307692307692,34.711627906976744,2126,14,32.6,916.0,4322.0,193.0,2601,2830,3,26,0,284,48,344,4726,2647,2784,126,151,81,11,165,136,156,163,228,642,2540,152,351,669,603,679,500,5431
0.0,0.0,96.0,366.0,555.0,642.0,12.0,19.0,21.0,22.65,18.37692307692308,32.352380952380955,1870,2,44.6,211.0,3690.0,57.0,926,3032,0,228,0,193,27,204,3306,2011,1947,148,110,15,40,164,127,208,151,134,575,2025,249,460,262,651,363,712,3958
4.0,173.0,71.34146341463415,4979.0,12002.0,15242.0,105.0,248.0,261.0,21.71428571464286,9.638461538461538,6.246153846153846,22664,6,39.6,775.0,56217.0,364.0,3447,53909,420,3487,0,1064,155,427,51803,29605,27751,2561,1514,1170,1019,1674,1651,1566,1916,2670,5447,25293,3994,2979,5796,11432,2795,9155,57356
10716.0,507014.0,57.06661916636979,360421.0,995730.0,1310231.0,5823.0,10769.0,11637.0,21.57142857107143,14.546153846153846,8.540740740740741,1947164,7313,33.7,748405.0,3464607.0,467597.0,2016625,2663984,330309,888431,2893,342051,19619,427868,2669438,2356526,2324083,143589,97072,109795,146219,144733,138628,128171,158088,198645,370809,2404155,347573,179965,813979,569757,441459,679323,4680609
339.0,16179.0,76.21818181818182,4592.0,13133.0,15613.0,101.0,223.0,239.0,22.06428571392857,13.707692307692309,8.637037037037036,26292,28,39.4,2038.0,63119.0,1390.0,8837,57710,541,13781,23,2677,229,1663,47633,34294,32253,2051,883,1130,766,2008,1831,2238,2417,3617,6900,30163,5303,5738,6637,10491,4254,11630,66547
0.0,0.0,60.0,600.0,1341.0,1286.0,2.0,3.0,3.0,22.710714285714285,26.22222222222222,32.57333333333333,1885,0,37.3,310.0,5139.0,139.0,1500,4088,46,405,0,338,22,122,4655,2207,3381,113,171,97,53,193,278,175,142,160,309,2017,239,218,574,1355,542,833,5588
0.0,0.0,93.0,434.0,891.0,1125.0,27.0,39.0,40.0,22.285714285714285,18.87692307692308,16.55483870967742,1982,0,42.8,449.0,5217.0,45.0,1636,4075,9,249,0,241,40,197,4975,2665,3046,230,74,7,76,170,183,195,228,248,751,2454,389,564,488,943,530,688,5711
319.0,12862.0,43.65765765765766,18425.0,57246.0,77513.0,198.0,426.0,476.0,21.57142857110714,9.007692307692308,4.184615384615385,96472,113,32.5,12278.0,202508.0,8041.0,87907,134920,3283,9205,108,18016,1354,6675,184186,112108,110719,7331,4429,6231,6679,5779,6473,6254,7890,10594,15064,120811,10092,5531,41910,25767,10416,31815,222827
15.0,230.0,58.0,546.0,1184.0,1409.0,2.0,7.0,9.0,22.821428571428573,26.18125,34.716,1546,21,36.7,470.0,3218.0,213.0,1445,2456,0,10,0,93,0,451,3347,1765,2136,260,111,82,72,148,139,62,98,52,332,1909,283,203,382,584,359,494,3901
127.0,6180.0,77.39393939393939,5613.0,15341.0,17678.0,180.0,416.0,446.0,21.928571428214287,15.084615384615384,7.874074074074075,28806,60,44.0,2807.0,78083.0,1079.0,10726,71243,517,4813,53,3464,529,950,71643,41728,40241,2202,1486,1386,1143,3079,3224,2442,2911,4107,9669,34002,5980,5921,7025,13301,6044,13348,81969
2691.0,100549.0,84.6032028469751,77919.0,196678.0,265963.0,2462.0,3467.0,3682.0,21.71071428607143,24.246153846153845,10.244444444444444,285694,670,29.4,159679.0,634340.0,67118.0,794879,66258,8453,4838,277,98481,1350,93813,653925,439208,421929,17425,9910,8268,6137,26320,21037,18143,22349,23031,91258,357075,136517,58322,79936,97810,111413,101105,861137
0.0,0.0,75.62962962962963,4328.0,8827.0,9418.0,104.0,191.0,204.0,22.142857142857142,14.184615384615386,8.144444444444444,14261,91,41.8,1449.0,33619.0,1041.0,7557,28552,181,2239,44,1273,415,1434,30523,18045,18064,1046,800,363,546,1336,1223,1021,1348,2010,3401,16914,2400,2107,2950,5932,2646,5745,36109
31.0,494.0,84.88235294117646,2347.0,7614.0,8752.0,100.0,159.0,169.0,22.214285715,15.7,7.322222222222222,9216,51,33.9,1396.0,20972.0,618.0,11163,11823,81,765,19,1946,118,1277,18780,11531,11455,781,426,268,245,901,921,567,567,998,2397,10727,1613,1621,1788,3191,2453,3616,22986
53.0,3092.0,53.77777777777778,6267.0,13300.0,14830.0,123.0,267.0,300.0,21.749999999964285,10.33846153846154,4.846153846153846,23234,28,46.6,830.0,58259.0,936.0,7542,52483,355,597,48,1573,460,432,56560,30787,29238,2533,1846,1800,1579,1997,1458,1693,2042,3331,4936,26806,2151,1962,7871,8898,2995,8707,60025
62.0,3361.0,76.17857142857143,2958.0,7182.0,8597.0,107.0,177.0,193.0,22.071428571428573,14.007692307692308,7.6,15740,45,39.5,1590.0,34195.0,923.0,6264,30444,264,2614,51,1073,111,2120,30475,18683,18025,1270,535,636,483,1436,1151,1346,1528,1713,3416,17687,1650,1879,4026,5896,2483,5391,36708
0.0,0.0,86.78947368421052,1567.0,4035.0,4880.0,49.0,107.0,121.0,22.578571427857145,19.976923076923075,8.062962962962963,7514,47,43.8,444.0,22264.0,234.0,2606,20336,75,5830,0,588,66,222,16161,10556,12386,397,150,187,341,705,1067,576,709,823,3279,8337,1441,2538,1696,4236,2226,3627,22942
95.0,1630.0,78.76923076923077,4510.0,6694.0,8283.0,100.0,179.0,193.0,22.21428571392857,14.453846153846154,8.040740740740741,13335,70,37.5,3330.0,32180.0,703.0,15686,20527,197,1996,18,2242,389,2885,28486,15836,20377,1072,565,516,423,1069,891,1161,1415,1403,2839,15292,1743,1956,2576,7215,3898,6422,36213
0.0,0.0,98.0,504.0,981.0,1363.0,12.0,16.0,18.0,23.79999999989655,22.76153846153846,36.79318181818182,1211,0,34.3,1442.0,2928.0,317.0,3644,1043,62,63,0,1005,3,1030,2524,2297,2390,42,3,2,0,162,85,93,95,111,534,1514,396,384,271,782,997,417,4687
167.0,7544.0,70.64814814814815,5255.0,15687.0,20129.0,158.0,357.0,377.0,21.571428571785717,11.36153846153846,8.27037037037037,39120,101,37.9,4262.0,89566.0,2374.0,16332,79870,1266,7342,29,3522,1043,7385,75615,49017,47185,2753,1965,1982,1424,3147,2783,2561,3379,4810,8792,45815,6384,5011,9775,16879,6256,15237,96202
0.0,0.0,84.04545454545455,1550.0,6626.0,6763.0,70.0,133.0,149.0,22.21071428535714,12.330769230769231,8.351851851851851,8765,57,38.2,625.0,20031.0,449.0,4985,16120,92,459,81,1499,323,696,17955,10317,10788,972,432,330,209,541,672,509,720,785,1904,10000,979,997,1821,3245,1397,3994,21105
0.0,0.0,76.0,117.0,438.0,624.0,1.0,3.0,3.0,26.061290322258063,17.973684210526315,17.944897959183674,587,13,43.3,39.0,1481.0,33.0,424,1129,0,76,0,0,0,332,1145,753,800,56,47,12,19,76,47,49,56,102,172,726,58,177,147,296,38,305,1553
13.0,324.0,83.83333333333333,602.0,1499.0,1691.0,16.0,28.0,32.0,22.14285714321429,14.23076923076923,7.307407407407408,2968,9,40.1,353.0,8348.0,187.0,1515,7373,22,328,0,264,0,137,8137,3798,5090,269,234,113,123,258,126,259,496,211,1080,3338,443,685,701,1766,791,1324,8888
0.0,0.0,76.27272727272727,1707.0,3227.0,3881.0,31.0,59.0,63.0,22.285714285714285,13.223076923076924,7.92962962962963,5747,0,39.2,750.0,13812.0,260.0,4936,9886,62,1121,6,707,6,581,12339,7621,7201,446,351,343,90,326,511,391,464,742,1260,6467,1071,1042,1253,2321,1243,2429,14822
40.0,551.0,82.85714285714286,2324.0,6059.0,9324.0,85.0,183.0,202.0,22.285714285714285,22.26923076923077,10.52962962962963,11834,88,41.9,696.0,34383.0,483.0,2438,33124,160,5866,83,872,58,1405,27118,17986,17576,902,568,485,444,1646,1098,671,1085,1892,4934,14706,2407,3288,2267,7529,2352,5076,35562
947.0,33793.0,78.58571428571429,18482.0,44856.0,64813.0,400.0,816.0,880.0,21.707142856785715,17.023076923076925,10.262962962962964,97730,291,36.5,20087.0,222775.0,10274.0,53655,199481,9670,84915,122,11696,802,6972,138959,123680,129456,7111,4321,5063,4439,8900,8945,8187,8151,10634,28261,110290,20470,18656,24976,42067,20579,44227,253136
0.0,0.0,93.8,605.0,2600.0,3765.0,15.0,22.0,23.0,25.2633333334,23.1,13.958620689655174,1848,0,29.7,93.0,5054.0,40.0,4805,382,0,25,0,320,0,83,4759,2484,2703,54,83,22,14,260,82,80,105,233,612,2170,1200,653,306,847,508,445,5187
72.0,2005.0,86.58823529411765,4022.0,11089.0,14517.0,96.0,205.0,225.0,22.071428571428573,19.54615384615385,8.7,14595,32,35.0,799.0,39082.0,915.0,32780,8016,221,314,0,1100,194,975,37992,20563,20233,1058,603,628,437,1749,911,910,966,1410,4252,16861,4384,4249,3287,7200,3815,5254,40796
134.0,4355.0,60.26086956521739,18841.0,42073.0,52510.0,354.0,721.0,785.0,21.575,8.292307692307693,4.807692307692308,75431,243,36.9,4056.0,164161.0,3142.0,37660,133699,1542,6539,700,6574,523,3284,152197,85784,85575,6453,3361,4299,2497,5040,5245,5742,6731,8352,10550,83052,9642,5409,17133,31851,11730,27190,171359
7.0,96.0,87.46666666666667,2770.0,4520.0,6144.0,54.0,90.0,97.0,21.78214285689285,15.261538461538462,8.2,4767,7,38.1,519.0,19132.0,223.0,5523,14351,68,2735,0,1607,98,1698,13668,7452,12422,317,384,244,92,496,779,476,836,558,1464,5526,1024,1061,1193,4744,2482,3343,19874
0.0,0.0,80.5,1808.0,5513.0,6517.0,36.0,67.0,75.0,22.150000000357142,17.853846153846153,7.881481481481482,4610,0,35.6,1394.0,13863.0,290.0,8640,6907,86,909,0,1245,57,1400,11850,6373,9174,366,125,358,370,557,383,339,271,534,1249,5197,982,1272,1272,2916,1989,2156,15547
42.0,1260.0,59.03174603174603,15112.0,35011.0,42075.0,240.0,526.0,560.0,21.567857143571427,7.553846153846154,5.057692307692308,56730,230,35.3,6223.0,119932.0,3637.0,29087,100705,1724,16464,92,7354,404,3530,100224,65923,63869,5062,3588,3134,2056,3186,2817,3207,4105,5195,6887,65520,7548,4409,14174,22040,9066,22436,129792
0.0,0.0,24.88888888888889,3026.0,8060.0,9922.0,69.0,117.0,134.0,21.57857142825,5.892307692307692,3.865384615384616,16664,81,42.1,1642.0,42506.0,1343.0,10996,34495,472,196,64,2678,175,1997,39909,23181,22310,1546,1269,1624,2876,1049,880,1009,1212,1777,1547,21948,1621,804,9912,4097,1445,6959,45491
0.0,0.0,89.0,80.0,202.0,224.0,2.0,4.0,4.0,29.882352940882352,20.633333333333333,11.806,185,0,43.5,1.0,691.0,12.0,74,630,0,8,0,15,0,24,657,383,321,33,21,7,12,16,20,9,74,39,55,260,17,37,88,52,2,122,704
110.0,4712.0,55.13513513513514,4252.0,9514.0,10693.0,85.0,179.0,204.0,21.925000000071428,12.892307692307693,7.522222222222223,19927,49,48.0,2169.0,48621.0,1405.0,14282,37913,393,830,15,3449,214,3283,44011,26918,25277,2042,1068,1157,792,2460,2179,1922,2031,3104,4523,23995,2351,2350,5616,7374,2679,7933,52195
0.0,0.0,63.0,260.0,678.0,992.0,6.0,15.0,16.0,22.571428571428573,20.946153846153848,34.31136363636364,1866,15,52.0,106.0,4170.0,99.0,1125,3250,0,27,0,261,19,301,3767,2333,2042,148,95,94,170,283,178,101,156,153,589,2160,230,399,461,712,313,579,4375
0.0,0.0,92.0,338.0,735.0,774.0,6.0,10.0,14.0,24.933333332666667,22.37857142857143,33.54418604651163,1081,0,51.0,192.0,3330.0,152.0,2238,1436,0,0,0,64,1,36,3573,1487,2187,75,37,58,39,117,16,111,339,62,621,1336,363,591,351,565,311,580,3674
50.0,1839.0,82.8076923076923,2410.0,7138.0,9553.0,87.0,144.0,155.0,22.075,22.200000000000003,8.125925925925927,12049,45,28.4,1097.0,28662.0,966.0,22439,8286,702,991,0,2725,50,1189,25068,15213,15512,830,587,465,277,773,1098,1190,564,1448,3908,14376,3422,2018,3350,3741,1974,3838,30725
0.0,0.0,96.5,254.0,491.0,625.0,18.0,24.0,25.0,22.92500000035714,19.86923076923077,33.66888888888889,1504,7,41.6,224.0,3343.0,112.0,1283,2396,45,196,0,283,0,195,2960,1862,1817,117,69,34,23,140,119,160,94,221,417,1690,223,241,324,537,324,597,3679
152.0,6195.0,82.3,5696.0,9557.0,11322.0,153.0,251.0,281.0,22.14642857142857,16.907692307692308,8.518518518518519,19794,185,40.7,1143.0,47809.0,753.0,4007,45698,383,6413,19,2024,657,564,39645,25932,23773,1364,838,804,382,1685,1681,1843,2011,2321,7066,23092,3828,4843,4642,8353,2914,8662,49705
42.0,356.0,92.16666666666669,1984.0,4293.0,4698.0,82.0,122.0,127.0,22.2821428575,17.93076923076923,8.040740740740741,4843,11,36.4,898.0,11779.0,341.0,7272,5746,95,426,0,886,61,216,11334,6545,6473,404,115,85,79,534,376,277,669,538,1629,5659,795,1254,781,2135,1252,1896,13018
0.0,0.0,62.75,2071.0,5507.0,5915.0,32.0,89.0,96.0,21.717857142785714,12.107692307692307,7.966666666666668,7930,0,43.4,533.0,20131.0,488.0,4161,16991,242,868,111,1296,256,456,17923,10323,10829,836,512,553,281,694,783,453,962,1000,1749,9413,904,1180,1877,3395,897,4552,21152
0.0,0.0,86.4,1011.0,2330.0,2529.0,28.0,46.0,50.0,22.28214285667857,23.4,7.362962962962963,2553,0,36.3,505.0,7007.0,39.0,6396,1155,22,125,0,905,0,555,5944,3139,4412,139,28,149,32,83,334,214,243,195,725,3002,590,715,346,1986,1221,392,7551
0.0,0.0,60.888888888888886,2314.0,4173.0,5018.0,73.0,115.0,124.0,22.285714285714285,11.930769230769233,6.988888888888888,8272,0,43.6,645.0,19215.0,212.0,3851,16221,90,1215,2,718,52,1935,16060,10305,9767,631,583,345,411,808,835,675,793,870,1953,9369,1013,1619,1859,3668,970,2702,20072
0.0,0.0,64.57142857142857,2067.0,4223.0,5151.0,37.0,60.0,63.0,22.142857142857142,12.569230769230767,7.47037037037037,6717,9,41.7,1130.0,15687.0,357.0,4090,13084,215,1948,0,400,22,394,14195,8733,8441,596,178,379,203,603,474,629,836,688,1573,8359,981,1089,1294,3173,1550,2761,17174
0.0,0.0,78.0625,1553.0,3690.0,3918.0,42.0,90.0,95.0,22.496428571785717,17.123076923076923,8.685185185185185,6101,8,44.7,790.0,16266.0,269.0,2550,14775,145,1173,37,263,38,771,14898,8744,8581,489,342,279,352,1046,461,460,568,687,2153,7100,919,1540,1281,3115,1395,2339,17325
20.0,150.0,77.0,7170.0,17592.0,23160.0,172.0,398.0,418.0,21.578571429107143,14.015384615384615,9.911111111111111,28276,31,35.0,5640.0,78123.0,2410.0,23051,63122,400,8171,8,2927,463,7781,66423,43690,42483,1862,1363,1445,1090,2766,2792,2095,2577,3551,7876,33956,6915,4407,4381,17617,9135,13211,86173
49.0,343.0,81.57894736842105,2661.0,5068.0,5740.0,70.0,122.0,137.0,22.28928571392857,16.892307692307693,8.04814814814815,7983,26,40.3,1737.0,21032.0,595.0,5170,18194,203,4085,36,1133,436,348,17123,11398,11966,499,293,450,118,1051,790,749,869,819,2654,9279,1667,2441,1632,4226,2038,3834,23364
0.0,0.0,77.0,301.0,651.0,770.0,12.0,16.0,17.0,22.935714285357143,28.4875,31.467346938775517,1508,0,36.6,360.0,2875.0,66.0,1004,2297,32,57,0,194,44,354,2620,1753,1548,117,71,49,57,120,78,129,125,186,226,1694,209,126,331,463,279,454,3301
0.0,0.0,83.9090909090909,1111.0,2135.0,2379.0,21.0,41.0,43.0,22.39642857178572,17.7,7.78888888888889,3677,3,42.7,646.0,11428.0,101.0,4898,7277,173,249,0,129,34,167,11423,5519,6656,337,248,138,147,294,334,325,345,397,1289,4375,642,1280,614,2502,1048,1943,12175
0.0,0.0,54.63157894736842,1551.0,3858.0,4911.0,49.0,97.0,102.0,22.71428571464286,16.384615384615383,8.496296296296297,7039,23,57.7,527.0,20608.0,317.0,2304,19148,22,123,0,811,209,621,19666,10894,10558,997,550,392,794,1066,693,643,698,1015,2183,8712,866,1262,1687,2700,1450,3335,21452
1016.0,34434.0,70.2122641509434,48285.0,93192.0,113222.0,776.0,1303.0,1397.0,21.75,12.207692307692309,6.996296296296297,136340,632,30.9,12952.0,288237.0,7203.0,110434,197958,7021,22261,334,18923,2527,17132,240194,156490,151902,10324,5850,5734,5616,11082,10003,9130,11301,13979,33516,157572,21845,15069,47462,36634,16051,44387,308392
0.0,0.0,86.25,609.0,1445.0,1694.0,23.0,38.0,41.0,22.0,15.353846153846153,12.548275862068964,2416,0,38.5,143.0,5675.0,68.0,2743,3143,31,54,20,678,18,178,4907,2857,3029,175,138,86,85,206,217,139,129,244,780,2724,468,426,671,829,504,887,5886
0.0,0.0,84.0,550.0,1257.0,1983.0,18.0,46.0,51.0,22.571428571428573,19.284615384615385,7.496296296296297,3064,0,45.6,332.0,7538.0,100.0,2606,5364,70,84,0,411,29,944,6432,3802,4168,212,186,48,91,441,269,269,304,392,939,3615,435,461,556,1298,711,1188,7970
533.0,27375.0,72.77058823529411,25428.0,56731.0,73701.0,462.0,891.0,971.0,21.746428571785717,12.253846153846156,7.792592592592593,104889,298,33.6,15598.0,232268.0,6179.0,67422,186623,4236,36542,150,15047,960,6879,190231,130061,123984,8134,4294,4608,4256,9194,8678,6919,7209,10458,27672,121647,18224,13530,29750,31412,16943,40004,254045
0.0,0.0,74.0,82.0,168.0,196.0,5.0,9.0,10.0,32.270270270243245,23.168181818181814,12.558,217,0,36.1,34.0,687.0,3.0,470,254,0,0,0,62,0,19,643,390,334,19,8,21,19,14,13,23,34,32,46,309,31,47,56,160,45,103,724
0.0,0.0,75.22222222222223,1897.0,3692.0,3917.0,27.0,53.0,59.0,22.285714285714285,16.52307692307692,8.04814814814815,4522,12,35.9,1377.0,12649.0,303.0,3381,10948,576,1965,0,896,60,583,10249,6148,8181,521,190,195,188,323,276,417,664,378,1053,5280,872,873,994,3091,1253,2296,14329
0.0,0.0,88.63636363636364,521.0,1669.0,2044.0,33.0,59.0,62.0,22.49642857142857,22.86923076923077,8.87037037037037,3204,0,50.8,175.0,9720.0,92.0,434,9553,28,2259,40,183,21,252,7204,5159,4828,145,124,203,87,652,538,280,390,412,1704,3975,774,1283,769,1982,720,1333,9987
0.0,0.0,68.0,611.0,1168.0,1395.0,18.0,26.0,26.0,22.035714285714285,13.1,29.34473684210526,2308,0,32.8,213.0,5227.0,236.0,2712,2964,3,28,8,57,172,682,4726,2773,2903,190,100,132,127,170,191,146,175,271,220,2648,436,355,510,939,454,701,5676
0.0,0.0,50.5,389.0,779.0,1108.0,6.0,12.0,13.0,22.849999999642858,19.36428571428572,32.99777777777778,1614,18,45.2,250.0,3946.0,52.0,871,3377,58,1,0,176,90,159,3764,2159,2089,202,76,180,77,162,114,103,223,115,416,2035,41,294,646,336,201,566,4248
42.0,1254.0,77.17647058823529,3230.0,8222.0,10514.0,96.0,174.0,185.0,21.932142856785717,20.96923076923077,10.08148148148148,14317,27,37.8,2323.0,33102.0,1366.0,15850,20941,703,3842,173,1719,98,6934,23322,18416,18375,853,623,713,404,1284,1303,771,1518,1885,4546,16678,2930,3683,3376,5196,3056,6360,36791
101.0,3795.0,86.32432432432432,10235.0,20686.0,25361.0,344.0,458.0,480.0,22.35,19.700000000000003,13.766666666666666,20203,126,29.8,9914.0,40818.0,7366.0,55301,2797,29,372,0,6750,1105,2779,47063,29223,28875,1287,602,463,389,1318,1214,1044,1624,1941,6765,23689,7352,5510,4714,6612,8184,6725,58098
0.0,0.0,66.53125,4698.0,10058.0,12409.0,104.0,195.0,213.0,21.575,12.561538461538465,7.97037037037037,19709,624,38.4,1363.0,47847.0,1659.0,26609,24260,369,1145,0,4825,359,1781,42390,24597,26272,1546,1376,1002,788,1281,954,1668,1602,2037,3724,23082,1953,2954,5301,7901,3449,8964,50869
0.0,0.0,89.0,208.0,511.0,661.0,9.0,12.0,13.0,22.710714285714285,32.875,26.646,842,0,54.2,106.0,1959.0,43.0,725,1383,0,2,0,161,3,274,1668,949,1159,28,17,43,48,91,110,148,40,112,398,1065,19,278,252,352,145,207,2108
226.0,11486.0,45.52252252252252,16699.0,37790.0,48162.0,258.0,491.0,517.0,21.78571428535714,9.123076923076924,3.826923076923077,78711,188,31.8,15396.0,147300.0,8542.0,77728,93510,3569,11193,57,10942,1051,11861,132565,84695,86543,5307,5286,5975,7351,3516,4024,3681,5456,7704,9617,88683,7540,6470,24327,23823,13395,27868,171238
0.0,0.0,79.5,2393.0,4908.0,6204.0,45.0,100.0,109.0,22.1428571425,14.807692307692308,8.688888888888888,9220,56,41.8,770.0,23520.0,507.0,6639,18158,151,2519,43,623,98,503,20860,12657,12140,603,641,379,335,1213,960,574,992,992,2779,11028,1419,2321,1701,4550,1757,3547,24797
0.0,0.0,71.0,641.0,1468.0,1507.0,20.0,34.0,39.0,22.792857142857144,21.15,32.59268292682927,1822,3,52.5,207.0,4539.0,131.0,1113,3764,6,23,0,244,4,75,4525,2446,2431,103,68,23,104,247,125,235,143,208,496,2148,123,386,421,815,385,568,4877
0.0,0.0,89.33333333333333,590.0,1861.0,2142.0,30.0,47.0,52.0,22.567857142571427,18.153846153846157,14.041379310344826,2825,0,34.2,87.0,7963.0,206.0,3329,4927,56,829,0,654,90,391,6236,3251,5005,126,69,127,150,177,449,50,96,489,686,3017,673,615,529,1840,450,1109,8256
18.0,423.0,74.76190476190476,2022.0,4628.0,5295.0,69.0,122.0,136.0,22.14642857142857,13.792307692307691,7.622222222222223,7385,7,44.4,526.0,18974.0,140.0,2202,17438,0,150,0,639,76,511,18264,10175,9465,939,352,435,277,943,590,706,866,1002,1859,8724,986,1767,1624,3383,1286,3233,19640
1406.0,73041.0,45.144615384615385,46713.0,135816.0,171588.0,507.0,1271.0,1384.0,21.57142857107143,9.192307692307692,4.607692307692307,244933,832,37.2,49069.0,510523.0,30596.0,144951,445237,17715,30585,182,35635,2551,17699,485821,298062,292126,21732,16750,19664,29027,13647,13475,13858,19054,25868,32644,294813,23371,12666,111272,68877,33174,95389,590188
0.0,0.0,80.77777777777777,2265.0,5467.0,5960.0,71.0,110.0,115.0,22.357142857142858,11.761538461538462,7.074074074074074,9070,33,30.8,4474.0,15457.0,1238.0,12032,9137,1335,814,0,935,75,2059,15951,10004,11165,588,264,226,184,583,729,901,743,856,1585,9998,1333,696,1471,2697,3441,2459,21169
0.0,0.0,87.14285714285714,838.0,2495.0,2979.0,33.0,70.0,76.0,22.278571427857145,19.26923076923077,10.281481481481482,4592,14,43.2,363.0,11867.0,127.0,1259,11098,15,2905,7,249,25,484,8672,6377,5980,344,232,144,41,573,568,359,466,669,1774,5418,1078,938,865,2457,489,2071,12357
0.0,0.0,95.0,85.0,271.0,296.0,8.0,13.0,13.0,26.33,30.94736842105263,15.932,532,0,46.4,0.0,1362.0,0.0,207,1155,0,10,0,65,0,94,1193,655,707,41,16,11,19,74,28,52,45,51,159,631,91,124,75,225,24,265,1362
295.0,9083.0,76.72340425531915,4194.0,12110.0,14901.0,164.0,255.0,280.0,22.36071428607143,18.5,7.5814814814814815,24549,137,31.0,3695.0,59888.0,1497.0,12775,52305,904,11789,14,2561,678,1371,47763,33894,31186,1402,1091,804,894,2427,2031,2031,2115,2413,8557,30500,5902,3410,6524,7897,4866,8795,65080
49.0,2097.0,80.03448275862068,5595.0,12408.0,14847.0,138.0,217.0,233.0,21.925,14.830769230769231,7.95925925925926,19804,70,38.2,4326.0,43118.0,2031.0,13803,35672,318,5853,804,1804,294,4392,36010,25187,24288,1391,661,854,776,2379,1654,1385,1441,1935,5033,22799,4323,3317,3764,7034,4698,8237,49475
0.0,0.0,91.5,574.0,1359.0,1991.0,36.0,59.0,64.0,22.114285713714285,18.37692307692308,10.607407407407406,4892,0,44.4,53.0,13651.0,84.0,524,13264,83,2918,0,325,37,50,10375,6690,7098,372,269,169,83,296,408,433,479,378,2237,5896,691,1082,632,2891,1196,2248,13788
39.0,859.0,88.76470588235294,1507.0,3051.0,2977.0,51.0,98.0,108.0,22.21428571464286,17.26923076923077,7.05925925925926,5572,0,37.1,597.0,13998.0,306.0,5716,9185,25,827,0,429,95,748,12777,7231,7670,416,156,204,143,716,639,373,427,632,1810,6659,1191,1243,1121,2382,975,2352,14901
1118.0,44949.0,69.42205323193916,36143.0,81849.0,100175.0,673.0,1234.0,1350.0,21.71071428535714,16.33076923076923,8.459259259259259,150358,472,35.7,19521.0,330521.0,12109.0,232273,129878,7556,13525,311,32602,1271,8816,298070,183227,178924,12043,7335,7335,6195,11469,11210,10958,12883,16280,34774,175929,32388,17915,39895,55129,25348,64116,362151
0.0,0.0,79.55555555555556,1038.0,2215.0,2614.0,26.0,48.0,50.0,22.714285714285715,13.061538461538465,7.344444444444445,4267,32,31.9,1861.0,7476.0,570.0,5430,4477,23,119,0,746,76,924,8019,5021,4886,344,170,117,97,367,352,295,349,462,838,4724,911,499,771,1495,1358,1150,9907
0.0,0.0,77.0,245.0,548.0,613.0,4.0,6.0,6.0,24.034482759310347,26.37368421052632,21.022,757,0,32.5,25.0,2039.0,46.0,382,1728,20,87,0,33,4,2,1964,902,1208,27,38,57,58,46,32,80,83,85,140,916,37,66,248,300,60,369,2110
0.0,0.0,73.34782608695652,7707.0,14907.0,18478.0,131.0,346.0,381.0,21.721428571785715,11.923076923076923,10.72222222222222,35588,68,38.3,1476.0,81213.0,1087.0,6790,76986,997,7280,0,2691,215,866,71727,42290,41486,3713,2055,2466,1524,3015,2414,2276,2911,3973,7223,39517,6867,3734,7247,15671,4327,15726,83776
48.0,1939.0,74.91304347826087,2794.0,7006.0,7939.0,71.0,152.0,159.0,22.071428571428573,14.907692307692308,8.125925925925927,10828,229,40.8,1087.0,26908.0,797.0,5741,23051,245,686,5,1091,146,400,26219,14712,14080,862,403,452,510,998,973,890,1157,1444,2645,13210,1712,1512,2306,5257,1540,5039,28792
42.0,608.0,78.28571428571429,1515.0,4528.0,5735.0,74.0,129.0,138.0,22.28214285642857,13.8,8.496296296296297,8852,0,39.6,568.0,22462.0,156.0,2054,21132,126,3748,0,463,32,257,18560,11825,11361,723,293,424,426,545,707,695,910,956,2983,9629,1752,1648,1952,3442,1455,4459,23186
82.0,6848.0,45.04054054054054,15022.0,34020.0,39852.0,170.0,438.0,492.0,21.575,6.376923076923077,4.396153846153846,58028,20,39.8,4278.0,131112.0,3057.0,17660,120787,739,1989,48,5522,1019,1967,127163,69443,69004,5426,4283,4803,4766,3006,3088,3067,3985,5892,7532,68368,4358,4339,19868,19385,7663,24942,138447
0.0,0.0,78.22222222222223,1172.0,2283.0,2566.0,34.0,52.0,54.0,22.57142857107143,15.823076923076922,6.633333333333333,4189,12,34.6,1479.0,7567.0,593.0,6154,3485,61,85,0,900,23,487,8083,4756,4883,309,209,150,170,266,298,330,325,421,735,4668,486,614,697,1498,1095,1378,9639
0.0,0.0,82.13333333333334,1526.0,2648.0,3581.0,35.0,70.0,72.0,22.72142857142857,21.346153846153847,8.07037037037037,5535,0,35.8,1274.0,13567.0,884.0,10855,4870,113,556,25,1215,118,1240,12458,6804,8921,360,269,190,213,597,362,391,257,913,1316,6076,560,1347,933,3226,2265,2128,15725
52.0,1281.0,77.93617021276596,2996.0,7785.0,8436.0,106.0,246.0,265.0,22.135714285357142,16.307692307692307,9.174074074074074,16644,7,43.9,1940.0,47142.0,1073.0,7697,42458,391,4780,22,1853,811,1062,41236,23192,26963,1437,722,787,546,1775,1823,1818,1870,1873,5294,20749,3560,3427,3311,10034,5054,8479,50155
868.0,33051.0,82.75257731958763,16986.0,29273.0,34179.0,373.0,637.0,673.0,21.753571428928574,18.207692307692305,6.707407407407407,46710,139,34.1,13574.0,99304.0,5445.0,45928,72395,6083,12081,93,6632,846,3077,89511,57360,60963,2482,1754,1216,1489,5014,4041,4214,4232,4392,15123,52198,9254,7669,8795,20280,13686,17472,118323
0.0,0.0,84.5,796.0,964.0,1270.0,25.0,36.0,42.0,22.71428571464286,24.115384615384617,13.351851851851851,2013,0,42.5,2094.0,4134.0,580.0,5461,1347,137,0,0,861,161,335,5314,3457,3351,121,93,16,13,330,110,38,286,39,1534,3137,883,871,593,430,1171,598,6808
0.0,0.0,71.77777777777777,770.0,1829.0,2090.0,25.0,57.0,62.0,22.28571428535714,13.846153846153848,8.18148148148148,4428,0,48.5,277.0,11597.0,127.0,1114,10887,43,335,0,156,162,458,10847,5913,6088,347,234,135,171,470,534,342,183,827,1078,5318,314,755,781,2313,1067,1924,12001
4.0,175.0,59.01923076923077,16288.0,27218.0,31179.0,275.0,479.0,515.0,21.753571428964285,7.56923076923077,3.234615384615384,64789,136,36.0,3753.0,129068.0,3184.0,30436,105569,2655,3889,276,6554,1116,3704,117811,69242,66763,5215,3438,3472,3148,4679,4132,3572,5173,7662,9601,73304,5056,4351,20800,16904,4380,27308,136005
0.0,0.0,80.0,370.0,855.0,998.0,8.0,14.0,16.0,24.517241379413797,17.635714285714283,29.862222222222226,1506,6,30.6,383.0,3223.0,160.0,2633,1133,41,41,0,138,0,1735,1811,1705,2061,109,64,57,41,155,159,40,130,194,168,1825,206,238,197,853,305,498,3766
0.0,0.0,76.0,308.0,806.0,978.0,12.0,24.0,25.0,24.172413792758626,29.7,34.40625,1003,0,52.8,76.0,3337.0,16.0,827,2602,2,40,0,25,0,107,3255,1889,1540,28,28,36,61,170,82,82,163,110,494,1309,304,392,222,551,183,438,3429
0.0,0.0,89.8,656.0,2275.0,2711.0,37.0,64.0,74.0,22.28571428607143,19.084615384615383,9.11111111111111,4373,46,47.5,74.0,11909.0,132.0,893,11222,11,1942,0,269,216,202,9475,6385,5730,353,218,150,72,845,315,448,406,362,1974,5151,635,1204,846,2478,488,2100,12115
0.0,0.0,79.27272727272727,1694.0,4589.0,5868.0,41.0,73.0,77.0,22.5142857145,19.453846153846158,8.822222222222221,5715,0,35.2,1992.0,12653.0,901.0,11625,3921,182,328,14,842,10,2057,12113,5988,9558,307,50,421,66,263,320,132,552,519,1142,6978,809,1276,976,3129,2215,2192,15546
0.0,0.0,87.0,627.0,1753.0,2339.0,21.0,32.0,40.0,22.28214285714285,18.06923076923077,7.677777777777778,2603,0,43.7,27.0,6928.0,60.0,3563,3452,13,410,0,566,14,378,5634,3648,3367,118,97,101,41,199,275,289,328,352,766,3049,783,663,314,1443,428,1117,7015
0.0,0.0,70.0,55.0,171.0,190.0,1.0,2.0,2.0,29.44411764714706,16.963636363636365,10.551020408163266,329,0,47.2,0.0,766.0,18.0,93,691,0,0,0,25,1,0,758,384,400,49,7,22,13,35,30,14,44,46,69,376,14,58,82,125,23,139,784
0.0,0.0,73.14285714285714,2027.0,4517.0,4970.0,41.0,76.0,79.0,21.79285714285714,15.930769230769233,7.9148148148148145,6493,0,41.4,473.0,16342.0,279.0,3617,13477,87,3456,18,548,24,346,12615,8757,8337,618,358,177,322,514,547,460,956,683,2114,7889,1411,1692,1493,2992,1274,2613,17094
237.0,11626.0,30.491525423728813,10782.0,26026.0,31782.0,148.0,260.0,286.0,21.5714285715,4.507692307692308,4.373076923076924,44247,93,37.6,4108.0,92850.0,4217.0,18295,82880,2938,6790,49,6238,879,3332,80949,51284,49891,4853,3374,4738,5516,1339,1747,2059,2858,5072,2901,53216,2498,1273,23929,8562,3606,17402,101175
0.0,0.0,86.0,1261.0,2277.0,2669.0,35.0,64.0,73.0,22.28571428607143,15.807692307692308,7.292592592592593,4270,0,40.4,215.0,9867.0,198.0,3542,6738,7,251,0,844,5,318,8855,5092,5188,338,208,152,80,435,413,327,388,360,1190,4621,476,815,913,1597,841,1546,10280
41.0,1256.0,71.25,3787.0,10705.0,12491.0,106.0,228.0,244.0,21.785714285714285,15.746153846153844,7.940740740740741,20497,18,38.2,2880.0,50111.0,997.0,9224,44764,293,8831,29,2792,82,870,41091,25172,28816,1325,884,746,987,2019,1627,1332,2179,2449,4508,23637,2444,4568,4090,8992,4930,10113,53988
0.0,0.0,84.27272727272727,498.0,1232.0,1670.0,40.0,88.0,94.0,22.71071428535714,19.107692307692307,12.262962962962964,2910,0,53.0,21.0,10323.0,126.0,490,9980,24,574,28,288,61,281,9214,5471,4999,257,162,139,160,574,239,454,380,390,1769,3651,883,870,657,1705,697,1686,10470
0.0,0.0,92.33333333333331,543.0,1053.0,1223.0,30.0,42.0,47.0,22.785714285714285,22.515384615384612,10.088888888888889,2630,0,48.8,257.0,7963.0,40.0,609,7651,9,1812,0,73,48,397,5921,4162,4098,315,74,33,47,324,421,407,165,468,1458,3331,547,929,477,1678,670,1119,8260
0.0,0.0,75.27272727272727,1060.0,5364.0,6764.0,33.0,100.0,110.0,21.935714285357143,17.507692307692306,8.929629629629629,9443,35,45.1,1021.0,27087.0,466.0,3859,24715,42,2686,12,1219,125,327,24163,14511,14063,930,342,729,271,1436,888,629,1056,779,3083,11647,2284,1683,1840,6049,2260,4242,28574
0.0,0.0,75.42857142857143,4072.0,11003.0,16349.0,145.0,336.0,365.0,21.72142857107143,14.96923076923077,9.51851851851852,26295,119,35.6,2056.0,63528.0,1385.0,38941,28028,580,1106,71,4640,139,1822,58611,33063,33906,1940,1414,1534,1037,2143,2142,1693,2199,2908,6412,29893,6508,5568,5179,11481,5118,11290,66969
0.0,0.0,78.6,801.0,1236.0,1480.0,23.0,35.0,40.0,22.567857143214287,19.1,22.405882352941177,2282,0,42.0,359.0,5595.0,50.0,1829,4175,7,90,0,435,0,590,4882,2962,3042,114,68,123,33,273,149,143,230,249,752,2507,230,365,428,1033,538,792,6004
0.0,0.0,90.0,233.0,520.0,672.0,6.0,9.0,9.0,22.49642857142857,26.93125,28.938297872340424,985,0,36.6,173.0,2520.0,205.0,1549,1349,0,45,25,41,1,1030,1756,1422,1476,72,70,38,0,111,55,22,116,158,394,1283,41,325,138,404,196,505,2898
0.0,0.0,84.0,2340.0,4960.0,5985.0,62.0,102.0,108.0,22.492857143214284,15.0,7.637037037037037,6272,50,36.5,552.0,15714.0,652.0,6948,9970,139,659,0,801,30,1187,14102,7568,9350,549,408,282,146,978,503,494,567,630,1558,6926,640,1253,1309,3006,1538,2808,16918
0.0,0.0,82.0,250.0,671.0,1118.0,4.0,12.0,12.0,22.496428571214285,27.2,33.49183673469388,1353,0,44.7,61.0,3186.0,44.0,385,2906,14,7,0,88,4,50,3128,1587,1704,60,53,77,40,177,181,77,175,155,372,1614,176,244,463,265,199,684,3291
0.0,0.0,90.36842105263158,1549.0,4366.0,5364.0,66.0,127.0,139.0,22.425,20.45384615384615,8.059259259259258,9103,7,38.3,1688.0,23211.0,364.0,4655,20608,113,4709,0,447,218,558,19218,12805,12458,813,337,227,276,1178,790,751,965,716,3433,10318,2293,2322,1585,3992,2745,3672,25263
0.0,0.0,83.0,199.0,493.0,436.0,12.0,16.0,16.0,22.78571428607143,26.15625,27.244,1364,26,40.3,419.0,2468.0,159.0,1327,1719,35,15,0,196,0,261,2539,1456,1590,87,73,39,71,159,84,131,61,157,208,1532,109,181,284,326,435,519,3046
966.0,51382.0,65.13333333333334,19028.0,45269.0,49524.0,445.0,947.0,1019.0,21.782142856785715,11.684615384615386,8.27037037037037,93815,423,36.9,12096.0,209268.0,8820.0,45319,184865,3773,39343,185,7538,837,5955,172553,119082,111102,6778,4684,4012,4464,6639,6836,6677,8614,10083,19022,110365,12859,10856,30117,26407,14376,42222,230184
16.0,221.0,52.71428571428572,1049.0,2103.0,2211.0,14.0,35.0,37.0,25.89666666633333,9.884615384615383,4.903846153846154,3296,0,42.8,169.0,8581.0,208.0,1627,7331,57,103,0,94,0,623,8081,4444,4514,500,73,312,200,133,217,231,263,374,842,3977,369,324,1297,1644,353,1271,8958
48.0,976.0,93.84444444444443,9020.0,19681.0,25343.0,286.0,360.0,390.0,22.07142857171429,26.746153846153845,14.185185185185183,19230,87,29.0,12022.0,46414.0,5596.0,63329,703,5,57,0,7251,42,3190,53487,32846,31186,776,407,296,364,2050,1419,803,1185,1026,7955,26547,11795,6138,3494,8180,10125,6614,64032
14.0,184.0,88.2,757.0,1816.0,2303.0,26.0,46.0,53.0,22.714285714285715,18.807692307692307,7.525925925925925,3146,0,39.5,223.0,8960.0,175.0,2266,7092,42,280,0,413,26,130,8467,4469,4889,218,164,42,126,297,434,368,232,337,1190,3824,496,595,725,1458,960,1368,9358
0.0,0.0,89.0,106.0,245.0,338.0,4.0,5.0,9.0,28.184375000375,25.51578947368421,14.859183673469389,548,0,34.4,128.0,1133.0,13.0,486,788,0,0,0,110,0,109,1055,643,631,35,32,44,11,40,75,60,19,22,67,601,84,38,124,314,71,118,1274
0.0,0.0,92.0,154.0,352.0,409.0,6.0,7.0,7.0,24.72413793137931,27.173684210526314,17.926,648,8,40.8,10.0,1391.0,11.0,341,1071,0,25,0,31,27,51,1278,746,666,57,6,24,10,47,31,33,51,105,165,720,119,78,63,277,98,154,1412
0.0,0.0,79.0,469.0,838.0,990.0,8.0,12.0,14.0,22.710714285714285,20.214285714285715,34.70681818181818,1568,0,37.7,326.0,3309.0,158.0,2586,1207,0,2,4,96,15,1529,2147,1805,1988,165,70,90,3,64,151,51,141,192,355,1840,156,502,360,653,327,490,3793
0.0,0.0,93.57142857142856,760.0,1931.0,2622.0,17.0,33.0,34.0,22.28928571392857,19.338461538461537,10.435714285714283,2403,0,37.0,753.0,6447.0,203.0,3287,4116,7,516,4,371,163,109,6233,3391,4012,126,36,59,35,357,344,158,140,249,1095,2977,488,577,498,1364,823,802,7403
4442.0,228275.0,52.22231473771857,245629.0,536397.0,636186.0,2891.0,5154.0,5580.0,21.575,9.815384615384614,4.788461538461538,921582,3443,34.6,194794.0,1744764.0,137595.0,602314,1474839,116114,345026,4114,125065,10194,159724,1316916,1061673,1015480,73729,50419,56234,59898,60977,56080,56382,77574,99224,131929,1093715,132326,58451,364443,259982,144356,332653,2077153
826.0,26917.0,73.69369369369369,15265.0,30325.0,42206.0,392.0,710.0,773.0,21.78928571392857,14.384615384615383,7.018518518518518,60735,329,32.6,5359.0,128250.0,3912.0,34104,103417,3263,10775,50,6389,941,12692,103411,70483,67038,4513,2746,2604,1853,4855,4753,4146,4992,6841,13093,70681,10201,7881,17472,19339,6138,21389,137521
26.0,461.0,88.0,1681.0,2480.0,2304.0,56.0,84.0,87.0,22.28571428535714,20.884615384615383,7.488888888888888,4680,0,34.5,991.0,11048.0,369.0,6884,5524,2,315,0,621,17,386,11067,5826,6582,215,214,237,71,709,413,176,370,494,1202,5396,1544,793,710,1833,1660,1754,12408
0.0,0.0,96.0,73.0,267.0,296.0,5.0,8.0,10.0,25.24137931037931,30.30555555555556,20.16,650,0,48.4,14.0,1466.0,20.0,181,1319,0,16,0,71,0,4,1409,809,691,37,28,18,27,92,42,49,49,111,260,732,55,132,181,192,90,219,1500
70.0,2843.0,82.0,3631.0,8478.0,10110.0,83.0,126.0,139.0,22.5,15.36923076923077,8.151851851851852,13605,47,34.2,4812.0,25969.0,1928.0,14265,18444,324,3008,0,1954,92,4303,23028,16596,16113,882,433,287,296,1027,990,1066,1360,1565,3158,15106,2884,2167,2295,5732,3198,4120,32709
571.0,19634.0,70.83673469387755,12686.0,30369.0,42596.0,265.0,458.0,486.0,21.789285714285715,11.13076923076923,7.511111111111112,50819,123,34.3,3888.0,111629.0,3128.0,48092,70553,1578,4989,25,8736,446,6697,96174,59396,59249,4664,1945,2203,1676,4669,3726,2871,5269,5275,10655,61340,6306,6659,14832,17028,7163,18812,118645
2416.0,121557.0,29.00935828877005,76855.0,219497.0,320501.0,956.0,1688.0,1848.0,21.571428571250003,9.215384615384616,4.1269230769230765,548792,1809,34.5,131921.0,1037711.0,81252.0,420236,830648,85106,103692,704,83767,7729,103055,866831,619098,631786,52310,39818,45031,61768,33495,34675,34170,45679,64143,80442,737101,51235,32438,389224,112922,69991,170743,1250884
0.0,0.0,85.82352941176471,680.0,2448.0,3264.0,25.0,72.0,81.0,22.396428571285718,18.207692307692305,8.796296296296296,4770,14,50.0,498.0,14056.0,135.0,1535,13154,16,1269,0,490,23,349,12542,7404,7285,413,223,372,144,671,621,528,581,486,2066,5656,1398,1415,926,2449,1069,2366,14689
25.0,270.0,86.82352941176471,1207.0,3372.0,5533.0,40.0,83.0,91.0,22.321428571428573,16.323076923076922,9.985185185185186,5649,12,42.6,463.0,20845.0,216.0,1720,19804,91,2255,0,774,25,396,17983,9818,11706,694,348,163,180,809,624,642,635,761,2253,7302,1847,1708,1497,4597,1961,2494,21524
0.0,0.0,67.0625,3170.0,7673.0,8925.0,70.0,178.0,196.0,21.792857143214285,13.276923076923076,7.981481481481482,15193,26,41.2,788.0,40106.0,492.0,3601,37785,165,3340,0,1455,155,1070,35201,21023,20363,1233,1076,664,521,1367,1254,1056,1558,1666,3997,18214,2804,2144,3461,7411,2645,7082,41386
0.0,0.0,86.66666666666667,375.0,827.0,991.0,9.0,18.0,19.0,22.5,21.085714285714285,35.689795918367345,1448,6,38.9,216.0,3313.0,122.0,1980,1671,31,258,0,66,14,1603,1679,1849,1802,142,33,53,27,123,119,140,177,215,315,1576,76,400,222,791,258,534,3651
0.0,0.0,84.23809523809524,3466.0,10543.0,11374.0,69.0,139.0,152.0,22.289285714285715,21.0,8.344444444444445,10474,139,33.8,1934.0,24098.0,867.0,19334,7565,222,161,25,1162,128,1261,23940,13814,13085,626,128,437,269,784,823,757,972,918,3207,12124,3681,2298,2647,3638,2317,3645,26899
47.0,1961.0,77.72972972972973,7736.0,14256.0,15341.0,219.0,292.0,313.0,22.353571428571428,19.192307692307693,8.866666666666667,19339,91,32.2,5923.0,37558.0,5537.0,40299,8719,346,656,5,3866,155,2682,41308,24063,24955,1149,966,751,323,1695,1129,1282,1676,1781,5636,22315,4643,4786,4615,6006,5450,6637,49018
0.0,0.0,68.41025641025641,4021.0,10343.0,11460.0,112.0,275.0,300.0,22.14642857178572,13.192307692307692,8.137037037037036,20017,19,42.3,1111.0,53978.0,881.0,6325,49645,234,1608,6,1318,427,700,51677,28733,27237,1703,1355,878,1123,1595,1826,1728,2146,2652,5488,23546,3585,3628,4208,8827,3795,10603,55970
615.0,14683.0,70.5072463768116,7981.0,18423.0,25102.0,191.0,405.0,429.0,21.78214285714285,14.246153846153844,7.762962962962963,37956,62,35.9,3544.0,85682.0,2818.0,43528,48516,1084,5456,93,6712,323,2805,75571,46900,45144,3285,1718,2045,1540,2848,2662,2606,3266,4145,8405,44522,6258,6388,8656,14169,6543,16158,92044
100.0,3548.0,72.9,8463.0,18323.0,24612.0,123.0,210.0,216.0,21.92142857107143,17.484615384615385,7.559259259259259,22902,0,35.3,4465.0,66672.0,1158.0,13066,59229,923,16686,182,2598,183,627,51096,30026,42269,1442,797,645,497,2339,3055,1439,1709,2352,8240,27162,2093,3271,6385,15757,5313,9934,72295
0.0,0.0,55.0,3584.0,9369.0,11600.0,45.0,102.0,112.0,21.571428571428573,11.523076923076925,8.696296296296296,21304,141,29.5,4704.0,46506.0,2416.0,16312,37314,657,13070,20,1885,378,8270,29346,26968,26658,1379,983,1221,1198,1996,1236,1262,1491,1863,2957,25415,3381,3138,5650,7423,3327,7063,53626
0.0,0.0,78.4,1128.0,2804.0,3315.0,22.0,43.0,50.0,22.28928571392857,14.330769230769231,8.403703703703703,4795,0,34.3,443.0,10929.0,373.0,6372,5373,64,567,0,354,171,556,10033,5840,5905,423,159,230,130,368,363,251,370,833,973,5454,735,890,587,2245,970,1970,11745
55.0,1194.0,53.75,3708.0,9006.0,10650.0,86.0,146.0,157.0,22.071428571428573,13.823076923076922,8.12962962962963,14120,36,42.0,1499.0,33057.0,719.0,5752,29523,582,6072,0,1114,64,482,26961,18145,17130,1119,702,618,1024,1149,1090,1131,1532,1624,3332,16711,1428,2818,4173,5357,1755,4734,35275
497.0,20898.0,78.2816091954023,42866.0,92596.0,106804.0,775.0,1014.0,1082.0,21.74285714285714,18.692307692307693,8.125925925925927,101161,405,28.9,49159.0,204730.0,20958.0,262499,12348,1404,1278,21,40115,483,8255,223291,140040,134807,6507,3773,2589,2648,7115,5931,6541,7570,8793,24915,118268,39578,18733,25244,33393,35557,33070,274847
26.0,1012.0,71.68571428571428,3812.0,8907.0,11842.0,112.0,208.0,230.0,21.92500000035714,15.2,7.981481481481482,17091,102,37.3,2824.0,37722.0,1126.0,17424,24248,165,5515,0,2429,36,1957,31570,21092,20580,1461,869,916,374,1275,1447,1035,1555,1596,4720,19105,2644,3073,3523,5780,3509,6990,41672
0.0,0.0,87.0,481.0,1160.0,1291.0,10.0,22.0,24.0,22.78214285714285,15.776923076923076,22.28235294117647,2288,0,40.6,307.0,4803.0,77.0,1339,3848,17,142,0,198,18,142,4670,2479,2708,124,85,95,63,193,282,159,171,296,592,2603,464,419,357,721,506,911,5187
285.0,14074.0,81.01834862385321,14673.0,29329.0,40895.0,367.0,658.0,751.0,21.785714285714285,12.76923076923077,7.562962962962962,52338,122,34.6,4780.0,124217.0,3157.0,25823,106331,2944,13481,149,6874,1300,4860,102546,63621,68533,3884,2136,1726,1450,5486,4333,4090,4954,5908,14571,65629,8388,7797,15174,20721,7188,22182,132154
28.0,829.0,93.0,1877.0,3438.0,4162.0,55.0,86.0,93.0,22.214285714285715,14.615384615384617,7.233333333333333,5802,2,39.2,426.0,12147.0,144.0,3777,8940,140,1242,0,1029,180,748,9378,6532,6185,463,178,142,34,546,533,367,462,618,1665,6556,1342,1103,904,2100,1461,2125,12717
0.0,0.0,95.71428571428572,2475.0,6878.0,8982.0,85.0,125.0,137.0,22.2214285715,27.26153846153846,12.274074074074074,7673,11,33.4,1505.0,18652.0,1262.0,18888,2531,0,183,0,2290,164,325,18457,9617,11802,397,87,147,81,814,391,460,511,733,2261,9395,2303,1581,865,4517,2498,2643,21419
759.0,39109.0,34.875389408099686,41588.0,130239.0,170719.0,436.0,856.0,942.0,21.56785714296429,4.992307692307692,4.1923076923076925,244798,833,36.6,40753.0,496187.0,33497.0,140449,429988,40526,36524,712,41608,1948,17282,431837,289410,281027,22965,19560,21998,20235,11036,12873,12951,18699,26695,21101,306403,17396,8584,132054,61152,18866,97980,570437
44.0,708.0,51.12903225806452,4213.0,10741.0,12507.0,65.0,155.0,167.0,21.564285714642857,8.523076923076925,4.25,20281,11,39.9,1193.0,48109.0,808.0,20072,30038,253,614,30,3381,188,1274,44370,25055,25055,2067,1655,1379,1270,1283,1034,1021,1452,2097,2717,24117,2767,1855,6433,9050,2221,8340,50110
0.0,0.0,81.11111111111111,724.0,1835.0,2205.0,21.0,34.0,36.0,22.28928571410714,15.115384615384617,8.937037037037037,3253,11,34.1,704.0,6620.0,498.0,4809,3013,0,295,2,893,132,214,6286,3779,4043,327,186,140,79,133,277,116,335,379,646,3567,309,461,331,1159,1021,1119,7822
116.0,4767.0,53.69230769230769,7033.0,16788.0,19537.0,118.0,262.0,285.0,21.57499999964286,8.846153846153847,4.707692307692308,28800,220,38.6,3695.0,62667.0,1522.0,13295,54589,276,914,151,1847,439,1819,62438,33761,34123,2445,1618,1782,1370,1651,1856,2094,2051,3235,4152,33386,3731,3490,6742,11971,4527,12161,67884
0.0,0.0,70.71428571428571,3282.0,7979.0,8324.0,124.0,280.0,308.0,22.28214285714285,14.792307692307691,8.503703703703705,14879,75,48.3,1288.0,43198.0,568.0,4610,40444,274,2216,41,1066,420,1257,39780,22728,22326,1439,823,816,717,1593,1332,1500,1697,2352,4447,17594,2773,2799,3317,6854,3477,7076,45054
0.0,0.0,63.833333333333336,863.0,1090.0,1219.0,26.0,41.0,43.0,22.564285714285717,14.092307692307692,8.488888888888889,3166,0,30.5,1257.0,6986.0,369.0,5766,2846,27,13,0,771,108,402,7291,4155,4457,256,120,251,218,99,210,208,470,192,577,3707,340,421,520,1286,1166,1181,8612
25.0,316.0,76.5,2119.0,3887.0,4459.0,44.0,89.0,103.0,22.499999999642856,15.184615384615386,7.733333333333333,7338,0,40.8,716.0,16870.0,375.0,3411,14550,44,329,0,267,178,256,16887,9251,8710,719,338,488,203,892,680,469,671,1012,2019,8400,1039,1188,2314,2517,1213,2719,17961
0.0,0.0,89.78571428571429,1745.0,3660.0,4403.0,36.0,52.0,57.0,22.25,28.07692307692308,9.11111111111111,4523,0,30.0,2406.0,10899.0,938.0,13467,776,171,0,0,1867,0,761,11444,7248,6995,270,87,113,153,638,311,103,535,386,2093,5601,2668,1772,726,1964,1983,1415,14243
0.0,0.0,93.22222222222224,1826.0,4026.0,4378.0,41.0,67.0,70.0,22.57142857175,25.930769230769236,13.074074074074074,4271,24,32.8,378.0,11263.0,289.0,11200,730,39,80,0,1386,0,344,10081,5630,6300,118,89,23,42,491,354,285,595,338,1339,5129,2149,1132,700,2025,1014,1590,11930
0.0,0.0,55.0,695.0,754.0,754.0,6.0,7.0,7.0,22.678571428142856,10.492307692307692,21.28181818181818,2531,0,32.8,301.0,6099.0,194.0,790,5804,20,0,0,168,75,235,6096,3078,3516,198,125,102,36,124,181,216,352,476,403,2977,78,444,701,828,246,1129,6594
54.0,1277.0,48.38095238095238,4900.0,14026.0,16067.0,46.0,121.0,136.0,21.889285714107142,6.4,7.151851851851852,21898,61,32.9,754.0,53233.0,966.0,5231,49722,453,291,87,1627,507,1155,50833,26928,28025,1893,1020,960,591,1782,1682,1714,2337,2865,2967,25409,2283,1535,6116,7783,1749,10031,54953
160.0,6711.0,45.93589743589744,15063.0,36961.0,41683.0,38.0,104.0,134.0,21.78571428589285,7.230769230769231,6.285185185185185,51237,236,25.4,5291.0,118279.0,2766.0,13503,112833,2497,870,505,4220,473,4084,113687,62994,63342,3734,1983,1895,1609,3806,3794,3354,4537,6163,8706,63517,6140,2346,20103,10082,3447,18617,126336
39.0,1678.0,72.66666666666667,1526.0,5174.0,5353.0,12.0,44.0,46.0,22.50000000025,13.684615384615386,7.611111111111111,7451,18,37.9,344.0,19896.0,161.0,2741,17660,7,259,103,711,313,459,18549,10168,10233,564,326,228,109,644,637,790,976,954,2574,9015,1276,1214,1529,2832,666,4707,20401
0.0,0.0,60.0,37.0,37.0,37.0,0.0,0.0,0.0,28.16944444458333,20.568181818181817,14.014,147,0,38.9,0.0,590.0,0.0,14,576,0,1,0,0,2,11,576,265,325,46,10,19,0,15,17,12,19,9,22,290,0,9,44,133,15,122,590
328.0,10986.0,31.28125,35247.0,99864.0,120040.0,141.0,382.0,453.0,21.710714285714285,4.723076923076923,3.615384615384616,148342,630,31.3,8134.0,332303.0,10324.0,34780,315981,6038,4471,2615,16554,1600,6749,312734,173597,177164,14854,10279,10956,8390,5436,8275,7573,11571,18397,11373,176546,10564,5809,66217,35273,6999,61994,350761
33.0,1396.0,57.41666666666666,1217.0,1217.0,1217.0,9.0,9.0,9.0,22.428571428571427,12.4,8.088888888888889,6676,13,31.9,351.0,19317.0,282.0,1643,18307,66,38,69,457,856,669,17795,9870,10080,700,374,338,223,714,615,560,839,1139,1536,8578,1522,838,1274,3560,1059,3482,19950
0.0,0.0,71.55555555555556,846.0,2460.0,2522.0,9.0,27.0,28.0,22.717857143107143,11.953846153846154,8.15925925925926,3570,25,37.2,181.0,9854.0,64.0,632,9467,104,7,27,81,68,0,9812,4940,5159,428,181,171,23,278,375,436,365,608,867,4191,569,640,713,1319,308,2299,10099
0.0,0.0,61.2,454.0,466.0,466.0,9.0,10.0,10.0,22.864285714392857,16.3,10.1,1696,2,42.0,120.0,4858.0,22.0,309,4691,3,7,11,40,215,86,4638,2429,2571,96,78,65,33,227,153,78,267,254,600,2217,132,295,606,755,157,840,5000
0.0,0.0,45.0,690.0,2258.0,2442.0,3.0,6.0,6.0,22.71428571425,12.784615384615384,8.692592592592591,4547,0,40.8,484.0,8932.0,282.0,997,8701,186,41,41,271,208,17,8934,4797,4901,223,400,114,75,435,439,275,796,539,1146,5728,329,279,1518,1589,295,1919,9698
48.0,2322.0,51.30555555555556,5100.0,5374.0,5374.0,32.0,32.0,32.0,22.071428571250003,10.846153846153848,7.177777777777778,20444,27,29.3,1157.0,50997.0,994.0,4814,48334,502,337,137,1711,996,1236,48229,26738,26410,1469,778,569,379,1810,1916,1448,2136,2296,4580,24882,3199,1724,6519,5332,1483,9735,53148
0.0,0.0,41.77777777777778,1226.0,2880.0,2896.0,11.0,24.0,26.0,21.717857142892857,7.446153846153846,7.866666666666667,4408,83,30.1,168.0,11288.0,167.0,635,10988,16,44,21,279,161,259,10843,5687,5936,349,253,221,124,358,366,270,306,643,588,5266,320,503,1029,1929,350,1818,11623
0.0,0.0,49.57142857142857,594.0,647.0,647.0,4.0,5.0,5.0,22.285714285464284,9.53076923076923,7.292592592592593,2729,0,42.0,26.0,7566.0,66.0,370,7288,124,15,12,39,253,79,7136,3763,3895,211,145,159,87,411,324,150,253,400,707,3453,137,334,1230,944,408,1262,7658
0.0,0.0,59.54545454545455,1375.0,3253.0,3274.0,11.0,36.0,36.0,22.71428571392857,11.146153846153847,7.037037037037037,4875,83,34.5,504.0,12167.0,292.0,1643,11320,168,43,9,332,145,822,11444,6335,6628,362,260,223,125,352,423,396,680,656,816,5750,702,570,1197,1873,720,1939,12963
0.0,0.0,19.5,1141.0,2780.0,2983.0,11.0,13.0,16.0,21.714285714321427,9.87857142857143,3.5307692307692307,4387,44,32.6,104.0,11748.0,98.0,346,11604,24,95,29,247,16,165,11374,5804,6146,475,416,422,437,113,294,239,357,511,170,5009,303,109,2092,996,103,2080,11950
0.0,0.0,70.0,98.0,303.0,304.0,2.0,7.0,8.0,31.037500000312495,28.59444444444445,19.68,495,0,53.4,16.0,1853.0,1.0,61,1809,0,4,0,11,4,48,1803,914,956,30,25,11,5,35,57,24,47,54,302,583,31,121,191,250,55,233,1870
0.0,0.0,51.0,136.0,341.0,384.0,0.0,3.0,3.0,27.935483871032257,24.072222222222223,23.222,763,3,33.0,113.0,2298.0,4.0,231,2184,0,0,0,47,0,163,2205,1191,1224,43,10,44,33,23,88,21,101,139,139,904,62,22,217,206,61,502,2415
2620.0,108708.0,31.76278409090909,140455.0,340102.0,410508.0,785.0,1576.0,1830.0,21.639285714607144,6.392307692307692,3.773076923076923,495260,2024,33.0,88298.0,1000019.0,57898.0,211869,934346,47202,22339,17834,54038,9056,106779,888967,570761,575454,44206,30968,33099,32494,26954,28837,28680,43215,56989,57882,624529,40438,22228,221691,130666,52073,197905,1146215
0.0,0.0,72.54545454545455,1823.0,3956.0,5149.0,36.0,47.0,53.0,22.639285714285712,22.76153846153846,9.411111111111111,4757,16,32.6,100.0,15166.0,29.0,900,14395,91,42,43,525,7017,57,7520,7705,7590,327,218,128,72,401,433,371,556,603,1468,6479,1379,1698,1143,2355,773,2764,15295
0.0,0.0,54.78947368421053,3573.0,8299.0,8370.0,19.0,59.0,64.0,22.285714286,9.946153846153846,7.548148148148148,10444,34,33.2,1103.0,28814.0,504.0,2898,27523,239,201,189,552,318,2309,26613,14344,16077,828,451,374,198,1039,933,855,968,1250,1991,13199,1695,926,2668,4454,1257,5631,30421
24.0,832.0,61.35294117647059,2062.0,5420.0,5446.0,12.0,31.0,33.0,22.710714285821428,10.5,7.803703703703703,7670,20,35.8,231.0,21062.0,182.0,1116,20359,64,139,59,269,252,420,20272,10345,11130,715,307,304,138,600,827,874,781,1104,1837,9552,1521,855,2140,3039,905,3889,21475
37.0,1528.0,12.114285714285714,5083.0,13383.0,15979.0,10.0,23.0,29.0,21.81785714292857,4.676923076923076,4.007692307692308,17006,6,40.2,2420.0,37668.0,1592.0,4650,37030,715,272,2,1546,172,807,38166,20330,21350,1671,1141,1531,3333,704,709,718,1301,1820,1546,23459,353,641,12625,3680,1237,5186,41680
36.0,1806.0,43.1578947368421,6643.0,21272.0,25075.0,38.0,93.0,115.0,21.646428571357145,4.384615384615385,4.203846153846154,28935,336,31.6,1482.0,66894.0,1364.0,8834,60906,498,486,457,3505,367,2820,61607,34638,35102,2718,2339,1343,1028,1524,1661,1690,2631,3502,2711,34856,2873,1320,8104,10770,2776,12742,69740
39.0,1524.0,56.78260869565217,1757.0,1757.0,1757.0,18.0,18.0,18.0,22.49642857142857,11.653846153846152,7.944444444444445,12853,80,31.1,432.0,34853.0,451.0,3025,32711,277,181,27,1303,2491,455,31002,17746,17990,1262,609,373,390,975,1043,815,1118,1585,2569,15401,2435,1310,2754,6319,2077,5941,35736
739.0,33704.0,30.71144278606965,91127.0,201050.0,226280.0,343.0,757.0,881.0,21.72499999992857,5.253846153846154,3.657692307692308,236353,707,25.0,26550.0,576432.0,18524.0,74069,547437,8810,3861,5267,27129,3470,12940,560029,307322,314184,20577,14125,14232,12247,12391,12931,13054,19089,27447,25806,304401,21989,6225,108761,42378,12479,98973,621506
0.0,0.0,19.19047619047619,4383.0,10651.0,12224.0,20.0,33.0,38.0,22.167857142642852,5.423076923076923,4.311538461538461,14131,64,34.3,1299.0,30493.0,1261.0,4492,28561,342,221,5,1421,120,640,30304,16212,16841,1178,1054,935,1269,652,993,586,1257,1425,1156,16731,568,532,7166,3067,744,5132,33053
284.0,16606.0,36.795698924731184,20368.0,20522.0,20522.0,185.0,204.0,204.0,21.78571428575,7.323076923076924,7.262962962962963,61723,209,37.7,5348.0,162829.0,3950.0,18297,153830,1562,1202,1201,4634,2347,6379,154802,87163,84964,6350,3294,3355,3089,5014,6016,5590,6615,8182,12194,74778,7192,5509,20220,17149,5345,32379,172127
0.0,0.0,51.0,122.0,439.0,443.0,0.0,0.0,0.0,24.75172413775862,27.522222222222226,30.225,824,8,42.0,116.0,2542.0,40.0,167,2531,4,2,22,24,17,4,2625,1307,1391,71,49,23,21,116,102,66,76,180,291,1174,180,149,290,266,112,567,2698
496.0,22343.0,44.77575757575757,26931.0,70714.0,85825.0,177.0,407.0,487.0,21.717857143178573,7.238461538461538,7.622222222222223,110422,333,32.9,9408.0,238651.0,7225.0,47010,208274,3178,2590,678,11910,1703,10939,224286,126918,128366,10265,5976,5630,3495,6308,7300,6838,10888,14773,13732,131588,11138,6040,32634,38275,10873,47278,255284
0.0,0.0,40.0,821.0,5319.0,6940.0,8.0,15.0,33.0,22.289285714535712,7.961538461538462,3.684615384615384,15471,4,43.7,1012.0,35140.0,795.0,885,36062,742,457,18,912,135,160,34523,18596,18351,1685,1193,1000,899,1158,1226,1039,1543,2174,2783,20890,941,1677,7399,5547,964,4359,36947
57.0,3149.0,50.77142857142857,1522.0,9365.0,12193.0,9.0,65.0,94.0,22.214285714142857,11.684615384615386,7.592592592592593,13481,30,46.3,413.0,34626.0,610.0,753,34896,321,309,46,794,138,160,33881,18331,17318,1325,839,878,825,1235,1377,1122,1412,1881,3691,17725,1631,1626,6327,4860,1285,4904,35649
0.0,0.0,61.57692307692308,493.0,5443.0,6524.0,5.0,24.0,41.0,22.56785714292857,11.761538461538462,7.6,12601,11,45.0,258.0,29374.0,395.0,517,29510,141,232,0,816,50,221,28567,14897,15130,1062,520,488,502,1382,1206,984,1222,1793,3459,15638,1302,1980,4687,5284,962,4362,30027
481.0,19703.0,32.5607476635514,5189.0,30113.0,39572.0,91.0,159.0,230.0,21.78571428557143,6.607692307692308,3.1115384615384616,70369,67,36.5,6696.0,149159.0,7559.0,3956,159458,6173,4326,56,5603,266,885,146105,83009,80405,7099,5595,5313,6477,4844,4781,4654,6099,9236,12380,95746,4048,4973,45987,14076,4058,19502,163414
0.0,0.0,75.16666666666667,172.0,1219.0,1461.0,1.0,3.0,4.0,22.639285714285712,18.87857142857143,13.327586206896552,2447,4,51.4,41.0,6011.0,127.0,86,6093,27,46,0,147,4,17,5938,3086,3093,179,89,76,55,342,292,298,272,381,898,2948,375,572,594,1407,287,844,6179
53.0,2130.0,50.94594594594594,1394.0,9300.0,11672.0,36.0,66.0,86.0,21.78928571417857,7.8076923076923075,7.177777777777778,22502,103,40.5,380.0,47981.0,914.0,818,48457,363,188,0,1564,318,311,46531,24773,24502,2287,1248,1051,764,1644,1468,1575,2036,2902,4070,26490,1877,2563,7516,9526,2078,7428,49275
0.0,0.0,35.5,130.0,1004.0,1292.0,0.0,5.0,8.0,21.78214285721429,12.5,4.438461538461539,3015,1,48.7,54.0,6781.0,240.0,144,6931,38,63,0,244,108,7,6615,3507,3568,292,373,308,178,199,247,213,265,426,475,3732,185,271,1632,1113,231,915,7075
0.0,0.0,47.93333333333333,535.0,3754.0,4351.0,2.0,17.0,28.0,22.49999999957143,9.207692307692309,7.955555555555556,11943,20,40.4,537.0,24529.0,310.0,481,24895,66,283,0,664,155,99,24109,12681,12695,908,829,732,640,841,1096,818,1221,1357,2328,14495,1251,1033,5281,3377,993,3812,25376
0.0,0.0,51.54166666666666,527.0,4809.0,5124.0,3.0,14.0,17.0,22.64285714317857,10.53076923076923,7.477777777777778,12697,55,46.7,183.0,28317.0,373.0,398,28475,102,121,24,679,88,81,27778,14464,14409,1349,710,737,443,1197,1060,1243,1504,1868,2559,16100,1163,1831,4701,5386,993,4131,28873
0.0,0.0,64.57692307692308,617.0,6073.0,7152.0,7.0,37.0,49.0,22.71785714267857,13.107692307692307,8.540740740740741,11380,54,46.1,424.0,25783.0,636.0,407,26436,51,202,7,608,143,74,25758,13388,13455,1088,573,463,400,1214,993,980,1248,1495,3224,13701,1514,1727,3301,5218,1099,3908,26843
142.0,6203.0,59.0,1392.0,12239.0,17030.0,12.0,71.0,98.0,22.217857143178573,10.184615384615386,7.32962962962963,25639,15,47.0,488.0,57139.0,900.0,903,57624,491,410,0,1304,183,96,56043,29597,28930,2282,1366,1287,820,2479,2085,2023,2813,3448,6746,30504,2132,3686,9651,9875,1614,8678,58527
88.0,3485.0,46.84905660377358,1492.0,9370.0,14223.0,14.0,46.0,80.0,22.075000000035715,7.592307692307693,3.753846153846154,25325,18,43.7,508.0,56682.0,1146.0,1147,57189,556,457,42,1442,80,193,55566,29527,28809,2504,1514,1468,1375,2084,2014,1944,3141,3763,5503,32447,2316,2869,13534,7597,1790,7387,58336
47.0,1375.0,51.77777777777778,997.0,6530.0,8915.0,13.0,34.0,53.0,22.42500000032143,11.061538461538465,7.333333333333333,16414,33,47.2,644.0,41262.0,722.0,1027,41601,516,493,12,1207,105,110,40185,21897,20731,1600,969,896,964,2018,1558,1576,1873,2359,5349,22905,2264,2219,8388,6688,1454,5540,42628
0.0,0.0,49.114754098360656,1082.0,8448.0,11724.0,10.0,50.0,68.0,22.500000000071427,8.976923076923077,6.955555555555556,23586,2,48.0,1027.0,53088.0,1076.0,996,54195,539,377,0,1151,100,263,52761,28146,27045,2110,1391,1417,1470,2063,1828,2262,2700,3488,5900,28919,2012,2746,11120,8192,1410,7965,55191
52.0,2435.0,65.2258064516129,2630.0,6922.0,9119.0,35.0,103.0,119.0,22.49642857142857,17.46923076923077,7.314814814814815,11656,2,45.8,1943.0,29835.0,782.0,2880,29680,244,9390,0,951,48,154,21773,16620,15940,958,343,573,390,1644,1231,1212,1291,1667,4332,14365,1868,3225,2870,6218,2487,4583,32560
150.0,7692.0,26.85,4988.0,15744.0,25415.0,74.0,145.0,208.0,21.78928571432143,6.1,3.4615384615384617,42888,44,39.4,6044.0,97592.0,5183.0,6272,102547,5981,10005,48,3610,315,989,87871,56941,51878,4220,3439,4409,5592,3055,2972,2828,3834,5552,6480,55328,2348,3970,32319,7410,3486,10406,108819
110.0,1399.0,79.46666666666667,1260.0,3565.0,4561.0,48.0,94.0,111.0,22.285714285714285,13.753846153846156,7.303703703703703,5623,4,48.0,95.0,14844.0,91.0,231,14799,10,790,0,241,0,64,13925,7655,7375,566,308,234,149,646,593,535,581,788,2129,6413,809,1619,1029,3153,584,2755,15030
0.0,0.0,49.333333333333336,788.0,2585.0,3582.0,22.0,58.0,64.0,21.564285714285717,8.823076923076922,6.851851851851852,5724,0,45.0,106.0,12791.0,73.0,408,12562,1,2876,0,304,0,0,9789,6428,6542,447,341,407,195,431,430,427,606,672,1078,6727,997,1095,1378,2801,830,1735,12970
0.0,0.0,64.9090909090909,2725.0,7041.0,9634.0,36.0,84.0,111.0,21.746428571785717,11.353846153846153,6.922222222222222,13689,10,44.9,222.0,31199.0,361.0,787,30995,209,5758,12,1027,243,203,24330,16495,15287,1247,692,552,415,1310,1068,881,1175,1743,3078,15876,1496,2639,3686,6124,1616,4846,31782
0.0,0.0,67.33333333333333,1439.0,3697.0,5018.0,23.0,51.0,62.0,21.749999999642856,10.684615384615386,7.311111111111111,6548,0,42.7,174.0,15570.0,70.0,286,15528,31,3013,0,322,6,57,12385,8182,7632,521,257,250,229,701,452,492,548,1071,1637,7516,792,1404,1990,2885,706,2461,15814
433.0,22838.0,9.784615384615384,13501.0,40449.0,66715.0,240.0,318.0,369.0,21.57499999985714,6.4,2.6500000000000004,79963,271,34.8,26379.0,182989.0,27066.0,36492,199942,24468,21801,288,13710,854,12063,163250,118040,118394,10769,10817,16103,26370,3623,4341,4582,7847,12986,11166,156185,2906,6199,117053,9912,6922,15262,236434
252.0,8969.0,49.320754716981135,5258.0,18852.0,24503.0,70.0,203.0,239.0,21.92857142892857,8.023076923076923,6.7407407407407405,32871,46,45.1,946.0,74011.0,797.0,2273,73481,420,3216,87,1543,196,599,69693,37231,38523,3127,1736,1481,894,2491,2658,2538,3638,5213,6389,37021,2235,5261,8925,16486,3737,10670,75754
0.0,0.0,62.0,247.0,884.0,1082.0,11.0,19.0,21.0,22.64642857142857,23.3125,18.57272727272727,1799,15,48.9,75.0,4161.0,12.0,33,4215,16,202,0,89,8,15,3918,2014,2234,80,197,69,98,59,195,106,344,117,566,2068,197,431,394,913,144,778,4248
144.0,1397.0,50.89090909090909,5871.0,16626.0,22201.0,86.0,221.0,285.0,21.753571428678573,8.169230769230769,6.903703703703703,33445,61,46.6,963.0,76743.0,1259.0,1872,77093,985,5253,17,2135,43,519,70013,40170,38795,3218,2092,1844,1800,3026,2588,2384,3742,5001,5729,38106,2509,5265,13090,11897,2648,12747,78965
0.0,0.0,80.4,624.0,1750.0,2404.0,10.0,20.0,25.0,23.20344827586207,17.52857142857143,17.516129032258064,2197,0,46.1,9.0,6317.0,8.0,49,6285,13,250,0,93,0,11,5967,2764,3570,148,95,89,43,237,324,245,130,427,588,2384,380,802,503,1605,264,1129,6334
0.0,0.0,47.69230769230769,2290.0,7326.0,9990.0,33.0,94.0,118.0,21.717857142892857,5.7846153846153845,6.874074074074074,14547,14,47.4,244.0,32741.0,455.0,601,32839,219,955,0,686,41,136,31403,16964,16476,1822,993,891,874,1020,997,1596,1150,1782,2046,16750,818,1906,4924,5725,691,5821,33440
0.0,0.0,80.78571428571429,1219.0,3133.0,4091.0,20.0,45.0,54.0,22.139285714285712,20.553846153846152,8.466666666666667,5662,14,44.6,239.0,16072.0,25.0,391,15945,26,8885,0,459,9,234,6723,7508,8828,350,185,220,206,394,703,545,553,739,2243,6804,1181,1604,1170,3403,1787,2468,16336
49.0,853.0,95.1304347826087,1323.0,4783.0,6192.0,36.0,104.0,150.0,22.785714285857143,23.207692307692305,8.829629629629629,5646,11,47.6,213.0,21028.0,133.0,170,21204,57,538,0,184,166,166,20263,10744,10630,412,139,58,142,917,859,759,592,716,3676,6784,1778,2474,1316,4551,2441,3118,21374
0.0,0.0,75.63636363636364,2049.0,3789.0,4981.0,29.0,55.0,62.0,22.139285714642856,14.992307692307692,7.548148148148148,5883,0,42.9,127.0,16841.0,119.0,418,16669,13,5563,0,506,162,346,10497,7806,9281,283,441,169,76,630,627,513,615,796,1798,7025,1032,1670,1159,4493,1409,2543,17087
0.0,0.0,69.4,4105.0,11500.0,17713.0,76.0,193.0,237.0,21.760714285714283,10.13076923076923,6.725925925925925,24104,10,43.1,1161.0,53714.0,531.0,1505,53901,530,7796,10,1888,112,273,44797,28559,26847,2059,977,1043,455,2217,2440,1974,2841,2865,6286,27112,2260,4327,7224,9669,2479,9476,55406
0.0,0.0,47.22222222222222,1866.0,6768.0,9041.0,30.0,79.0,95.0,21.575,9.746153846153849,7.848148148148148,14005,8,39.5,537.0,29583.0,461.0,1541,29040,177,8121,0,1288,109,968,19918,15480,15101,1233,656,733,778,1083,985,1036,1297,1575,1602,16601,1451,2075,3570,6059,1343,4726,30581
0.0,0.0,83.8,2154.0,6587.0,9791.0,67.0,137.0,177.0,22.42857142892857,16.184615384615384,8.177777777777779,11707,0,48.3,383.0,29289.0,239.0,1119,28792,0,193,5,443,119,125,29026,14829,15082,829,387,105,155,1440,1214,1086,1259,1533,4126,13235,1566,3084,2301,5760,2412,4778,29911
0.0,0.0,60.0,416.0,1143.0,1715.0,13.0,27.0,31.0,21.571428571428573,16.285714285714285,10.6,2920,0,51.3,95.0,6811.0,59.0,135,6830,70,3069,0,325,419,15,3067,3541,3424,287,183,99,109,210,261,267,240,583,759,3436,254,838,640,1478,548,1063,6965
0.0,0.0,78.3,759.0,2398.0,3431.0,15.0,45.0,50.0,22.50357142857143,17.861538461538462,8.085185185185185,4000,0,46.1,43.0,11886.0,24.0,274,11679,43,3321,0,169,30,26,8364,5945,6008,345,206,118,113,618,341,390,558,398,1749,5133,1216,1443,770,2224,656,2085,11953
133.0,9364.0,40.95522388059702,24137.0,71383.0,100129.0,366.0,735.0,875.0,21.567857142464284,6.1692307692307695,3.792307692307692,157544,275,39.0,14848.0,318854.0,14798.0,31718,316782,11894,80140,128,14341,844,13275,227878,180712,167788,16805,10706,12979,12033,8157,9007,10739,12714,18126,15964,187825,10719,8771,75980,39846,12567,54709,348500
0.0,0.0,23.363636363636363,798.0,2602.0,3513.0,19.0,40.0,56.0,21.578571428642856,12.007142857142856,3.380769230769231,6273,0,48.1,313.0,13748.0,437.0,842,13656,223,727,0,353,0,256,12939,7242,7256,695,619,709,580,385,384,381,435,626,876,7463,270,847,2784,1997,512,2249,14498
0.0,0.0,68.0,247.0,1109.0,1451.0,6.0,15.0,25.0,23.44827586275862,15.65,23.31714285714286,2192,0,47.9,0.0,5087.0,16.0,1,5102,0,3,0,88,0,0,5012,2658,2445,306,31,157,23,282,193,163,95,418,551,2408,337,395,497,1199,158,879,5103
70.0,2774.0,31.96153846153846,4140.0,11467.0,14440.0,56.0,144.0,179.0,21.860714285714288,8.353846153846153,3.907692307692308,22497,24,39.8,2500.0,47185.0,2250.0,5837,46098,869,7011,67,2597,255,2508,38628,26221,25714,2220,1276,1810,1213,977,1172,1238,1720,2950,2898,26116,2678,2192,6482,8616,3132,8755,51935
0.0,0.0,65.5,401.0,1237.0,1841.0,9.0,24.0,30.0,21.932142857857144,15.5,10.05714285714286,4529,0,44.9,0.0,9798.0,71.0,105,9764,102,3243,0,181,9,65,6269,5131,4738,334,191,133,121,644,559,395,377,519,839,5280,363,1081,1011,1737,499,1821,9869
0.0,0.0,94.25,879.0,3307.0,4888.0,15.0,45.0,71.0,22.785714285714285,20.32307692307692,8.977777777777778,4276,26,45.2,23.0,14465.0,36.0,141,14383,16,83,0,186,5,17,14217,7148,7376,340,68,76,83,616,478,326,354,529,2857,4701,851,1583,909,2724,1162,2725,14524
84.0,8.0,54.94444444444444,1860.0,5243.0,7516.0,37.0,84.0,108.0,21.560714286071427,10.23076923076923,7.451851851851852,12239,0,42.8,532.0,27787.0,367.0,1038,27648,260,9113,27,324,6,236,18720,14625,14061,1141,613,603,672,1139,794,810,1126,1483,2022,14505,1249,2118,2913,5615,1995,4849,28686
67.0,1376.0,55.66666666666666,652.0,2247.0,2836.0,7.0,31.0,43.0,22.21071428535714,13.96923076923077,7.625925925925926,4302,33,46.7,43.0,10807.0,110.0,416,10544,63,4276,0,211,0,173,6237,5946,5014,297,119,188,76,524,430,458,459,710,1290,5314,932,1367,704,1978,779,1885,10960
1508.0,79804.0,12.47172619047619,68069.0,173856.0,261544.0,1027.0,1398.0,1720.0,21.57857142857143,6.076923076923077,3.142307692307692,466994,1527,38.1,150671.0,793799.0,204969.0,186680,962759,227923,112024,994,69628,3250,57458,678162,579167,570272,41871,37891,60016,105594,15017,16017,16500,26120,44859,34768,648900,27941,14150,399433,73609,44725,110261,1149439
97.0,2558.0,19.23809523809524,4051.0,12816.0,16629.0,60.0,138.0,164.0,21.574999999607144,4.9,3.2961538461538464,30945,90,41.2,3028.0,65391.0,1934.0,6082,64271,1262,5148,25,2896,303,405,60314,35587,34766,2546,2439,3512,4352,1159,1301,1494,2179,3229,2406,37299,1397,2146,13453,8455,2954,12182,70353
0.0,0.0,63.833333333333336,756.0,2533.0,3719.0,19.0,45.0,55.0,22.1464285715,11.715384615384616,6.492592592592593,6589,0,47.6,244.0,15266.0,256.0,457,15309,46,257,0,338,124,97,14904,7963,7803,601,402,173,85,597,658,515,660,999,1967,7659,565,1556,2031,2915,476,2630,15766
0.0,0.0,43.4,1315.0,4923.0,6902.0,17.0,42.0,54.0,21.785714285392856,6.653846153846154,6.918518518518519,11200,110,43.6,272.0,26076.0,525.0,966,25907,372,3879,26,1005,40,253,21298,14402,12471,886,866,700,912,607,999,738,941,2027,1291,13305,665,1001,5079,3462,1008,4842,26873
37.0,1616.0,57.65853658536585,3756.0,10668.0,14138.0,64.0,184.0,227.0,21.72142857142857,10.723076923076924,7.02962962962963,21168,102,48.0,598.0,55041.0,592.0,1582,54649,335,4414,5,1240,162,250,49825,28555,27676,1898,1141,1259,1068,1647,2349,1820,2689,2796,6063,25573,2665,4539,6225,10110,2265,9129,56231
0.0,0.0,37.25925925925926,6878.0,20396.0,26744.0,91.0,232.0,287.0,21.78571428607143,6.953846153846154,3.773076923076923,39347,121,40.7,3434.0,82432.0,2188.0,7896,80158,1353,3365,42,3520,148,732,78894,44007,44047,3740,2817,3222,2337,2331,2613,2429,3741,5019,3845,44912,1482,3886,12519,14335,4858,14054,88054
0.0,0.0,73.26666666666667,1096.0,4021.0,5280.0,16.0,44.0,60.0,21.77857142857143,11.107692307692307,7.537037037037037,7105,35,44.7,151.0,16541.0,68.0,301,16459,79,304,29,268,0,0,16080,8591,8169,619,274,224,108,451,585,911,1021,826,1696,7798,603,1340,1870,2940,657,3083,16760
67.0,2441.0,43.73913043478261,1933.0,7258.0,9649.0,45.0,99.0,115.0,21.57857142857143,7.738461538461538,6.896296296296296,16853,40,44.9,144.0,36808.0,410.0,1379,35983,295,3708,0,580,19,125,32635,18970,18392,1726,889,1164,741,1490,1246,1314,1607,2592,2023,19260,1191,1721,4631,6257,2098,7177,37362
0.0,0.0,25.53333333333333,1248.0,3877.0,5779.0,17.0,44.0,64.0,21.57499999985714,5.407692307692307,3.5846153846153848,9367,11,48.6,230.0,22550.0,692.0,687,22785,362,3462,0,741,4,260,18643,11774,11698,985,799,887,1605,332,367,564,766,1162,1244,11429,485,1203,5627,3034,596,3097,23472
0.0,0.0,85.57142857142857,1146.0,3996.0,5656.0,34.0,77.0,98.0,22.921428571071427,18.253846153846155,8.277777777777779,5774,21,48.4,191.0,15242.0,218.0,559,15092,157,876,0,98,8,95,14417,7579,8072,350,199,106,114,827,734,515,646,616,2281,6724,732,1478,1294,3082,1117,2559,15651
0.0,0.0,44.833333333333336,1028.0,3981.0,5087.0,15.0,60.0,65.0,23.241379310689656,7.9,6.918518518518519,8557,41,38.5,405.0,18918.0,411.0,1176,18558,407,1516,0,604,42,791,16374,10288,9446,911,462,726,297,582,507,682,1246,932,1146,10621,829,781,3086,3145,973,3066,19734
0.0,0.0,78.42857142857143,1475.0,3309.0,3908.0,25.0,37.0,45.0,22.13928571442857,18.223076923076924,7.5814814814814815,3167,20,39.7,119.0,11150.0,134.0,282,11121,7,6656,0,455,6,33,4246,4309,7094,220,89,137,79,423,256,477,370,340,1050,3877,373,956,675,3005,1460,1931,11403
44.0,2730.0,80.53333333333333,2510.0,6966.0,9666.0,69.0,149.0,195.0,22.2821428575,15.6,8.892592592592592,12126,53,46.3,424.0,33640.0,231.0,729,33566,253,11814,0,1081,85,40,21022,17936,16359,1012,666,262,225,1424,1475,839,1443,1743,5066,14584,1525,5103,3025,5846,1903,5644,34295
199.0,12353.0,32.854838709677416,6854.0,21497.0,29106.0,144.0,266.0,348.0,21.574999999892857,5.592307692307693,3.4538461538461536,49195,7,42.7,1845.0,102225.0,2468.0,3272,103266,1717,9476,229,3033,319,1040,90724,54069,52469,4830,4008,4601,4330,2770,2355,2330,3849,5421,4732,57744,2733,3615,24279,12477,2636,15468,106538
1247.0,38272.0,42.90909090909091,21884.0,63586.0,91424.0,549.0,880.0,1083.0,21.56785714296429,6.307692307692308,7.366666666666667,148631,268,39.1,23356.0,287223.0,19497.0,19083,310993,29776,97911,89,12702,557,7072,181969,173593,156483,14036,8872,9611,13975,11070,11392,9529,11906,16991,23052,182625,14366,13128,84011,35471,11643,47509,330076
0.0,0.0,86.66666666666667,4270.0,11276.0,16061.0,119.0,247.0,331.0,22.075,15.715384615384616,8.97037037037037,18100,125,48.1,439.0,49655.0,938.0,2867,48165,316,11477,0,1285,28,1103,36823,26492,24540,1302,543,375,327,2867,1875,1822,1883,1971,8047,21122,4168,5610,4272,8490,3862,8706,51032
0.0,0.0,66.0,98.0,361.0,496.0,1.0,7.0,6.0,22.649999999964287,26.70526315789473,26.584,601,6,59.5,0.0,2157.0,45.0,0,2202,80,0,0,10,0,0,2112,1252,950,66,36,23,36,87,121,188,68,149,213,871,6,234,186,370,69,215,2202
0.0,0.0,38.32,2709.0,7240.0,9221.0,58.0,108.0,129.0,21.571428571571428,7.253846153846154,3.873076923076923,16363,0,44.4,699.0,35724.0,684.0,1302,35805,346,8452,9,1154,62,416,26668,18881,18226,1847,1318,1239,1219,1031,963,860,1360,1974,2800,19380,1319,2625,5726,5581,1460,6849,37107
0.0,0.0,29.795454545454547,3968.0,14694.0,21280.0,67.0,114.0,155.0,21.5714285715,6.515384615384615,3.669230769230769,30454,14,46.8,2129.0,70739.0,3164.0,4487,71545,2163,9656,12,3423,26,728,60024,39543,36489,3761,2837,3547,3282,1423,1914,1796,2399,4229,4493,36602,1884,2031,17422,6764,1739,10296,76032
0.0,0.0,49.8,325.0,1114.0,1476.0,6.0,11.0,15.0,21.925,14.36923076923077,9.789285714285716,3201,59,48.0,0.0,6974.0,37.0,235,6776,0,1984,0,212,7,124,4684,3430,3581,341,181,162,124,99,365,247,207,451,639,3674,442,812,1113,1273,247,1110,7011
0.0,0.0,27.466666666666665,1442.0,4968.0,6909.0,16.0,36.0,57.0,22.21071428589286,6.907692307692307,4.188461538461539,12181,45,38.1,269.0,25917.0,493.0,1495,25184,273,4430,0,1273,37,198,20468,13232,13447,1346,1010,1153,999,582,664,604,783,1192,1054,14149,1177,868,5144,3646,936,4517,26679
0.0,0.0,48.54545454545455,967.0,3662.0,4733.0,10.0,35.0,52.0,21.57142857117857,6.423076923076923,7.333333333333333,7976,0,41.0,132.0,16488.0,365.0,458,16527,237,2572,0,676,122,16,13362,8649,8336,784,333,463,373,665,501,492,757,1144,881,9102,605,1158,2315,2997,253,3513,16985
0.0,0.0,46.333333333333336,676.0,1775.0,2338.0,16.0,30.0,42.0,22.932142857142857,16.476923076923075,8.87037037037037,3406,1,57.2,203.0,10207.0,276.0,94,10592,111,3000,0,328,0,26,7221,5900,4786,420,187,379,427,483,469,320,595,630,1377,4373,667,1395,1374,1509,462,1407,10686
0.0,0.0,92.43478260869566,2318.0,6187.0,8477.0,43.0,88.0,131.0,22.499999999642856,23.35384615384616,7.396296296296295,6803,32,45.4,242.0,23380.0,101.0,485,23238,60,931,0,269,70,113,22280,11301,12422,348,169,156,117,974,711,575,919,981,3893,8378,1655,2925,1287,4671,2279,4531,23723
435.0,16209.0,11.933333333333334,23641.0,66232.0,97880.0,260.0,368.0,446.0,21.575000000214285,2.730769230769231,3.088461538461538,175511,749,36.5,41348.0,303143.0,60821.0,55180,350132,77861,31241,508,26315,1149,15236,253002,204035,201277,13019,13123,22930,42092,3866,4473,5064,7439,12532,8027,229691,7274,3786,142525,24067,12524,43919,405312
0.0,0.0,45.333333333333336,1703.0,6470.0,8936.0,26.0,75.0,102.0,21.935714285714287,9.66153846153846,7.337037037037037,15476,30,45.3,636.0,35238.0,780.0,1140,35514,196,5192,0,1649,48,386,29183,18670,17984,1197,1127,901,863,1332,1236,1405,1391,2283,2648,18297,1625,2396,4870,6681,1831,5966,36654
0.0,0.0,79.0,673.0,2309.0,3377.0,6.0,31.0,45.0,22.92857142892857,18.57692307692308,7.544444444444444,4111,0,44.5,234.0,11920.0,140.0,637,11657,61,4148,0,243,2,327,7513,5984,6310,279,104,130,87,458,429,415,530,542,1498,4880,1063,1690,767,2700,943,1842,12294
0.0,0.0,41.0,543.0,2178.0,3172.0,14.0,36.0,48.0,22.40357142857143,11.238461538461538,6.607407407407408,5384,0,46.4,185.0,12803.0,220.0,389,12819,129,1203,0,355,0,109,11412,6855,6353,638,167,326,310,320,495,445,699,544,1154,6561,349,982,1697,2179,560,2165,13208
0.0,0.0,40.0,559.0,1423.0,2065.0,11.0,28.0,28.0,21.571428571142857,15.528571428571428,9.775,3171,0,53.7,4.0,8616.0,140.0,239,8521,42,714,0,288,0,0,7716,4389,4371,369,151,173,488,335,230,272,391,755,717,3897,200,1131,1265,1294,294,1333,8760
210.0,3200.0,68.72413793103448,2037.0,5977.0,7908.0,59.0,110.0,148.0,22.639285714642856,16.784615384615385,8.725925925925926,11104,10,48.5,681.0,29655.0,390.0,913,29813,289,10526,4,409,157,144,19197,15692,15034,1005,339,586,379,1201,903,1147,1173,1590,4048,13140,1625,3710,3597,4756,1887,4759,30726
0.0,0.0,41.333333333333336,532.0,1796.0,2530.0,18.0,45.0,55.0,22.289285714285715,14.538461538461538,9.982142857142858,3932,0,54.7,91.0,10391.0,160.0,173,10469,72,1619,18,281,41,253,8358,5359,5283,427,261,212,223,648,253,504,451,629,1156,4989,642,1292,1149,1584,526,1599,10642
222.0,11904.0,45.08196721311475,8145.0,18385.0,25147.0,89.0,145.0,189.0,21.782142857107143,12.284615384615384,6.525925925925925,37490,84,29.6,5547.0,90105.0,2843.0,3297,95198,6527,4088,59,2401,422,1066,83932,47625,50870,2794,1881,2239,2474,2476,2403,2860,3595,4459,10207,47791,2348,3028,21167,9849,2290,10388,98495
0.0,0.0,48.833333333333336,833.0,2684.0,3258.0,11.0,32.0,40.0,21.782142856785715,12.1,6.562962962962962,5601,0,51.3,251.0,14293.0,268.0,645,14167,45,1932,0,126,0,156,12553,7382,7430,478,505,372,450,480,574,601,674,809,1455,7043,455,1705,1923,2824,1011,1342,14812
0.0,0.0,30.33333333333333,1275.0,4563.0,5973.0,13.0,32.0,45.0,24.09999999986207,4.6923076923076925,3.607692307692308,9717,0,43.9,518.0,21437.0,355.0,789,21521,254,2870,0,782,227,196,17981,10945,11365,1059,1237,748,873,345,168,591,603,1158,1335,11735,644,1044,4172,3787,874,3747,22310
0.0,0.0,54.84615384615385,727.0,2135.0,2909.0,35.0,61.0,78.0,22.61785714285714,19.569230769230767,7.866666666666667,4003,6,49.8,299.0,11145.0,382.0,1047,10779,134,3928,0,404,2,80,7278,6240,5586,413,201,238,238,489,643,347,472,676,1434,4967,615,1014,1377,2039,672,1510,11826
0.0,0.0,48.76923076923077,681.0,2146.0,2717.0,21.0,43.0,47.0,22.928571428142856,17.053846153846152,8.774074074074074,3870,0,59.3,51.0,12051.0,49.0,171,11980,17,3208,0,333,0,0,8593,6250,5901,472,356,255,349,694,349,509,730,665,1307,4867,413,1185,1462,1751,318,1533,12151
0.0,0.0,70.07142857142857,1828.0,3975.0,5684.0,41.0,85.0,103.0,22.13928571392857,16.1,6.611111111111111,4968,0,40.8,345.0,14714.0,279.0,699,14639,63,6233,0,115,7,203,8717,7023,8315,364,296,150,72,329,631,441,503,957,1825,5900,875,1612,1252,3260,1299,2331,15338
0.0,0.0,39.94736842105263,1896.0,6858.0,9192.0,34.0,85.0,109.0,22.142857142857142,9.453846153846154,4.403846153846154,15458,84,42.7,817.0,34917.0,767.0,1916,34585,534,4710,0,1588,89,429,29151,18551,17950,1573,1103,1128,628,1191,872,1163,1534,2482,2252,18215,1026,1578,4114,7162,1646,5770,36501
0.0,0.0,64.52380952380952,1848.0,5532.0,7068.0,53.0,118.0,133.0,22.22142857107143,12.953846153846154,8.448148148148148,10106,75,45.3,164.0,23350.0,348.0,503,23359,130,282,0,720,39,106,22585,12103,11759,726,394,249,129,1308,846,951,1013,1430,2367,11712,954,2393,1752,5757,1690,3193,23862
0.0,0.0,78.375,1235.0,3545.0,4991.0,39.0,89.0,123.0,22.50000000017857,15.392307692307693,8.362962962962964,7032,0,50.4,91.0,17439.0,130.0,551,17109,76,959,0,201,39,217,16168,8875,8785,389,233,299,324,733,631,560,1103,875,2683,8113,875,2071,1185,3207,1061,3357,17660
0.0,0.0,78.20408163265306,4795.0,13634.0,19155.0,71.0,184.0,249.0,21.928571428571427,12.061538461538465,8.011111111111111,24637,148,47.6,628.0,59889.0,350.0,1654,59213,262,12286,0,1898,26,616,45779,30972,29895,2183,856,603,581,2697,2284,2545,2625,3587,8244,28491,3551,6160,5268,11195,3813,11098,60867
0.0,0.0,31.066666666666663,1679.0,4911.0,6387.0,10.0,55.0,67.0,21.56785714275,4.9692307692307685,3.4692307692307693,12005,23,45.5,286.0,28603.0,364.0,664,28589,49,2774,20,914,25,183,25288,14065,15188,1399,1034,1387,1005,518,628,735,866,1757,1063,14156,406,830,5239,5213,1442,4579,29253
78.0,3220.0,67.33333333333333,1979.0,4676.0,6813.0,31.0,65.0,89.0,22.15,17.415384615384617,7.881481481481482,7041,2,32.1,634.0,22052.0,206.0,698,22194,149,7230,0,810,86,247,14370,11308,11584,367,281,402,153,922,607,691,667,914,2390,9115,999,1986,2372,3144,1287,2641,22892
0.0,0.0,48.95238095238095,3066.0,8196.0,11593.0,19.0,63.0,90.0,21.575,8.384615384615385,7.977777777777777,15447,7,37.1,391.0,36866.0,1035.0,3227,35065,588,12254,157,2094,208,665,22326,17751,20541,1248,1218,865,694,762,1115,1169,1195,1867,1630,17985,1909,1134,4887,6373,1946,7981,38292
191.0,11784.0,22.81985294117647,40115.0,93910.0,128090.0,459.0,715.0,838.0,21.571428571428573,5.56923076923077,3.523076923076923,204106,833,35.4,53815.0,348576.0,64443.0,111707,355127,44134,97848,345,31995,1719,35123,255670,233528,233306,18231,14202,20188,25579,6221,7039,7208,12014,21082,12395,258857,14709,4456,107295,49080,26909,69701,466834
60.0,1343.0,67.6896551724138,2350.0,7172.0,10977.0,59.0,127.0,170.0,21.78928571392857,12.792307692307691,7.951851851851852,14162,0,47.1,148.0,33530.0,435.0,621,33492,254,1538,80,672,7,156,31406,16999,17114,1255,689,379,254,1323,1030,1867,1894,1814,4161,16056,1596,3380,3492,6028,1454,6917,34113
0.0,0.0,24.0,308.0,905.0,1374.0,3.0,9.0,14.0,24.31034482762069,16.142857142857142,17.261290322580646,2987,74,49.2,172.0,7053.0,135.0,289,7071,18,334,0,240,38,191,6539,3728,3632,384,166,187,466,157,195,160,249,411,452,3748,171,429,1038,1081,287,1173,7360
0.0,0.0,54.8,1394.0,2622.0,2922.0,10.0,25.0,30.0,22.92857142892857,16.13076923076923,7.533333333333333,2778,7,44.4,270.0,8561.0,120.0,647,8304,28,2425,0,449,19,352,5678,3913,5038,196,228,160,109,264,210,304,292,332,844,3250,540,798,1001,1711,873,1401,8951
0.0,0.0,49.73214285714285,7483.0,21163.0,28387.0,135.0,267.0,321.0,21.71071428582143,6.361538461538462,6.751851851851852,40323,42,43.5,2166.0,88743.0,3194.0,2997,91106,3215,5564,33,2224,194,693,82180,48582,45521,4633,2338,2403,2826,2728,2896,2765,4725,5181,7739,47315,2697,5268,18783,11516,2407,14996,94103
0.0,0.0,56.55555555555556,1355.0,3215.0,5195.0,44.0,75.0,93.0,22.285714285714285,11.561538461538465,6.82962962962963,8792,0,49.0,306.0,22024.0,398.0,456,22272,248,661,0,497,88,74,21160,11409,11319,533,545,428,452,1002,810,782,1264,976,2509,10791,1129,1869,2950,4310,874,3031,22728
238.0,11332.0,48.92857142857143,6141.0,14398.0,19153.0,101.0,224.0,273.0,21.77857142857143,7.392307692307692,6.75925925925926,35367,221,40.9,2321.0,76560.0,2257.0,5832,75306,575,2317,67,2155,67,729,75228,41424,39714,3446,1522,1750,1369,2793,3335,2358,3877,5047,5809,41519,2442,5578,11240,14676,5293,9270,81138
48.0,1725.0,90.3103448275862,2061.0,6794.0,9531.0,35.0,101.0,139.0,22.432142857321427,17.107692307692307,8.296296296296296,8501,2,46.3,89.0,26719.0,129.0,197,26740,0,246,0,456,67,1,26167,13680,13257,555,320,242,153,1196,1170,733,1140,997,4469,9921,1740,4003,1658,5530,1840,5038,26937
0.0,0.0,85.47368421052632,1612.0,5701.0,7697.0,50.0,102.0,143.0,21.746428571785717,15.207692307692309,6.811111111111111,7728,2,47.6,116.0,21607.0,38.0,298,21463,17,147,0,227,63,0,21307,10750,11011,580,308,144,104,991,961,573,812,1056,3181,8576,1201,2411,1803,4094,1448,3742,21761
0.0,0.0,51.689655172413794,3771.0,10738.0,14037.0,126.0,219.0,263.0,22.217857142857145,10.715384615384616,7.025925925925925,18828,58,44.5,1332.0,41479.0,630.0,3208,40233,415,729,0,1615,51,400,40231,22080,21361,1459,951,778,768,1750,1822,1415,1900,2423,4275,21729,2275,3411,4288,8780,2099,6640,43441
152.0,1138.0,86.89655172413794,2536.0,8678.0,12097.0,89.0,165.0,203.0,22.503571428928574,16.56923076923077,8.337037037037037,10819,78,45.4,415.0,30050.0,74.0,639,29900,190,689,46,250,104,62,29198,15489,15050,793,285,302,164,1386,1391,898,1355,1320,4800,12755,2037,2748,2498,5953,1833,5385,30539
0.0,0.0,58.18181818181818,1865.0,3265.0,4502.0,53.0,88.0,108.0,22.14285714321429,13.146153846153847,6.966666666666667,7042,0,46.7,51.0,17603.0,175.0,334,17495,65,5901,0,632,64,48,11119,8504,9325,705,322,361,167,620,674,386,812,1109,1462,8086,863,1350,1856,2856,1165,3827,17829
133.0,6095.0,32.10843373493976,8502.0,26456.0,35404.0,103.0,279.0,342.0,21.57142857171429,6.607692307692308,3.6884615384615382,57820,549,38.5,3829.0,124667.0,6187.0,13679,121004,3475,21982,88,7119,539,5958,95522,68492,66191,6154,4308,5495,4785,2545,2949,3002,4184,6598,5443,71156,5821,3147,23243,19612,5583,22555,134683
90.0,4717.0,22.15584415584416,9736.0,29890.0,42180.0,69.0,166.0,202.0,21.567857142571427,4.507692307692308,3.5961538461538463,63983,391,35.7,7664.0,133864.0,8657.0,20154,130031,5217,26899,81,11200,413,8724,97651,74325,75860,5694,4979,7828,8615,2465,2747,2554,3900,5684,3694,79867,4109,1989,34594,17033,5110,24050,150185
0.0,0.0,54.57142857142857,385.0,1075.0,1433.0,8.0,19.0,23.0,21.92500000035714,13.238461538461538,10.846428571428572,2718,0,50.0,103.0,6296.0,60.0,169,6290,0,2786,0,109,3,0,3561,3356,3103,301,186,142,44,237,250,249,214,420,751,3201,456,684,747,1357,352,1034,6459
0.0,0.0,80.66666666666667,1094.0,2408.0,2926.0,20.0,39.0,48.0,21.567857142214287,16.83076923076923,8.42222222222222,3964,12,41.0,114.0,10968.0,120.0,356,10846,63,6254,0,293,0,84,4508,4397,6805,398,167,129,75,464,302,340,409,478,1030,4778,533,1022,901,2641,1011,1749,11202
198.0,3400.0,84.64864864864865,3262.0,10035.0,14063.0,62.0,159.0,224.0,22.428571428571427,19.023076923076925,7.5814814814814815,13761,49,45.3,153.0,40857.0,191.0,441,40760,282,1492,25,516,63,136,38687,20758,20443,1132,538,537,459,2384,1699,1115,1545,1511,5451,16039,2652,3232,3504,7702,2719,7031,41201
166.0,1968.0,43.85714285714285,2351.0,8423.0,11498.0,49.0,146.0,186.0,21.571428571428573,8.476923076923075,7.314814814814815,16633,109,41.5,927.0,37991.0,970.0,1961,37927,461,1641,0,1720,95,807,35164,20014,19874,1396,1201,1410,775,1100,1105,1465,1473,1988,2728,20488,2069,1754,4550,7680,2194,6995,39888
100.0,5516.0,67.45945945945945,4330.0,13639.0,18222.0,101.0,208.0,261.0,21.746428571785717,11.653846153846152,7.122222222222223,21685,18,46.4,372.0,53340.0,293.0,824,53181,297,736,6,938,79,120,51829,27374,26631,1708,963,782,886,2229,2188,1685,2337,2851,6475,24617,2360,4575,7213,9366,2552,8558,54005
0.0,0.0,55.0,1128.0,3224.0,4345.0,21.0,49.0,60.0,22.428571428571427,16.73846153846154,7.5814814814814815,6244,6,48.1,413.0,17045.0,415.0,1153,16720,126,4470,2,637,49,573,12016,9059,8814,673,489,293,512,924,705,435,629,1106,2144,8316,875,1878,1664,3297,1152,2700,17873
136.0,3601.0,89.46153846153847,2918.0,10165.0,13968.0,93.0,184.0,237.0,22.610714285714288,18.253846153846155,7.9148148148148145,11730,18,41.6,309.0,37522.0,201.0,483,37549,222,2201,14,540,62,100,34893,18197,19835,652,417,263,205,1593,1277,1452,1644,1657,5756,14374,2696,3035,3304,6605,3773,6804,38032
100.0,1609.0,73.20833333333333,2110.0,7417.0,9713.0,71.0,137.0,173.0,22.28571428607143,17.56153846153846,7.951851851851852,12690,24,45.9,273.0,28397.0,55.0,366,28359,283,585,0,520,45,38,27254,14691,14034,1078,288,270,370,1651,1054,1014,1247,2098,3323,14174,860,2717,3013,5917,1439,4664,28725
22.0,6445.0,27.65,3152.0,9674.0,13861.0,43.0,104.0,136.0,21.5678571425,4.161538461538462,3.542307692307692,30176,45,39.6,1916.0,63045.0,3428.0,4618,63771,3930,9005,199,4146,136,777,50196,34862,33527,3350,2261,2756,3276,1266,1655,1785,2369,4093,2706,36088,1160,1521,17943,5593,1258,10376,68389
318.0,12803.0,16.16923076923077,10490.0,29792.0,45583.0,127.0,184.0,232.0,21.567857143321422,9.538461538461538,3.069230769230769,62900,268,36.8,23594.0,117002.0,17713.0,26027,132282,10588,34600,91,9355,513,8565,94597,82057,76252,8095,5546,8990,14142,3373,3677,4113,5937,9342,8074,102831,5498,4010,67255,9985,6712,17581,158309
0.0,0.0,83.86666666666666,1232.0,4367.0,6189.0,30.0,72.0,111.0,21.74285714285714,19.06153846153846,7.055555555555555,6588,3,42.4,39.0,16987.0,33.0,78,16981,33,1213,5,707,0,135,14966,8945,8114,482,277,461,125,1008,585,736,582,466,2760,8138,2111,1590,2013,2684,1115,2693,17059
0.0,0.0,81.2,850.0,1992.0,2331.0,19.0,39.0,48.0,22.285714285714285,15.184615384615386,14.966666666666669,2620,0,35.6,52.0,6408.0,17.0,92,6385,23,389,20,255,7,54,5729,3578,2899,201,58,36,118,301,282,143,121,234,1015,3084,249,524,645,820,525,860,6477
681.0,25156.0,32.714285714285715,3689.0,10050.0,12470.0,47.0,73.0,86.0,21.785714285678573,14.961538461538462,6.533333333333333,16389,12,32.3,3066.0,41897.0,2254.0,2623,44594,3313,8760,5,1610,147,336,33046,24571,22646,1582,1091,1410,1686,1584,1555,1305,1283,2308,5010,25858,1977,1592,14524,3897,2100,4266,47217
302.0,16063.0,39.07746478873239,18625.0,49515.0,64364.0,241.0,472.0,565.0,21.57142857167857,6.607692307692308,4.015384615384615,107169,74,37.0,5906.0,228101.0,8640.0,15813,226834,8271,71988,23,12645,526,4450,144744,124043,118604,9957,7707,8787,7325,5289,6752,6884,8971,12553,12299,126554,8323,5409,47242,29033,7597,47290,242647
0.0,0.0,60.583333333333336,1425.0,4786.0,6338.0,53.0,93.0,112.0,21.571428571464285,10.069230769230767,7.022222222222222,7376,0,40.3,411.0,16087.0,785.0,1095,16188,636,2833,14,595,54,415,12736,9321,7962,777,380,407,319,988,462,539,766,936,1520,8728,1002,1123,2401,2601,584,3150,17283
0.0,0.0,95.0,632.0,1009.0,1912.0,11.0,24.0,31.0,22.285714285642857,19.03846153846154,14.303448275862069,2143,0,42.1,34.0,5483.0,136.0,151,5502,65,739,0,221,0,0,4628,2997,2656,213,62,11,72,296,252,139,130,355,852,2298,237,394,445,1214,345,893,5653
319.0,10322.0,88.30555555555556,4452.0,11017.0,14774.0,118.0,263.0,301.0,21.925,23.99230769230769,9.303703703703704,14016,94,40.9,943.0,39292.0,433.0,1817,38851,514,20100,44,1809,41,109,18051,21972,18696,746,626,449,316,2179,1711,1341,1781,1377,7740,17422,4029,4481,3768,6837,2539,6761,40668
80.0,583.0,81.57142857142857,626.0,1147.0,1660.0,41.0,53.0,57.0,22.139285714285712,21.77692307692308,10.87857142857143,1897,0,34.8,85.0,5269.0,54.0,339,5069,0,3227,0,581,3,4,1593,3032,2376,148,54,24,46,281,133,134,108,111,1037,2574,643,497,329,885,464,915,5408
0.0,0.0,10.294117647058824,501.0,1953.0,2741.0,16.0,43.0,51.0,21.578571428392856,5.707692307692308,3.065384615384616,9831,74,38.0,2985.0,16438.0,3889.0,4038,19274,4312,1198,0,1459,20,1181,15142,11937,11375,911,633,1262,1991,352,400,229,576,1150,1247,13261,457,340,7931,1385,906,2235,23312
0.0,0.0,5.0,362.0,1932.0,3510.0,9.0,16.0,21.0,21.574999999785717,15.84375,6.67037037037037,5259,29,39.2,836.0,11875.0,1598.0,1523,12786,1414,690,0,588,13,441,11163,7415,6894,625,307,932,1830,116,158,225,314,759,365,8427,19,211,6363,490,241,815,14309
204.0,1233.0,73.0,1026.0,2457.0,2681.0,27.0,50.0,57.0,22.14285714321429,21.54615384615385,8.144444444444444,2960,0,40.3,88.0,7769.0,158.0,241,7774,187,4377,0,422,0,34,2995,4364,3651,449,85,93,12,291,420,303,594,204,1065,3794,769,658,720,1407,490,1437,8015
431.0,20229.0,26.26315789473684,1808.0,5268.0,7248.0,22.0,35.0,51.0,21.571428571285715,13.207692307692309,8.296296296296296,12451,80,30.7,1782.0,26096.0,1181.0,3225,25834,1114,5507,17,3030,63,1460,17868,15727,13332,814,723,1182,872,884,639,924,1156,1617,2248,16393,1898,1102,6375,3059,1221,3747,29059
141.0,2028.0,85.14285714285714,1002.0,2543.0,3293.0,50.0,76.0,86.0,22.42857142892857,23.684615384615384,13.73448275862069,2438,0,42.3,414.0,5900.0,88.0,1214,5188,22,628,49,314,0,18,5371,3494,2908,123,5,40,200,430,247,145,163,197,1064,2879,263,405,568,677,741,1075,6402
169.0,7013.0,58.5,8902.0,27414.0,38739.0,138.0,312.0,375.0,21.57142857171429,11.86923076923077,7.562962962962962,58587,201,36.3,2283.0,128777.0,4109.0,8208,126961,3123,67826,228,6812,608,2185,54387,70086,65083,4614,3354,2796,1840,5581,4936,4932,6161,7232,13401,71181,9241,5667,18929,19735,4736,26568,135169
0.0,0.0,50.70967741935484,5845.0,13188.0,15289.0,94.0,152.0,184.0,21.792857142857144,14.8,6.6037037037037045,20887,211,25.8,5977.0,44802.0,2779.0,10714,42844,1854,4172,0,4482,52,1642,41356,27546,26012,1071,829,759,553,1603,1754,1404,1729,1845,5204,27358,1991,1789,8103,5592,3927,4870,53558
147.0,4831.0,80.11764705882354,2195.0,6110.0,7844.0,61.0,119.0,125.0,21.57499999964286,18.930769230769236,8.314814814814815,9012,27,36.1,428.0,21560.0,512.0,1891,20609,309,9719,0,757,26,439,11250,12171,10329,694,246,253,193,1028,901,707,806,1199,3335,10629,2970,1499,1548,3946,1355,4554,22500
0.0,0.0,49.0,1129.0,2827.0,2736.0,28.0,39.0,34.0,22.28214285725,23.2875,21.409375,1480,0,22.2,165.0,6744.0,296.0,401,6804,362,464,0,281,11,176,5911,2990,4215,208,86,53,54,132,204,56,245,337,691,2825,104,324,1237,355,150,346,7205
661.0,21335.0,69.73076923076923,6954.0,19963.0,24408.0,141.0,264.0,327.0,21.742857142500004,14.953846153846154,7.285185185185185,30686,41,28.5,2371.0,76915.0,1684.0,3530,77440,1963,23099,47,2395,195,1321,51950,43087,37883,2044,955,983,735,3285,3096,2463,2683,3980,7999,40029,5207,3444,12686,8020,3147,9984,80970
134.0,6360.0,28.4,4060.0,9015.0,11883.0,42.0,70.0,80.0,20.995833333333334,9.238461538461538,3.807692307692308,19137,254,34.7,6508.0,30175.0,4355.0,15253,25785,2306,5340,40,4269,139,3414,25530,20341,20697,1501,1225,1573,1384,821,791,927,1305,1758,1781,23070,2410,680,6896,5791,3369,6273,41038
0.0,0.0,34.44444444444444,1134.0,3686.0,4909.0,12.0,25.0,31.0,20.991666667083333,7.8076923076923075,6.274074074074075,8532,0,35.3,3192.0,10637.0,3719.0,7032,10516,1982,2972,4,1297,7,1056,10230,8455,9093,579,341,315,593,192,375,714,480,654,353,10503,1265,266,2569,2533,2128,2589,17548
220.0,4929.0,88.2,1518.0,3188.0,4575.0,68.0,113.0,126.0,22.067857143214287,20.35384615384616,10.74074074074074,4324,0,41.7,426.0,12026.0,194.0,780,11866,145,5832,13,509,43,150,5954,6950,5696,131,216,173,177,603,670,486,453,295,2393,5451,1438,1150,1346,1941,608,2404,12646
512.0,27029.0,61.69918699186992,11838.0,35931.0,49863.0,198.0,381.0,459.0,21.571428571892856,14.615384615384617,7.325925925925926,77271,199,33.8,6311.0,166177.0,7094.0,16816,162766,5786,73509,253,11976,496,3845,83717,92750,86832,6130,3328,3107,2129,6966,6953,5941,8528,9163,18131,95948,12456,8361,26848,25853,6864,33885,179582
802.0,41609.0,51.691489361702125,15250.0,41458.0,54074.0,221.0,458.0,548.0,21.567857142857143,14.592307692307692,7.5851851851851855,104841,364,30.8,8469.0,226469.0,9362.0,20452,223848,8960,99157,184,14411,741,7688,113159,116819,127481,6835,4331,4321,3624,8603,8282,7773,9614,11017,24998,142169,18029,10880,38599,30598,12852,43961,244300
171.0,4232.0,95.0,242.0,1296.0,1618.0,6.0,22.0,22.0,22.603571428571428,21.553846153846152,31.392682926829263,1452,8,43.7,0.0,3969.0,0.0,0,3969,0,204,0,54,0,0,3711,2189,1780,90,32,43,52,138,179,92,151,170,930,1783,309,376,491,544,301,762,3969
307.0,10346.0,84.80645161290323,3291.0,8293.0,10239.0,71.0,138.0,153.0,21.571428571785717,22.069230769230767,9.533333333333331,11634,55,37.2,641.0,29762.0,388.0,1516,29275,307,23659,9,791,134,781,5110,16744,14047,705,305,147,155,1402,1847,1205,1223,1534,4708,15491,3132,2832,3329,6063,2282,4618,30791
0.0,0.0,25.6,738.0,2320.0,2983.0,15.0,29.0,31.0,20.999999999708333,9.371428571428572,3.284615384615385,5786,0,43.2,204.0,11607.0,310.0,352,11769,270,182,0,329,12,33,11295,6150,5971,658,532,592,556,272,271,269,234,745,503,6344,98,388,2758,1315,146,1969,12121
203.0,7179.0,64.92405063291139,7896.0,20650.0,26689.0,151.0,311.0,368.0,21.564285714,16.27692307692308,7.851851851851852,39047,247,35.5,1431.0,91749.0,1781.0,4427,90534,1511,49968,342,3967,345,1883,36945,49135,45826,2989,1633,1296,953,3707,3423,3461,4136,4827,10225,47632,8187,5156,10320,14835,4452,20171,94961
0.0,0.0,66.9,1918.0,4884.0,5204.0,17.0,46.0,51.0,21.782142857,14.546153846153846,7.24074074074074,6721,0,23.7,97.0,17353.0,383.0,534,17299,279,1740,8,499,29,125,15153,9582,8251,287,352,131,150,477,365,531,270,508,2606,8810,269,775,3030,1221,432,2000,17833
1716.0,71690.0,52.50828729281768,15110.0,43915.0,61627.0,220.0,474.0,553.0,21.57142857107143,20.59230769230769,7.42962962962963,92665,312,34.1,11449.0,212486.0,5298.0,16220,213013,4765,105692,28,9492,369,5263,103624,120524,108709,6359,4262,4494,6131,9292,7322,7107,8807,9264,27967,128542,16764,14882,56040,27154,15172,32920,229233
722.0,33230.0,71.23376623376623,7697.0,20610.0,28360.0,173.0,340.0,440.0,21.710714285714285,17.161538461538463,6.796296296296297,40336,107,38.2,4537.0,92537.0,2048.0,6346,92776,3325,29122,48,4687,222,784,60934,52128,46994,2648,1303,1094,1660,4241,3868,4012,3829,4421,14618,50989,9596,7779,13751,18781,5745,15170,99122
367.0,16153.0,52.73684210526316,1890.0,5629.0,7305.0,43.0,97.0,113.0,21.714285714107145,9.084615384615384,6.559259259259259,10530,39,41.2,635.0,24204.0,451.0,868,24422,458,1675,28,774,11,376,21968,13292,11998,1120,498,513,560,556,914,916,1049,1470,2280,13010,927,1494,3756,3316,963,4386,25290
0.0,0.0,63.05263157894737,2488.0,5569.0,7855.0,68.0,105.0,136.0,21.939285714321425,12.015384615384615,6.47037037037037,10561,0,41.5,575.0,23628.0,457.0,837,23823,355,2722,27,867,107,135,20447,13378,11282,985,621,411,370,1098,1044,890,1010,1307,2902,12451,1116,1876,3895,3595,908,4075,24660
199.0,10916.0,42.035714285714285,7053.0,18545.0,24459.0,171.0,288.0,346.0,21.567857142714285,8.846153846153847,7.7592592592592595,41107,88,38.1,1541.0,87872.0,1970.0,4098,87285,1956,37869,9,4143,153,1003,46250,47198,44185,4579,3419,2611,2712,2144,2290,2310,3190,4911,6437,48380,5251,4524,15250,12300,3791,17500,91383
445.0,24076.0,36.62974683544304,31423.0,88681.0,115797.0,343.0,792.0,947.0,21.571428571535712,7.876923076923077,3.769230769230769,213624,153,36.4,16058.0,407272.0,27552.0,37894,412988,32057,84851,454,29379,1238,9544,293359,229356,221526,21360,13604,14788,14324,11097,14602,14011,18968,25690,24008,255218,14142,11564,92909,47808,13361,90998,450882
0.0,0.0,65.23529411764706,2171.0,5288.0,7554.0,34.0,60.0,87.0,21.92142857142857,12.66153846153846,6.914814814814815,9566,2,40.8,707.0,21268.0,325.0,1910,20390,378,2797,95,750,182,208,17890,11450,10850,607,370,430,279,1206,918,631,643,1077,3008,11161,1822,1599,3396,4056,1499,2832,22300
40.0,1899.0,35.333333333333336,548.0,1709.0,2326.0,12.0,20.0,25.0,21.56785714253571,14.523076923076925,8.985185185185186,4440,0,25.7,807.0,13793.0,434.0,1085,13949,997,2285,0,827,36,116,10773,8019,7015,329,160,325,474,397,287,439,341,585,1148,6918,457,492,2393,1185,387,1308,15034
495.0,23497.0,46.2,2492.0,6254.0,8175.0,41.0,76.0,102.0,21.789285714285715,12.053846153846154,6.611111111111111,11425,32,37.3,2412.0,24068.0,1432.0,4980,22932,595,2794,8,2298,60,540,21617,14268,13644,886,321,584,784,961,1142,793,1468,1381,2349,14865,1550,1786,4703,3510,1581,4180,27912
0.0,0.0,67.8,1937.0,4898.0,5647.0,22.0,38.0,45.0,22.24285714285714,14.623076923076924,9.12962962962963,6726,0,28.0,3757.0,14901.0,1044.0,12595,7107,130,199,92,783,702,6125,11671,9615,10087,415,252,248,170,491,667,568,669,821,1734,8302,2777,965,1086,2735,2863,1899,19702
0.0,0.0,58.61904761904762,1293.0,4442.0,5606.0,28.0,64.0,86.0,21.785714286107144,13.346153846153848,7.651851851851852,8289,29,44.9,463.0,21931.0,242.0,962,21674,234,109,68,923,246,223,20833,11612,11024,791,399,446,372,1235,1056,778,884,1251,2074,10372,1579,1284,2652,2797,986,4614,22636
411.0,20344.0,45.38059701492537,15248.0,51837.0,62042.0,208.0,461.0,539.0,21.75000000014285,8.930769230769231,9.011111111111113,79511,510,36.0,13197.0,178670.0,8848.0,44714,156001,5669,3526,186,10796,1768,16873,161897,100303,100412,7927,5184,6106,5527,5635,5379,6206,7638,10427,13044,94804,13507,5565,31842,23873,8778,35996,200715
196.0,9984.0,34.483870967741936,6111.0,19911.0,24171.0,63.0,156.0,196.0,21.782142856785715,9.492307692307692,8.607407407407408,30395,21,40.5,6319.0,66462.0,3872.0,21531,55122,640,322,32,4786,377,11794,58702,38104,38549,3076,1699,1958,1391,2753,2778,2345,3162,3706,6515,37535,4390,3711,10083,9315,6823,11588,76653
78.0,3631.0,45.4,996.0,11080.0,15809.0,8.0,128.0,209.0,22.36428571425,12.86923076923077,9.944444444444445,24945,232,50.9,1487.0,72529.0,2466.0,5147,71335,1100,804,26,3504,3753,1141,66154,38854,37628,2676,1764,1679,1248,3261,2947,2760,3347,4573,8942,32034,3771,3700,9188,10010,3343,13751,76482
552.0,27746.0,28.41346153846154,19285.0,85592.0,111985.0,235.0,768.0,1047.0,21.56785714275,7.184615384615384,10.02962962962963,193867,629,38.6,21475.0,430638.0,29837.0,48262,433688,22988,8731,3702,30459,2697,12897,400476,243747,238203,21007,14911,15944,14236,12217,14424,14139,19137,25556,26907,244218,23736,11139,79485,60620,18076,95071,481950
0.0,0.0,53.0,115.0,605.0,751.0,4.0,15.0,18.0,22.03928571410714,17.37142857142857,20.700000000000003,1549,5,49.0,150.0,3803.0,71.0,326,3698,52,53,0,225,11,203,3480,2050,1974,190,87,89,107,78,114,227,145,298,460,1966,83,285,482,268,264,870,4024
104.0,7157.0,49.62222222222222,4512.0,22186.0,27341.0,69.0,339.0,424.0,21.789285714285715,10.715384615384616,10.396296296296295,40532,180,41.0,2078.0,104156.0,2165.0,10027,98372,1242,1048,312,7240,1733,1937,94887,54547,53852,3627,1798,2786,1752,3809,3845,3130,4892,5985,10730,48265,8629,4842,8754,16543,5240,24357,108399
0.0,0.0,41.0,3214.0,10975.0,13333.0,23.0,66.0,87.0,21.789285714285715,9.330769230769231,8.796296296296296,17182,57,37.8,4766.0,35711.0,2043.0,13602,28918,268,203,138,2113,410,10659,28729,21084,21436,1313,934,1093,947,1355,1566,1656,1757,2293,2521,20736,2414,2084,4126,5765,3987,6800,42520
0.0,0.0,64.5,211.0,1388.0,1825.0,4.0,28.0,34.0,22.925000000035716,20.607692307692307,12.666666666666666,1909,53,52.1,46.0,7532.0,65.0,373,7270,35,16,16,619,1054,16,5887,3792,3851,200,230,124,119,323,272,143,233,313,1218,2774,482,905,757,1487,421,1242,7643
0.0,0.0,51.24074074074074,11289.0,32097.0,36835.0,101.0,211.0,227.0,21.75357142857143,9.946153846153846,10.144444444444444,37342,309,30.4,14297.0,73441.0,5943.0,49876,43805,1984,2222,205,9283,1193,18905,59889,45442,48239,3620,1447,1882,1544,2370,2050,2615,3074,3497,5164,44277,10015,2427,8347,11347,10881,14779,93681
0.0,0.0,67.0,117.0,383.0,503.0,4.0,7.0,7.0,24.865517241724135,27.916666666666668,32.352,782,9,49.7,83.0,2171.0,4.0,31,2227,91,0,0,134,0,0,2033,1097,1161,78,33,28,17,123,118,65,135,186,203,1072,65,170,292,284,61,472,2258
48.0,3191.0,57.89473684210526,7805.0,25437.0,31652.0,69.0,209.0,239.0,22.217857143214285,10.761538461538462,9.85925925925926,35316,138,33.2,12240.0,79728.0,4680.0,40593,56055,931,1006,9,6054,1320,24054,63274,47617,49031,2986,1790,1527,1187,2736,2887,2711,3220,5075,7789,44440,8989,3663,8068,12040,10282,15091,96648
49.0,2465.0,61.75757575757576,3427.0,16025.0,20465.0,52.0,195.0,253.0,22.0750000005,13.846153846153848,10.54074074074074,24406,86,44.3,1888.0,70527.0,1354.0,7551,66218,1041,970,255,3502,3138,1117,63746,35889,37880,2308,1330,1131,677,3129,3571,2386,3104,3989,7808,30666,4374,3554,5765,13223,4086,14666,73769
0.0,0.0,25.17460317460317,1405.0,9824.0,13800.0,27.0,71.0,124.0,21.921428571357144,7.423076923076923,9.12962962962963,31888,197,44.1,2082.0,77978.0,4127.0,6846,77341,3917,2278,327,5112,982,1331,70240,42198,41989,3258,2868,2765,2196,2609,3036,3049,4130,5422,5993,41043,2444,1819,11575,9823,1898,17581,84187
0.0,0.0,31.32,338.0,2897.0,4899.0,2.0,28.0,34.0,22.282142857357144,13.5,9.151851851851852,8775,107,59.0,651.0,30256.0,918.0,1211,30614,535,184,34,1376,523,590,28583,16268,15557,1430,666,992,867,1503,977,1517,1684,1677,3738,12406,1183,1325,5828,3732,705,4819,31825
3895.0,169864.0,13.54032786885246,85596.0,368240.0,549865.0,1433.0,2576.0,3512.0,21.5714285715,7.161538461538462,4.346153846153846,810998,4500,37.0,279692.0,1697406.0,247966.0,218763,2006301,408078,145177,17022,161290,13532,96930,1383035,1107557,1117507,94123,77944,104796,170181,46870,49734,52662,73709,106531,123511,1281455,70693,46579,721367,181562,78585,320043,2225064
238.0,14523.0,26.89130434782609,5932.0,38728.0,52668.0,89.0,323.0,414.0,21.74285714264286,7.084615384615384,5.4192307692307695,97434,181,39.2,7023.0,250879.0,11043.0,21641,247304,13125,7060,2428,22441,2711,6361,214819,131359,137586,12457,8800,8952,9202,6792,7715,7785,11498,16180,16377,136216,8922,5754,46644,30076,7183,56088,268945
0.0,0.0,37.2,2323.0,8083.0,10399.0,30.0,58.0,93.0,22.00357142860714,10.346153846153848,8.751851851851852,18225,64,33.7,1124.0,44906.0,1067.0,4248,42849,617,488,337,2775,221,2019,40640,23550,23547,1894,897,1247,1012,1883,1710,1403,1925,2566,4625,24743,1974,1589,7813,4813,1736,6998,47097
0.0,0.0,46.05263157894737,666.0,3437.0,4321.0,8.0,43.0,61.0,22.21071428514286,13.6,10.185185185185183,6641,25,46.8,1309.0,19929.0,817.0,2644,19411,134,255,3,633,415,401,20214,10882,11173,657,285,670,386,1045,880,705,1179,1236,2225,9833,989,1300,3892,2564,1160,3623,22055
116.0,4090.0,51.96774193548387,3800.0,17277.0,20865.0,50.0,236.0,298.0,22.00357142857143,11.753846153846156,10.4,28094,226,42.9,2577.0,75542.0,1311.0,8464,70966,915,456,151,5784,482,1863,69779,39667,39763,2806,1400,1576,808,3310,3060,2456,3350,4450,7902,34711,4948,4354,7371,11918,4082,16349,79430
0.0,0.0,58.27272727272727,343.0,2185.0,2680.0,5.0,27.0,30.0,22.499999999821423,11.653846153846152,8.607407407407408,3366,15,48.5,85.0,10547.0,100.0,375,10357,70,55,29,287,199,87,10005,5347,5385,428,189,340,139,517,448,400,517,637,1013,4597,616,607,1309,1336,343,2017,10732
0.0,0.0,45.61818181818182,2362.0,12106.0,15817.0,27.0,132.0,183.0,22.074999999785717,12.946153846153846,10.262962962962964,22359,96,45.3,2862.0,61429.0,1035.0,6687,58639,701,492,392,4769,1375,3797,53800,31386,33940,2634,1374,1560,782,2588,1964,2314,2853,3586,5587,27514,3867,2569,5255,10651,3906,13156,65326
0.0,0.0,57.325581395348834,2203.0,8328.0,10644.0,36.0,117.0,138.0,22.28214285714285,15.069230769230767,9.588888888888889,14002,19,43.0,3200.0,37969.0,911.0,8592,33488,249,73,43,2585,4208,4832,30090,20811,21269,1317,617,532,407,2064,1769,1708,2084,1913,5473,18207,3545,3048,3564,5879,3455,7397,42080
0.0,0.0,61.04166666666666,764.0,3348.0,4853.0,10.0,54.0,79.0,22.57499999992857,14.576923076923077,10.718518518518518,6374,0,54.4,772.0,20726.0,623.0,2203,19918,405,138,77,986,685,1187,18643,11127,10994,802,457,393,185,773,982,895,1019,1238,2970,8412,1145,985,1606,3205,1141,4384,22121
0.0,0.0,46.85714285714285,642.0,2463.0,2979.0,7.0,33.0,44.0,22.11071428575,16.23076923076923,10.696296296296296,4183,24,50.8,157.0,13088.0,343.0,550,13038,118,26,3,708,444,366,11923,6662,6926,311,272,355,223,535,712,507,534,979,1370,5360,736,1117,1257,2264,589,2387,13588
1315.0,66736.0,30.463696369636963,39485.0,188804.0,245455.0,577.0,1344.0,1612.0,21.57499999992857,6.676923076923076,6.176923076923076,370489,1587,36.2,38385.0,803397.0,50080.0,100534,791328,57526,61647,13409,84756,9899,27828,636797,446883,444979,38915,26972,28589,24623,24320,25425,24569,35813,49566,52207,462823,44794,24178,130949,125465,38833,183979,891862
0.0,0.0,14.5,122.0,1167.0,1994.0,0.0,2.0,3.0,22.93571428582143,12.992307692307692,8.225925925925926,5637,13,56.7,708.0,15637.0,608.0,1105,15848,256,153,14,555,150,382,15443,8740,8213,803,543,577,763,731,666,643,861,1005,1867,7982,251,659,3688,1533,469,2522,16953
180.0,9019.0,31.258064516129032,4567.0,21808.0,28814.0,61.0,191.0,272.0,21.78214285728572,9.953846153846154,9.474074074074077,49652,268,41.6,6887.0,115457.0,5098.0,23730,103712,2289,1024,203,6005,2416,11901,103604,64376,63066,5325,3493,3385,3148,3895,4033,4113,5298,7754,8819,61217,6801,4026,16069,16702,6546,24166,127442
0.0,0.0,31.444444444444443,256.0,1470.0,1798.0,1.0,11.0,17.0,21.56785714325,8.915384615384616,10.544444444444444,4552,0,47.0,237.0,11383.0,286.0,785,11121,158,56,30,309,214,117,11022,6001,5905,730,298,331,316,347,331,340,531,557,1085,5718,443,713,1798,1848,546,2351,11906
801.0,38226.0,19.768421052631577,30759.0,147591.0,205341.0,540.0,1074.0,1448.0,21.56428571457143,5.56923076923077,4.923076923076923,340694,1714,38.0,65057.0,673240.0,73275.0,85321,726251,92318,26644,3938,59067,7928,29135,592542,404812,406760,36965,28043,33086,33467,17272,17012,21380,28819,43777,38994,437679,28490,17580,153602,104969,32806,164989,811572
1215.0,47223.0,48.66391184573003,37008.0,121437.0,154262.0,582.0,1330.0,1686.0,21.721428571642857,8.738461538461538,8.733333333333334,201571,619,37.8,12196.0,485866.0,15340.0,30770,482632,11584,9204,3078,28695,6420,8167,446254,258611,254791,18474,11886,12159,11275,19564,19115,16806,21908,27728,47587,255882,28690,17874,85118,59129,15737,109060,513402
0.0,0.0,53.31578947368421,1670.0,7958.0,10107.0,25.0,139.0,167.0,21.996428571607144,13.3,10.366666666666664,14941,22,47.0,452.0,43904.0,877.0,1723,43510,338,197,90,2000,2076,119,40413,22710,22523,1360,956,894,696,1888,1583,1462,2043,2181,4820,18181,2567,3171,4301,7740,1753,8159,45233
432.0,20702.0,33.11666666666667,7381.0,45941.0,63339.0,80.0,384.0,525.0,21.74285714275,8.238461538461538,8.925925925925926,114419,360,39.1,9215.0,261164.0,14319.0,26375,258323,16360,8546,2559,22090,3310,5381,226452,145369,139329,13622,9272,8780,7127,7396,9261,8275,11449,18006,19135,144564,11025,7821,53714,32719,8798,56493,284698
0.0,0.0,49.0,101.0,518.0,640.0,0.0,6.0,11.0,24.79655172413793,18.735714285714288,23.525,1118,0,55.7,103.0,4103.0,112.0,326,3992,72,53,1,89,38,246,3819,2219,2099,310,68,63,58,248,92,247,219,147,448,1436,147,266,299,604,160,885,4318
104.0,4963.0,49.18604651162791,4783.0,14989.0,19032.0,62.0,140.0,175.0,21.928571428214287,10.307692307692308,8.118518518518519,21152,150,37.5,3206.0,55074.0,2505.0,13115,47670,1143,1063,125,3670,391,4710,49683,29659,31126,2224,1356,1391,1041,1784,2501,1636,2569,2913,5358,28175,2791,2086,7806,5827,3907,11488,60785
248.0,15476.0,29.1640625,7044.0,36663.0,49230.0,85.0,278.0,375.0,21.796428571357144,10.576923076923077,8.71111111111111,89878,235,37.5,11399.0,202080.0,11059.0,21734,202804,9069,2217,559,13427,5722,9308,184236,113685,110853,9264,5698,6268,4561,7550,6795,7820,8823,13169,19030,115838,8989,7465,38263,24045,8356,40131,224538
0.0,0.0,46.125,3424.0,8621.0,10115.0,46.0,90.0,102.0,22.071428571035717,11.123076923076924,6.8,16146,293,25.2,3987.0,44103.0,1487.0,3186,46391,4182,975,58,3067,200,984,40111,24322,25255,1282,819,774,713,1515,1433,1167,1416,1967,7399,25368,1559,1416,10172,2655,684,6118,49577
273.0,11406.0,59.98787878787879,27134.0,70747.0,83734.0,427.0,754.0,863.0,21.78214285714285,12.930769230769233,9.855555555555556,96527,552,32.9,31445.0,204542.0,14662.0,125004,125645,2338,2575,1166,19079,8823,36592,180076,125504,125145,6628,3922,3757,3008,8754,9034,8116,9418,11197,19931,114175,28896,10712,19939,32678,31037,34112,250649
0.0,0.0,85.5,1274.0,4759.0,5960.0,21.0,74.0,77.0,22.4321428575,18.815384615384616,9.57037037037037,5898,11,42.0,51.0,16444.0,48.0,221,16322,50,172,0,514,53,84,15670,8480,8063,395,231,260,75,862,605,525,543,485,2503,7237,1160,1537,1189,3926,923,1959,16543
186.0,7775.0,56.06493506493506,9897.0,35455.0,45049.0,101.0,270.0,346.0,21.753571428857143,8.746153846153847,4.65,53262,66,38.9,2036.0,113159.0,2420.0,5424,112191,1354,9307,0,3807,111,1911,101125,59623,57992,4701,2989,2749,1829,4352,3236,3952,5991,6965,8938,62158,8313,5248,14948,23143,5126,20698,117615
0.0,0.0,90.29411764705884,1620.0,6539.0,8678.0,32.0,74.0,102.0,21.753571428678573,18.87692307692308,9.251851851851852,6207,0,44.0,29.0,21839.0,29.0,46,21851,0,150,0,356,0,6,21385,10957,10940,508,402,248,78,845,602,667,1150,1046,3145,7613,1842,1395,1373,5128,1562,3227,21897
0.0,0.0,87.92307692307692,786.0,3839.0,4979.0,1.0,42.0,52.0,22.50357142857143,19.93846153846154,10.377777777777778,4483,0,46.4,16.0,14015.0,1.0,29,14003,0,103,19,951,46,10,12903,6986,7046,325,189,123,97,581,551,548,481,575,1871,5831,1016,1354,1129,3586,926,1478,14032
0.0,0.0,83.36842105263158,2036.0,4954.0,6281.0,50.0,103.0,111.0,21.78214285717857,12.146153846153847,6.619230769230769,8769,14,46.2,174.0,21841.0,147.0,206,21956,123,368,31,495,21,45,21079,11219,10943,596,366,345,103,1259,1208,743,979,1542,2651,10230,1144,1981,2509,3970,604,3865,22162
709.0,29473.0,78.68181818181819,7987.0,27196.0,33871.0,160.0,362.0,442.0,21.707142857142856,15.753846153846156,8.133333333333333,33354,56,39.0,686.0,91986.0,656.0,1331,91997,1100,4243,17,2893,106,490,84479,47704,45624,2330,1444,1539,1289,3762,3401,3060,3158,3988,15325,40767,6275,7462,12574,14503,4242,13670,93328
0.0,0.0,88.5,232.0,1819.0,2262.0,0.0,13.0,15.0,22.49642857142857,22.5,12.67777777777778,2179,0,48.7,20.0,7142.0,23.0,0,7185,0,1,0,50,0,0,7134,3659,3526,86,81,165,46,303,280,239,243,210,1161,2783,692,752,463,1814,481,904,7185
0.0,0.0,92.57142857142856,382.0,2333.0,2711.0,6.0,38.0,54.0,24.206896551827587,19.661538461538463,11.166666666666666,2359,0,44.4,0.0,8595.0,4.0,6,8593,0,7,0,51,15,0,8526,4263,4336,144,82,67,52,406,446,221,149,321,1497,2870,1158,616,417,2260,851,609,8599
0.0,0.0,76.0,473.0,2138.0,2501.0,6.0,18.0,20.0,22.639285714642856,17.26923076923077,8.848148148148148,2690,0,46.0,88.0,8404.0,7.0,43,8456,81,107,0,115,22,7,8167,3829,4670,266,114,136,214,341,279,246,205,195,627,3245,220,608,700,2006,759,1037,8499
0.0,0.0,86.97142857142858,2732.0,12950.0,16707.0,70.0,183.0,235.0,21.99285714285714,16.415384615384617,9.37037037037037,14063,0,44.5,135.0,42872.0,80.0,517,42570,15,2195,26,475,92,88,40196,21420,21667,997,501,426,231,1690,1717,1505,1644,2317,6360,17130,3455,3864,3672,9398,2813,6227,43087
0.0,0.0,90.625,721.0,2083.0,2537.0,8.0,18.0,23.0,22.78928571464286,19.515384615384612,9.248148148148148,2325,0,39.9,182.0,7753.0,35.0,336,7634,95,919,0,165,29,141,6621,3337,4633,139,69,37,8,314,204,216,301,351,877,3116,200,633,698,1998,557,859,7970
0.0,0.0,73.8,1104.0,3753.0,4799.0,26.0,56.0,61.0,22.571428571428573,15.938461538461535,9.862962962962964,4404,0,46.7,0.0,11516.0,49.0,83,11482,34,184,29,73,0,37,11208,5728,5837,289,144,43,66,644,413,376,724,598,1545,5313,699,1194,775,2768,764,1433,11565
71.0,2236.0,80.87878787878788,2441.0,9383.0,12850.0,53.0,148.0,184.0,22.49642857142857,17.03076923076923,9.04814814814815,13340,7,45.9,144.0,34351.0,398.0,677,34216,234,1015,0,939,15,206,32484,17901,16992,699,642,269,367,1744,1656,1203,1292,1565,5999,15125,2042,3238,3665,6640,2056,5365,34893
0.0,0.0,69.46153846153847,1552.0,5796.0,7299.0,28.0,69.0,75.0,21.78571428507143,16.276923076923076,4.861538461538462,8948,0,47.6,37.0,23179.0,88.0,347,22957,56,292,0,318,40,22,22576,11359,11945,718,422,175,104,1093,1075,775,950,1299,2554,10374,1003,1856,1510,5733,1092,3596,23304
167.0,5357.0,84.0,2605.0,6657.0,8355.0,86.0,140.0,152.0,21.782142856785715,12.930769230769233,6.7846153846153845,11405,136,47.0,88.0,28845.0,185.0,450,28668,144,653,6,796,13,0,27506,14945,14173,903,490,218,264,1444,1372,1311,1229,1653,3792,13985,2074,1952,2483,5485,1509,5402,29118
0.0,0.0,74.53846153846153,1302.0,4169.0,5710.0,20.0,49.0,52.0,22.392857142857142,15.876923076923076,5.965384615384616,5912,41,45.4,294.0,13272.0,223.0,126,13663,381,718,0,95,95,0,12500,6651,7138,459,291,85,131,765,845,420,737,682,1518,6603,1155,888,1001,3320,1249,1447,13789
264.0,11749.0,76.1,4922.0,19655.0,25992.0,71.0,243.0,290.0,22.36428571428572,13.884615384615383,5.465384615384616,27395,0,42.0,280.0,67005.0,335.0,1142,66478,414,1024,19,1639,4,226,64294,34603,33017,2435,1598,1289,1012,2579,2732,2069,2372,3412,7715,32237,4133,4650,8631,13383,3528,9532,67620
0.0,0.0,76.95652173913044,1685.0,6832.0,8770.0,50.0,132.0,159.0,22.28928571392857,15.046153846153848,6.573076923076924,9753,25,43.5,75.0,28514.0,204.0,271,28522,88,89,0,493,147,0,27976,14434,14359,809,654,353,465,1286,917,939,1123,1311,3570,11098,1964,2677,3069,6111,1257,4258,28793
0.0,0.0,41.375,3679.0,14112.0,18335.0,40.0,132.0,151.0,21.578571428178574,7.415384615384616,3.8230769230769233,23992,36,40.9,1099.0,54135.0,1688.0,3350,53572,787,3328,0,2382,141,1262,49022,28870,28052,2588,2047,1975,1955,1087,1427,1497,1884,2877,3620,29882,2500,1791,9472,9372,2334,9148,56922
1114.0,37793.0,79.16279069767442,12269.0,46887.0,59075.0,287.0,692.0,879.0,21.753571428857143,13.569230769230767,5.134615384615385,68833,59,43.6,1305.0,177756.0,1953.0,2060,178954,2209,12520,225,6132,335,396,159197,93841,87173,5811,3474,3114,3242,8127,7345,6354,7533,7864,25273,82904,12024,12172,26045,33320,8582,26170,181014
49.0,1391.0,81.4,1063.0,5268.0,6951.0,19.0,80.0,96.0,22.571428571428573,17.392307692307693,9.71111111111111,5280,9,44.3,5.0,15964.0,55.0,185,15839,67,29,0,508,69,195,15156,8002,8022,366,293,246,185,913,550,540,397,849,2133,6693,991,1672,1385,3880,751,2150,16024
0.0,0.0,89.04761904761905,1253.0,5478.0,7267.0,13.0,73.0,96.0,21.717857142892857,17.023076923076925,10.0,5917,0,43.1,72.0,20539.0,6.0,132,20485,60,149,39,227,1,0,20141,10375,10242,714,250,108,121,729,885,569,793,795,3331,7436,2358,1548,935,4709,1862,3137,20617
140.0,3993.0,88.58064516129032,2756.0,9521.0,12893.0,77.0,178.0,204.0,22.25357142832143,20.692307692307693,9.911111111111111,9092,0,43.9,0.0,32554.0,39.0,320,32273,18,525,7,563,34,0,31446,16549,16044,1177,527,297,257,1553,1216,1071,879,1335,5852,11672,3146,2075,2017,7483,2856,4673,32593
76.0,491.0,99.85714285714286,1382.0,5526.0,7420.0,20.0,64.0,87.0,22.607142857321428,27.646153846153844,11.503703703703705,3324,0,45.5,135.0,17923.0,25.0,246,17837,10,1435,0,311,25,109,16193,8896,9187,263,79,50,42,970,539,238,449,619,4182,4252,2023,1706,736,4694,2303,1657,18083
135.0,1860.0,75.43333333333334,3741.0,14794.0,20272.0,34.0,174.0,208.0,22.07500000046429,13.407692307692308,5.473076923076923,22650,77,41.0,239.0,55568.0,426.0,747,55486,312,1962,0,1026,149,481,52303,28367,27866,2028,938,935,656,2307,1854,1852,2546,3261,6656,26955,3751,3195,6967,10410,2024,8248,56233
94.0,3619.0,79.0,3073.0,8813.0,11200.0,66.0,151.0,171.0,21.785714285535715,14.707692307692309,6.465384615384616,11732,0,46.0,62.0,30642.0,196.0,303,30597,109,226,0,477,57,43,29988,15570,15330,1060,502,575,320,789,1157,1095,1268,1162,4422,13096,1706,2560,3148,6857,977,4917,30900
49.0,932.0,83.27272727272727,1798.0,6590.0,8899.0,38.0,89.0,111.0,22.217857143214285,16.96923076923077,10.67777777777778,9430,8,44.4,126.0,26354.0,220.0,194,26506,301,74,0,326,19,81,25899,13745,12955,875,176,630,454,1211,788,1038,1240,1056,3125,10512,2118,2327,2529,5783,1371,4135,26700
179.0,6136.0,86.5,4265.0,16770.0,23292.0,112.0,252.0,290.0,22.214285714285715,17.615384615384617,9.096296296296297,20463,49,43.4,219.0,58786.0,365.0,719,58651,296,3655,0,1565,70,31,53753,30992,28378,1086,752,396,474,2895,2699,1931,2678,2718,9459,23717,5069,5087,6400,10726,3672,8194,59370
0.0,0.0,71.15,2596.0,7812.0,10196.0,77.0,155.0,167.0,21.782142857071427,12.86153846153846,5.926923076923076,10217,0,44.4,34.0,26929.0,84.0,258,26789,69,922,0,471,4,94,25487,13493,13554,664,329,299,239,1108,1365,887,1737,1434,2748,12478,1451,1453,2458,6187,767,4091,27047
0.0,0.0,94.44,2168.0,7862.0,9976.0,34.0,119.0,135.0,22.428571428642854,25.36923076923077,10.466666666666669,5835,0,43.1,23.0,23747.0,38.0,61,23747,42,445,0,308,0,146,22867,12132,11676,379,165,207,57,1151,924,838,894,988,4571,7884,2554,2051,1196,5459,2760,2973,23808
835.0,38694.0,51.8125,8227.0,24344.0,31285.0,71.0,192.0,218.0,21.78214285692857,11.823076923076922,4.057692307692308,43297,68,32.2,4010.0,100245.0,1941.0,2291,103905,3568,3794,1,3433,81,1042,94277,51776,54420,3631,2398,2525,2842,3225,3209,3482,3003,3775,12143,56844,3672,3441,24832,13020,3041,11980,106196
0.0,0.0,82.16666666666667,972.0,4164.0,5865.0,14.0,41.0,50.0,22.499999999642856,15.3,8.648148148148149,4312,0,46.7,68.0,13272.0,4.0,141,13203,0,149,0,216,10,1,12968,6514,6830,182,165,167,50,806,561,530,698,635,1702,5583,934,1430,944,3431,824,1389,13344
0.0,0.0,60.4375,941.0,4212.0,5212.0,14.0,68.0,78.0,22.14285714321429,12.36153846153846,5.31923076923077,7319,10,48.5,72.0,17501.0,227.0,290,17510,0,94,0,466,108,123,17009,8926,8874,725,415,249,124,787,865,704,1070,1065,1481,8601,662,1295,1540,4245,902,2583,17800
0.0,0.0,88.66666666666667,1219.0,7239.0,9342.0,12.0,92.0,112.0,22.285714285714285,17.515384615384615,10.17777777777778,8487,17,45.3,251.0,24564.0,42.0,114,24743,102,195,0,251,149,58,24102,12496,12361,669,327,210,70,1199,1100,645,1179,998,3883,10000,1673,1711,2300,6216,1143,2899,24857
333.0,10697.0,77.8125,3680.0,10987.0,13845.0,68.0,158.0,198.0,21.78571428617857,12.515384615384615,5.153846153846154,16297,0,43.2,280.0,41061.0,534.0,506,41369,198,1529,0,1189,144,115,38700,21751,20124,1423,834,825,786,1674,1484,1103,1365,2039,5721,20136,2157,3341,6889,6429,1420,5621,41875
0.0,0.0,76.0,622.0,1927.0,2350.0,5.0,17.0,24.0,22.496428571785717,16.223076923076924,11.5,2636,59,51.8,0.0,6964.0,4.0,65,6903,0,255,0,11,16,64,6622,3378,3590,166,77,88,40,311,300,364,383,369,1096,3152,275,955,680,1740,377,596,6968
0.0,0.0,79.33333333333333,807.0,2056.0,2502.0,17.0,34.0,39.0,22.07142857107143,12.715384615384616,7.153846153846154,2815,16,44.0,0.0,7416.0,41.0,222,7235,0,15,0,80,0,210,7152,3407,4050,268,112,181,77,196,234,254,223,446,831,3356,493,402,445,1939,292,1224,7457
0.0,0.0,83.6,597.0,1999.0,2567.0,9.0,27.0,36.0,22.857142856785718,18.976923076923075,10.214814814814815,2641,26,49.5,29.0,8311.0,42.0,24,8358,11,24,0,75,0,23,8249,4163,4219,200,97,61,66,413,272,268,356,386,1459,3386,692,899,554,2012,615,1092,8382
0.0,0.0,77.0,2591.0,9165.0,11052.0,43.0,131.0,145.0,21.789285714285715,12.83846153846154,5.392307692307692,11944,25,43.3,326.0,33175.0,109.0,502,33108,79,1624,14,603,232,109,30949,16273,17337,946,853,613,296,1171,1316,1074,1212,1378,3571,14570,1821,2452,3146,8725,2081,4354,33610
70.0,2228.0,62.05,4307.0,16521.0,20824.0,75.0,171.0,221.0,21.717857142928573,8.346153846153847,4.796153846153846,23498,25,42.2,158.0,55891.0,555.0,671,55933,428,461,40,1216,51,131,54277,28712,27892,2436,1291,1565,1049,2025,1858,1864,1860,2954,4792,26636,3122,3726,8771,10071,1911,8658,56604
457.0,14465.0,81.32727272727273,4856.0,22425.0,30503.0,60.0,319.0,423.0,21.92857142892857,17.623076923076923,8.518518518518519,25602,57,42.3,577.0,73427.0,448.0,1212,73240,552,5518,0,2244,184,709,65245,37239,37213,2434,1437,859,546,2913,2553,2334,2531,3762,11747,30536,5554,5786,8371,14332,3980,11362,74452
110.0,2327.0,81.11111111111111,2417.0,9312.0,12041.0,10.0,78.0,99.0,22.607142856785718,17.46923076923077,9.544444444444444,9500,11,43.8,75.0,28631.0,57.0,276,28487,162,559,0,892,40,85,27025,14013,14750,796,283,390,245,1194,1150,932,1054,1177,3756,11547,1600,2564,2326,7603,1651,2956,28763
0.0,0.0,86.36363636363636,629.0,2405.0,3040.0,9.0,30.0,34.0,22.49285714292857,18.57692307692308,9.77777777777778,3249,0,47.1,87.0,9616.0,44.0,3,9744,38,53,0,162,0,57,9437,4892,4855,251,87,154,93,646,492,447,329,500,1162,3765,689,816,529,2280,719,1365,9747
0.0,0.0,87.9375,508.0,3121.0,4492.0,7.0,37.0,51.0,22.35357142832143,17.646153846153847,11.614814814814816,3948,6,46.1,22.0,13798.0,11.0,162,13669,14,12,0,424,7,15,13359,6991,6840,270,165,117,97,652,539,472,495,557,2235,5044,1138,1378,849,3199,1112,1793,13831
0.0,0.0,88.0,708.0,2775.0,3840.0,23.0,50.0,66.0,22.42857142892857,21.46923076923077,9.262962962962964,3350,0,49.6,25.0,12629.0,56.0,250,12460,0,539,0,284,0,11,11876,6859,5851,382,129,83,79,706,500,514,361,607,2256,4519,1351,1813,1051,2941,811,1876,12710
0.0,0.0,75.0,1102.0,4465.0,5928.0,21.0,69.0,84.0,22.22142857178571,13.830769230769231,5.5,6504,32,43.9,75.0,16694.0,48.0,167,16650,23,153,0,339,0,97,16205,8483,8334,597,494,194,137,588,655,589,785,653,1957,7759,1377,980,1780,3898,845,2523,16817
0.0,0.0,78.625,508.0,1960.0,2440.0,9.0,34.0,39.0,22.71071428535714,20.142857142857142,10.05185185185185,2810,12,49.8,0.0,6935.0,8.0,39,6904,12,51,0,90,0,38,6752,3452,3491,205,118,83,14,353,325,352,357,369,1000,3227,212,684,739,1602,334,897,6943
0.0,0.0,86.8,635.0,2187.0,2718.0,4.0,31.0,33.0,22.489285713821427,15.3,7.953846153846154,2727,0,47.9,28.0,8702.0,6.0,45,8691,27,10,0,193,11,5,8490,4348,4388,191,186,125,43,452,351,209,518,331,996,3301,399,735,753,2031,360,1348,8736
0.0,0.0,82.33333333333333,1716.0,6764.0,8963.0,31.0,88.0,105.0,22.57142857107143,17.96923076923077,9.829629629629627,8139,0,42.0,124.0,24316.0,11.0,334,24117,26,510,0,520,31,34,23330,12326,12125,428,391,438,153,1303,829,543,1014,1069,3424,10648,1602,1980,2117,5908,1277,2502,24451
0.0,0.0,82.3157894736842,2636.0,9757.0,11678.0,32.0,114.0,148.0,21.710714285714285,14.900000000000002,9.12962962962963,12606,135,44.5,328.0,39543.0,81.0,272,39680,122,253,0,481,69,127,38900,20571,19381,680,601,488,440,1245,1284,1332,1724,1716,5718,14713,3082,3617,3839,7408,3289,5962,39952
0.0,0.0,94.25,332.0,2219.0,2847.0,4.0,29.0,38.0,22.92857142842857,25.29230769230769,9.877777777777778,2286,6,47.4,0.0,8287.0,2.0,5,8284,0,0,0,128,0,5,8156,4212,4077,224,42,25,45,358,311,282,361,298,1636,2947,891,987,499,1910,691,961,8289
25.0,534.0,86.94117647058823,1102.0,4282.0,5440.0,19.0,81.0,97.0,22.28571428535714,17.03076923076923,11.596296296296297,4712,0,46.6,7.0,15221.0,63.0,151,15140,0,122,0,197,0,44,14928,7900,7391,361,160,248,62,766,558,531,550,828,1958,5836,1160,1353,1053,3588,803,2004,15291
0.0,0.0,87.0,360.0,1434.0,1739.0,2.0,23.0,28.0,24.86,17.453846153846154,11.274074074074074,1871,0,46.1,0.0,5753.0,11.0,20,5744,0,78,0,88,0,0,5598,2867,2897,186,16,83,39,308,234,288,277,278,848,2345,584,647,360,1147,491,1191,5764
275.0,11375.0,75.375,7194.0,22031.0,27986.0,132.0,337.0,380.0,21.79285714357143,13.184615384615386,5.630769230769231,32320,87,43.8,368.0,83470.0,549.0,1002,83385,357,1231,1,1415,300,39,81044,43634,40753,2526,1555,1388,1066,3919,3092,2671,3744,4251,10977,37500,6351,5426,10229,14166,3234,15436,84387
0.0,0.0,92.83333333333331,1760.0,6912.0,9660.0,35.0,102.0,135.0,22.50000000021429,20.838461538461537,9.77777777777778,5840,0,45.0,32.0,20791.0,67.0,85,20805,60,239,0,242,0,25,20324,10570,10320,445,450,171,110,885,1084,753,687,1061,3028,7061,1950,1861,1276,5145,1811,2416,20890
0.0,0.0,73.77272727272727,1759.0,4607.0,5856.0,17.0,54.0,70.0,22.464285714285715,15.546153846153846,9.707407407407407,6964,0,54.2,231.0,19623.0,354.0,836,19372,144,524,3,537,171,224,18605,9304,10904,644,316,239,152,1096,896,747,1101,1265,2655,8414,1013,1809,1432,4175,1216,3438,20208
0.0,0.0,81.23529411764706,1245.0,3247.0,4172.0,15.0,36.0,43.0,22.717857142857145,15.784615384615384,9.414814814814816,5994,10,41.6,73.0,15337.0,114.0,464,15060,87,120,87,634,1527,44,13025,7611,7913,480,256,177,144,697,599,598,618,833,2081,7732,1381,1380,1460,2597,491,3085,15524
40.0,1679.0,66.88372093023256,5586.0,13384.0,16143.0,80.0,140.0,155.0,22.28214285728572,9.761538461538462,8.537037037037036,18961,47,44.4,599.0,44082.0,501.0,1184,43998,299,685,0,744,337,582,42535,22431,22751,1531,867,695,600,2253,1924,1574,2268,2413,4934,22586,2453,2910,4621,7543,1852,8223,45182
0.0,0.0,58.92857142857143,1097.0,3234.0,4388.0,19.0,38.0,49.0,22.474999999357145,12.892307692307693,10.2,5866,2,52.6,67.0,14910.0,111.0,331,14757,77,57,0,429,1549,27,12949,7399,7689,559,314,368,223,657,642,691,823,1103,1730,7348,815,820,2304,1895,286,2879,15088
697.0,29939.0,60.82658959537572,32947.0,83599.0,103154.0,298.0,499.0,625.0,21.717857142785714,7.492307692307692,4.353846153846154,123868,297,37.5,9041.0,247217.0,6301.0,23547,239012,8324,6780,58,11726,6307,9344,220020,132341,130218,11835,6554,5883,5476,9125,9774,9077,11330,15471,21506,142723,10435,11433,44813,35927,10157,46281,262559
0.0,0.0,61.07692307692308,1350.0,3432.0,4195.0,7.0,12.0,14.0,22.43214285725,8.961538461538462,8.144444444444444,5855,6,46.6,127.0,12887.0,73.0,300,12787,6,72,0,185,45,148,12631,6443,6644,549,237,222,141,561,552,594,678,951,1266,7009,367,816,1297,2450,430,2467,13087
0.0,0.0,63.73333333333333,1344.0,3942.0,5146.0,26.0,41.0,45.0,22.28214285760714,12.6,9.311111111111112,5669,2,53.1,63.0,15147.0,153.0,300,15063,56,95,1,542,544,30,14095,7490,7873,633,320,225,190,716,695,803,776,980,1904,6934,896,1257,1518,2624,446,2835,15363
0.0,0.0,55.30555555555556,6077.0,14424.0,16921.0,52.0,117.0,138.0,21.789285714035717,4.853846153846154,3.984615384615384,25107,47,40.9,455.0,48684.0,866.0,2198,47807,1185,462,1,1008,253,373,46723,24845,25160,2713,1944,1418,1032,1408,1552,1368,2385,3035,3096,28282,1107,1906,8972,7498,979,9588,50005
102.0,1977.0,58.65217391304348,7277.0,18549.0,22244.0,97.0,176.0,220.0,21.796428571607144,8.938461538461539,8.296296296296296,28115,120,41.3,370.0,63206.0,599.0,1185,62990,893,986,2,1270,204,155,60665,30901,33274,2828,1824,1066,1112,2353,2578,2149,2847,3658,5629,32872,3173,2848,7851,10382,2209,13673,64175
0.0,0.0,74.03333333333333,3548.0,7605.0,9076.0,64.0,117.0,133.0,22.357142857142858,12.915384615384616,8.337037037037037,12742,41,37.6,643.0,33814.0,211.0,1752,32916,90,152,1,801,72,452,33100,17150,17518,1018,579,488,336,1532,1237,1289,1430,1970,3035,16536,1575,3023,2089,5953,2757,5159,34668
126.0,1290.0,52.27272727272727,5462.0,15122.0,19695.0,70.0,124.0,149.0,21.71428571425,7.1,4.580769230769231,27110,124,42.7,801.0,55853.0,677.0,2063,55268,468,1025,2,1007,272,630,53927,27873,29458,2789,1642,1720,1117,2052,1875,2181,2691,3929,4340,31496,1919,3357,7707,9060,1970,11906,57331
0.0,0.0,71.82352941176471,1714.0,4207.0,5362.0,17.0,28.0,32.0,22.571428571464285,13.169230769230769,8.844444444444445,6455,22,47.0,109.0,15903.0,143.0,269,15886,96,318,0,328,35,4,15374,7768,8387,491,248,198,243,721,589,564,765,906,1951,7428,813,1166,1480,2893,497,3099,16155
1348.0,59190.0,36.694117647058825,42550.0,122743.0,179471.0,314.0,490.0,650.0,21.710714285392857,7.815384615384615,3.3230769230769237,239422,359,35.2,26951.0,496096.0,19412.0,35232,507227,32250,26297,321,24522,1603,9237,448229,272699,269760,24886,18014,18778,20093,17016,17598,16895,23216,31810,38294,318152,15968,13920,156330,43018,10082,74610,542459
163.0,1338.0,60.36923076923077,12254.0,26937.0,33030.0,191.0,319.0,378.0,21.928571428607142,7.515384615384615,4.8,40960,70,43.0,1061.0,85725.0,783.0,4387,83182,561,2378,69,2206,278,677,81400,41823,45746,3811,1901,1424,912,3818,3455,2814,4271,6062,6539,47843,2921,4629,8974,18134,3517,17585,87569
0.0,0.0,50.19230769230769,2633.0,6923.0,8792.0,34.0,65.0,91.0,22.27857142857143,9.184615384615386,9.407407407407408,12008,22,53.3,410.0,26711.0,500.0,918,26703,135,181,0,410,206,205,26484,13960,13661,1454,705,588,697,1463,1187,1166,1874,1681,2614,14324,864,1927,4025,4196,556,4632,27621
0.0,0.0,68.90243902439025,4258.0,11444.0,14477.0,63.0,74.0,95.0,21.71071428557143,12.430769230769233,8.244444444444444,19046,134,42.3,507.0,42437.0,553.0,730,42767,543,546,0,1300,798,239,40071,21605,21892,1947,1079,839,519,1896,1802,1362,2075,2710,4765,22791,1746,2680,5724,6031,1416,9924,43497
0.0,0.0,60.58620689655172,4634.0,13220.0,15621.0,32.0,71.0,85.0,22.142857143428568,9.961538461538462,7.955555555555556,19526,20,35.1,596.0,43707.0,726.0,888,44141,1361,293,22,1012,93,150,42098,22451,22578,1778,903,947,572,1527,1482,1420,1883,2451,4161,24577,2047,2107,6231,6034,1198,7074,45029
435.0,20361.0,58.93150684931507,11328.0,29908.0,36696.0,118.0,180.0,215.0,21.785714286,8.892307692307693,7.388888888888889,48155,48,34.9,1304.0,100346.0,2482.0,2662,101470,4001,1264,386,3079,333,401,94668,52535,51597,5008,2362,1987,1712,3953,3451,3099,4835,6006,9189,58914,3967,4161,16909,11377,2215,19602,104132
0.0,0.0,77.0,463.0,1077.0,1350.0,12.0,16.0,17.0,24.58275862062069,27.023529411764702,14.548275862068964,1670,0,54.3,0.0,4305.0,7.0,19,4293,0,28,0,57,20,0,4207,2100,2212,175,69,68,49,229,184,215,248,217,584,2020,183,311,490,800,149,877,4312
120.0,5708.0,63.89411764705882,13083.0,31589.0,39275.0,135.0,253.0,317.0,21.785714285714285,7.576923076923077,4.465384615384616,47988,95,41.7,2282.0,99313.0,1059.0,5537,97117,1214,1434,35,2881,471,2208,94411,51857,50797,5026,2857,2163,1367,3616,3849,3762,4897,6255,8098,55438,3311,5458,13276,17233,3455,18973,102654
0.0,0.0,76.45454545454545,997.0,2666.0,3353.0,27.0,50.0,56.0,22.857142857142858,16.0,10.162962962962965,3272,6,47.2,44.0,8929.0,30.0,247,8756,67,91,0,392,1272,85,7096,4473,4530,265,116,100,72,450,459,373,431,515,1148,3902,666,749,651,1660,354,1714,9003
0.0,0.0,67.9090909090909,5367.0,12601.0,15520.0,91.0,143.0,163.0,22.210714286214287,10.415384615384616,7.566666666666667,21225,49,36.1,494.0,50669.0,407.0,944,50626,501,802,0,503,70,102,49592,24838,26732,1686,969,773,475,2016,1901,1807,1997,2940,5091,26749,1765,3093,5632,6972,1479,9000,51570
58.0,2384.0,58.58064516129032,3332.0,8952.0,11677.0,23.0,52.0,65.0,21.96428571439285,7.038461538461538,4.246153846153846,17449,83,43.4,455.0,35968.0,367.0,1184,35606,101,201,9,617,81,388,35393,18486,18304,1634,995,1003,708,1195,1359,1113,1868,2293,3072,20644,1393,2227,4949,5819,1384,7145,36790
0.0,0.0,66.15789473684211,1945.0,5053.0,6391.0,24.0,61.0,72.0,22.289285714,14.192307692307692,8.722222222222221,7806,95,45.6,186.0,18433.0,188.0,966,17841,54,171,0,380,50,192,17960,9313,9494,868,367,309,264,649,833,731,910,1127,1966,9170,934,1483,1937,3212,820,3179,18807
0.0,0.0,53.4,1978.0,5184.0,6897.0,13.0,26.0,34.0,21.71428571425,7.076923076923077,4.253846153846154,10885,15,42.9,164.0,23253.0,215.0,455,23177,157,197,22,452,56,99,22649,11733,11899,996,676,715,534,826,706,838,1005,1557,1958,13158,728,1417,3103,3794,492,4900,23632
0.0,0.0,77.75,673.0,1461.0,1818.0,40.0,47.0,50.0,22.93571428557143,19.285714285714285,10.807407407407409,2146,0,55.6,25.0,5614.0,40.0,77,5602,25,10,0,113,63,19,5449,2820,2859,204,120,66,42,370,289,256,285,322,905,2623,288,449,605,913,90,1214,5679
0.0,0.0,70.625,2618.0,5629.0,6956.0,29.0,41.0,46.0,22.289285714142856,12.784615384615384,8.655555555555555,8117,24,42.0,249.0,20158.0,149.0,745,19811,106,415,12,692,1120,269,17942,9525,11031,743,324,342,206,749,808,737,1074,1082,2181,9905,1018,1390,1603,4358,1041,3718,20556
140.0,3366.0,52.87301587301587,8892.0,21327.0,26950.0,131.0,229.0,270.0,21.928571428642854,6.892307692307692,4.588461538461538,41010,100,41.3,1645.0,82132.0,1060.0,6148,78689,451,710,45,2459,162,1919,79091,42356,42481,3827,2577,2336,1318,3159,2773,2527,3588,4815,6429,47856,3795,4007,12711,13279,3187,15411,84837
100.0,1026.0,72.82608695652173,3083.0,7649.0,9428.0,31.0,65.0,76.0,22.571428571857144,13.330769230769231,8.977777777777778,10886,24,45.6,233.0,25975.0,395.0,855,25748,122,627,6,537,258,273,24780,12362,14241,925,336,320,288,1061,1214,1063,1299,1575,2698,13053,1519,1610,2175,5414,1259,5289,26603
319.0,11746.0,58.23529411764706,17109.0,43744.0,56670.0,322.0,616.0,721.0,21.57499999985714,8.938461538461539,5.330769230769231,77979,130,38.7,6456.0,156702.0,5840.0,22782,146216,2719,11737,81,9137,669,3774,140881,85532,83466,5950,5041,4672,3603,5801,4635,5222,6788,9273,13610,91699,10272,6942,26647,24959,8001,30725,168998
0.0,0.0,59.41176470588236,2584.0,5820.0,6842.0,36.0,56.0,71.0,21.710714285392857,6.315384615384615,4.330769230769231,9446,7,44.2,332.0,19917.0,149.0,650,19748,89,139,0,296,107,164,19603,10054,10344,1117,579,392,217,735,730,638,969,1371,1501,11012,334,1315,2234,3647,478,3978,20398
404.0,19934.0,58.76136363636363,12739.0,34369.0,43711.0,90.0,170.0,222.0,21.785714285857143,8.476923076923077,7.225925925925925,53408,30,36.3,1014.0,114556.0,2598.0,2355,115813,5098,1955,16,3256,269,876,106698,60645,57523,4361,2865,2378,2684,4726,4310,4077,5553,6327,10824,64227,3851,5300,21698,12258,1981,20954,118168
0.0,0.0,68.125,1623.0,3612.0,4450.0,8.0,22.0,33.0,22.49999999978572,11.7,7.833333333333333,7121,11,41.7,318.0,16283.0,81.0,680,16002,75,93,0,284,54,107,16069,8250,8432,602,367,310,168,562,589,571,909,1089,1610,8569,859,1346,1780,2951,621,2893,16682
0.0,0.0,77.57142857142857,2096.0,5180.0,6763.0,48.0,81.0,108.0,22.282142856821427,12.9,9.15925925925926,7675,13,48.8,186.0,18869.0,112.0,417,18750,41,128,2,584,128,96,18188,9451,9716,800,239,226,170,976,883,741,939,1308,2257,9260,876,1528,1575,3857,775,3304,19167
0.0,0.0,69.14285714285714,3094.0,6981.0,9049.0,93.0,144.0,160.0,22.21428571464286,10.738461538461538,8.922222222222222,11966,7,47.9,154.0,27427.0,106.0,522,27165,87,190,0,570,117,44,26679,13753,13934,1288,772,441,305,1189,1138,1069,1472,1981,2999,14217,1115,2204,2823,5336,931,5573,27687
127.0,4357.0,73.02702702702703,8431.0,20319.0,25199.0,88.0,184.0,220.0,22.06785714292857,9.646153846153846,8.377777777777778,36026,89,44.9,1168.0,76714.0,1095.0,3377,75600,2162,936,8,1808,348,503,73212,39576,39401,3476,1704,1393,1085,3235,3529,2904,4111,5129,7869,41352,2742,4913,9656,13013,2504,15599,78977
318.0,16010.0,63.490566037735846,15125.0,39057.0,49557.0,223.0,478.0,550.0,21.785714285464284,6.907692307692307,4.446153846153846,62696,240,40.8,2079.0,130349.0,3057.0,3905,131580,7396,671,77,4394,249,1868,120830,67539,67946,5677,3101,2754,2505,5879,4711,4905,5865,9408,11193,73426,5918,6746,19762,20620,4460,25395,135485
55.0,2883.0,77.0,4379.0,11526.0,14582.0,74.0,114.0,149.0,22.21071428557143,10.830769230769231,9.12962962962963,16571,69,48.9,221.0,39744.0,347.0,757,39555,140,284,21,682,208,157,38820,20049,20263,1675,667,583,441,1651,1863,1847,2334,2418,5390,19436,1844,3257,3470,7864,1475,7727,40312
0.0,0.0,67.0,1497.0,3780.0,4645.0,27.0,56.0,71.0,22.49642857146429,13.569230769230767,9.414814814814816,6207,17,50.2,76.0,15108.0,196.0,546,14834,84,99,0,289,78,88,14742,7528,7852,612,318,241,90,805,685,578,809,967,1665,7275,727,1149,1092,3152,613,2857,15380
0.0,0.0,77.0,791.0,1892.0,2412.0,11.0,13.0,16.0,26.06562499996875,26.407692307692308,20.116666666666667,1220,0,31.0,8.0,4556.0,2.0,331,4235,8,8,0,235,3834,4,477,2276,2290,112,41,88,58,137,131,136,91,141,465,1646,671,279,290,896,130,684,4566
3039.0,118588.0,69.27294117647058,107412.0,267006.0,341792.0,1357.0,2160.0,2500.0,21.575000000357143,15.284615384615384,8.555555555555555,381222,1064,35.0,49859.0,861094.0,38227.0,146352,802828,42052,250134,331,48601,5049,60865,542148,489681,459499,31223,19107,17998,15300,36875,34599,29533,39862,46477,112729,482884,90668,60689,163911,138343,53081,146281,949180
0.0,0.0,63.810810810810814,4424.0,11850.0,14778.0,47.0,83.0,113.0,22.285714285642857,11.261538461538462,7.992592592592593,19138,37,39.8,594.0,44995.0,566.0,2213,43942,388,850,11,906,503,994,42503,22601,23554,1661,1033,863,599,1640,2100,1390,2263,2688,3788,22932,2152,3011,5160,7892,2068,8388,46155
0.0,0.0,67.51724137931035,4752.0,11346.0,13386.0,71.0,110.0,135.0,21.714285714357143,7.515384615384615,5.542307692307692,16757,34,47.2,111.0,37521.0,238.0,739,37131,111,109,0,815,508,27,36300,18531,19339,1886,987,680,474,1341,1390,1285,2025,2703,3512,19460,1231,2383,3592,7671,1487,7251,37870
103.0,5082.0,58.85,3554.0,8439.0,10967.0,75.0,133.0,152.0,22.57499999975,10.515384615384615,9.248148148148148,14742,75,51.4,172.0,35039.0,269.0,579,34901,150,195,6,386,539,180,34024,17653,17827,1538,635,742,820,1507,1243,1348,1758,2139,3947,16931,1017,2170,4791,5400,877,6970,35480
439.0,19361.0,58.248226950354606,21914.0,54013.0,64664.0,241.0,377.0,451.0,21.789285714535712,6.307692307692308,4.423076923076923,89709,140,38.4,3251.0,179988.0,3590.0,8272,178557,6543,2751,103,5021,2813,2908,166690,93565,93264,8172,5091,5308,3594,6161,6416,6099,8698,11473,13585,104153,6326,7312,31920,26973,4764,35602,186829
253.0,10530.0,32.88709677419355,8580.0,21984.0,27887.0,104.0,165.0,214.0,21.57142857110714,3.4000000000000004,3.773076923076923,41174,64,44.0,1594.0,84433.0,3152.0,2782,86397,1884,1319,48,2440,162,631,82695,45202,43977,3634,2856,3759,4819,2854,2668,2192,3264,5093,5027,48281,948,2825,23525,8052,1083,11933,89179
0.0,0.0,65.57142857142857,826.0,1947.0,2307.0,7.0,18.0,20.0,22.392857142857142,11.46923076923077,8.170370370370371,3001,14,46.8,62.0,7157.0,42.0,150,7111,27,24,6,58,21,28,7097,3550,3711,386,153,106,106,263,288,290,381,418,736,3790,304,525,773,1245,281,1333,7261
0.0,0.0,46.37037037037037,4403.0,11429.0,13520.0,42.0,72.0,78.0,21.56785714292857,5.730769230769231,4.061538461538461,20305,14,37.3,459.0,41548.0,329.0,980,41356,409,309,59,1110,94,181,40174,21307,21029,1930,1331,1254,908,1434,1160,1241,1775,2418,2405,24258,632,1752,6300,5739,898,7557,42336
0.0,0.0,58.31428571428572,4049.0,12208.0,15170.0,56.0,119.0,132.0,22.14285714239286,8.738461538461538,5.592307692307693,19468,32,45.9,212.0,42998.0,339.0,845,42704,178,219,15,758,392,131,41856,21601,21948,1720,1154,1255,537,1613,1722,1585,2127,2807,4127,22669,1707,3006,5426,7440,1142,8549,43549
82.0,3349.0,61.07843137254902,7021.0,17841.0,22902.0,68.0,156.0,178.0,22.06785714278572,8.653846153846153,8.151851851851852,31806,46,37.2,1602.0,68009.0,1211.0,2379,68443,2257,531,7,1242,174,1033,65578,34985,35837,2830,1874,1775,1157,2777,2522,2801,3033,3871,6272,39007,2322,3061,12225,9711,1684,10387,70822
0.0,0.0,78.6470588235294,1270.0,3239.0,4091.0,7.0,32.0,42.0,22.89285714275,14.96923076923077,8.744444444444444,5549,19,51.9,156.0,13101.0,94.0,254,13097,84,73,115,178,126,50,12725,6478,6873,508,177,198,104,663,781,774,752,805,1914,6531,549,1140,1184,2461,428,2782,13351
511.0,16795.0,62.44512195121951,23065.0,55966.0,71366.0,382.0,666.0,761.0,21.785714285857143,11.66153846153846,5.6923076923076925,85144,52,40.1,5014.0,186280.0,4565.0,26795,169064,2619,22086,104,8624,988,5646,155792,98776,97083,7493,5418,5362,3680,6799,6601,6247,7873,10475,17700,99318,13754,8588,26990,29288,8354,37158,195859
0.0,0.0,72.125,1314.0,3805.0,4998.0,17.0,45.0,57.0,22.29285714325,13.915384615384616,7.81111111111111,7071,40,45.8,249.0,17026.0,133.0,433,16975,124,109,1,279,37,383,16475,8691,8717,633,353,201,157,767,743,704,890,1026,2106,8330,736,1820,1624,3394,704,2610,17408
356.0,12001.0,67.03389830508475,16023.0,42387.0,55412.0,194.0,369.0,463.0,21.789285714285715,9.515384615384615,9.092592592592592,72563,83,39.8,4194.0,155150.0,3188.0,14693,147839,1801,7510,28,6565,486,7292,138850,82489,80043,6099,3653,3588,1802,5568,6408,5055,7665,9601,15798,83965,10749,7690,21099,26187,6719,29972,162532
0.0,0.0,79.23529411764706,1297.0,3397.0,4190.0,20.0,54.0,62.0,22.28928571392857,14.192307692307692,9.062962962962963,5395,10,48.9,59.0,13901.0,114.0,279,13795,29,88,10,331,40,47,13529,7026,7048,391,318,159,96,723,713,674,808,692,1840,6686,759,1241,1190,2557,729,2413,14074
0.0,0.0,37.56603773584906,8083.0,24324.0,30704.0,65.0,143.0,168.0,21.57500000039286,4.069230769230769,4.315384615384615,44067,121,39.2,828.0,87409.0,1465.0,2224,87478,849,639,17,2113,151,550,85383,44772,44930,4990,3165,3304,2690,1781,2602,2357,3677,5522,4595,50492,1746,3347,18484,10263,1281,18171,89702
79.0,3107.0,56.19565217391305,5580.0,15766.0,21002.0,54.0,117.0,166.0,22.071428570964287,9.946153846153846,4.619230769230769,30430,132,41.0,1346.0,62084.0,722.0,3426,60726,331,451,11,1599,804,1198,59758,32232,31920,2922,1558,1273,954,2539,2169,2204,3365,3857,5910,35026,3115,3635,8321,10038,2602,11990,64152
0.0,0.0,61.3,1571.0,4504.0,6062.0,22.0,59.0,71.0,22.857142857107146,16.876923076923077,9.6,6415,0,50.7,78.0,16215.0,184.0,455,16022,90,66,5,697,2781,124,12714,8027,8450,517,421,239,287,755,733,487,1034,1082,2338,7823,1021,1393,1842,2608,524,3107,16477
0.0,0.0,69.03125,5094.0,11607.0,14349.0,83.0,144.0,166.0,22.246428570964287,9.961538461538462,8.52962962962963,17171,45,45.5,197.0,40300.0,316.0,1209,39604,177,178,0,1511,2879,158,35910,20435,20378,1647,801,549,477,1617,1562,1559,2020,2693,4228,20492,1750,2984,3634,8335,1295,7281,40813
189.0,6760.0,62.656716417910445,13759.0,32313.0,39478.0,159.0,298.0,362.0,21.789285714035717,7.623076923076923,7.733333333333333,53335,158,41.3,2803.0,108383.0,3966.0,7615,107537,6789,2344,5,3407,320,1421,100866,57128,58024,4906,3046,2290,1727,5068,4492,4340,5650,6995,9240,61521,4408,5030,16193,19125,2963,21137,115152
0.0,0.0,70.55555555555556,2018.0,4803.0,5798.0,39.0,68.0,83.0,22.289285714285715,11.007692307692308,8.414814814814815,8273,30,43.9,199.0,20017.0,104.0,458,19862,74,11,13,402,45,18,19757,10044,10276,602,474,316,251,822,987,767,865,1273,2266,10425,791,1667,1778,4121,1067,3269,20320
0.0,0.0,63.90909090909091,3514.0,8342.0,9976.0,45.0,62.0,75.0,22.3964285715,9.623076923076924,8.02962962962963,12874,35,40.7,880.0,28339.0,306.0,2581,26944,124,145,75,366,102,1456,27257,14524,15001,1040,636,554,353,1300,1031,1274,1495,1952,2508,15314,1123,2014,2958,5203,1110,5463,29525
0.0,0.0,65.0,1916.0,5945.0,7689.0,41.0,91.0,119.0,22.282142856785715,15.461538461538462,7.848148148148148,11564,16,42.0,219.0,30348.0,192.0,504,30255,104,75,11,631,46,156,29736,15242,15517,1120,708,385,331,1109,1091,1036,1294,1638,3434,14080,1044,2610,3548,4893,1369,4893,30759
0.0,0.0,54.57142857142857,2272.0,5188.0,6514.0,42.0,87.0,108.0,22.93571428542857,14.584615384615384,9.933333333333334,8060,6,55.1,102.0,21626.0,195.0,567,21356,126,99,13,607,2035,37,19006,10823,11100,699,414,399,483,1195,1265,832,1181,1455,2994,9998,1075,1545,2721,3227,488,4002,21923
64.0,2428.0,49.15730337078652,11301.0,26542.0,33409.0,158.0,274.0,312.0,21.924999999857143,8.207692307692309,4.6692307692307695,47712,197,40.4,3141.0,97537.0,2713.0,11567,91824,837,811,67,3858,353,2984,94481,51828,51563,4183,2824,2707,2202,3454,3612,3147,5046,6030,8209,56738,4134,4374,14777,13999,4473,17274,103391
0.0,0.0,64.66666666666667,1382.0,3952.0,5047.0,23.0,45.0,52.0,22.503571428535714,13.36153846153846,9.170370370370373,5923,31,51.7,107.0,15544.0,75.0,290,15436,84,112,32,339,173,57,14929,7909,7817,634,352,240,147,766,754,683,683,1047,1984,7143,740,1096,1724,2548,503,2954,15726
105.0,5383.0,42.26373626373626,15647.0,37790.0,46909.0,194.0,313.0,371.0,21.56785714278572,4.046153846153846,4.119230769230769,66509,96,43.2,1349.0,132140.0,2040.0,4465,131064,1883,1844,37,2724,303,1169,127569,68279,67250,6640,4449,5233,3866,3500,4678,3814,5694,9096,7817,76045,3001,4602,25786,18081,2763,24791,135529
785.0,33102.0,33.2171052631579,45275.0,111376.0,139866.0,611.0,1037.0,1249.0,21.567857143,3.6538461538461537,3.9269230769230767,190863,335,43.1,9347.0,381258.0,12032.0,19642,382995,15151,6329,117,9571,850,5354,365265,204475,198162,19519,13379,18353,19644,10472,9896,10482,14239,21670,22126,222756,7780,10742,103461,38350,6775,61234,402637
0.0,0.0,65.23809523809524,5721.0,13557.0,16371.0,162.0,247.0,266.0,22.285714285535715,10.292307692307691,8.466666666666667,23062,27,45.5,582.0,49971.0,444.0,1648,49349,291,350,11,679,254,583,48829,24973,26024,2166,1251,873,816,2266,2134,1965,2840,3314,4861,26925,1788,3355,5866,10363,1648,8723,50997
0.0,0.0,68.82608695652173,2408.0,6355.0,7661.0,37.0,84.0,94.0,22.360714285714288,13.723076923076924,8.851851851851851,9461,39,49.6,255.0,23660.0,341.0,1568,22688,101,398,4,536,137,820,22260,11445,12811,862,382,452,246,948,1161,880,1190,1432,2500,11039,917,1800,2099,5148,1371,3881,24256
340.0,16845.0,66.18604651162791,19907.0,51220.0,63976.0,220.0,368.0,418.0,21.7821428575,8.661538461538461,7.748148148148148,78557,218,38.3,2586.0,164892.0,3446.0,7230,163694,4932,3996,120,4345,822,1550,155159,84750,86174,7150,3929,3476,2846,6999,6582,5937,7970,10170,16073,91454,7319,7362,27299,26290,5234,29092,170924
248.0,14614.0,73.58333333333333,7173.0,20718.0,27068.0,100.0,219.0,269.0,22.071428571,10.36153846153846,8.255555555555555,32126,59,43.9,875.0,71166.0,851.0,2328,70564,1524,573,3,1507,376,527,68382,37025,35867,2749,1495,1063,1241,3358,3025,3376,3795,4598,8007,37454,3942,4713,8226,12851,2346,13725,72892
86.0,1250.0,46.29032258064516,3920.0,8327.0,11581.0,11.0,47.0,54.0,22.067857142821428,11.053846153846154,6.155555555555555,16694,3,28.2,1710.0,36168.0,786.0,3740,34924,1283,451,33,1793,288,714,34102,18756,19908,1709,654,1047,515,1600,1264,1246,1342,1756,5004,22466,666,925,9315,2149,604,5018,38664
0.0,0.0,66.55555555555556,1084.0,2006.0,3086.0,31.0,60.0,66.0,22.914285714285715,13.038461538461538,8.314814814814815,4197,0,40.8,212.0,11504.0,93.0,1082,10727,70,41,14,261,72,628,10723,5737,6072,360,222,120,110,556,450,336,601,502,1151,5333,421,771,1067,1547,532,2330,11809
232.0,1986.0,47.37931034482759,4691.0,10900.0,13903.0,59.0,142.0,161.0,22.34999999971429,8.092307692307692,4.088461538461538,21113,70,34.6,620.0,45918.0,420.0,4017,42941,68,365,29,1757,542,574,43623,22768,24190,2279,1322,1745,867,909,962,1095,1527,3181,3619,24735,1431,1165,5170,8875,1447,10009,46958
0.0,0.0,56.333333333333336,1482.0,4047.0,5023.0,23.0,51.0,55.0,22.571428571214284,11.276923076923076,7.948148148148149,6163,60,39.2,469.0,14304.0,300.0,2780,12293,137,163,5,512,207,507,13542,6981,8092,515,424,392,269,509,485,509,546,1030,1547,7280,542,911,1520,2943,734,2632,15073
0.0,0.0,44.54545454545455,973.0,1273.0,3686.0,17.0,53.0,58.0,22.28214285764286,9.36923076923077,4.142307692307693,5543,19,40.2,231.0,13445.0,166.0,1144,12698,19,0,0,458,85,35,13245,6688,7154,660,632,347,216,586,239,380,499,854,1048,6986,408,625,1399,2594,492,2665,13842
0.0,0.0,44.0,418.0,1019.0,1579.0,11.0,28.0,32.0,22.7821428575,13.507142857142856,15.986666666666666,2900,8,42.0,139.0,7337.0,26.0,182,7320,18,0,0,167,81,11,7225,3758,3744,467,220,153,94,328,170,133,305,382,574,3598,87,348,934,1076,204,1472,7502
219.0,3757.0,57.54545454545455,4927.0,11660.0,16863.0,82.0,183.0,204.0,22.500000000035715,14.146153846153847,8.314814814814815,13736,32,38.5,135.0,39340.0,236.0,2914,36797,107,183,26,1867,8322,524,28682,19863,19848,1284,679,538,547,1531,1712,1332,1580,2111,3520,18811,2673,2591,4611,5731,1460,7528,39711
0.0,0.0,57.41666666666666,1155.0,3244.0,4604.0,23.0,56.0,65.0,22.571428571142857,11.830769230769231,6.944444444444445,5025,11,44.1,133.0,13083.0,85.0,1438,11863,114,57,15,481,138,322,12174,6463,6838,416,306,144,107,539,520,468,631,781,1322,6339,433,932,1669,1504,560,2665,13301
0.0,0.0,59.5,361.0,749.0,1440.0,3.0,15.0,20.0,22.56428571442857,16.985714285714288,31.079487179487177,1785,0,47.9,8.0,4537.0,5.0,143,4407,0,0,0,57,118,54,4321,2265,2285,205,75,48,47,173,231,205,253,364,586,2343,301,315,589,500,109,959,4550
0.0,0.0,43.285714285714285,713.0,1305.0,2377.0,10.0,19.0,21.0,22.57142857117857,10.169230769230769,7.662962962962962,3328,0,46.4,67.0,8417.0,34.0,412,8106,129,49,0,98,87,0,8155,4028,4490,379,190,205,306,321,230,446,379,410,1095,4198,155,458,1298,1181,48,1504,8518
217.0,8057.0,48.08,8314.0,19041.0,31608.0,110.0,279.0,322.0,21.789285714142856,8.107692307692307,7.566666666666667,45232,73,37.4,1540.0,96174.0,1558.0,14982,84290,1129,1782,175,5964,798,1991,87433,48791,50481,4509,3235,2556,2029,2647,3252,3315,4570,6149,7940,52765,3306,3362,15773,12442,2873,20626,99272
0.0,0.0,41.86666666666667,1275.0,3303.0,4908.0,12.0,29.0,38.0,22.56428571403572,8.069230769230769,4.846153846153846,8148,284,40.1,420.0,19061.0,159.0,922,18718,69,10,0,717,62,110,18672,9664,9976,1025,622,410,369,599,689,515,1026,956,1137,9986,544,631,2081,3110,700,3767,19640
242.0,8416.0,50.96296296296296,7754.0,13746.0,25821.0,132.0,265.0,309.0,21.782142856857146,8.915384615384616,7.833333333333333,37393,38,37.3,978.0,78364.0,725.0,6958,73109,447,874,34,2436,812,436,75028,40068,39999,3160,2084,2032,1827,2768,3150,2948,3085,4639,7203,43422,3007,3486,9475,12382,2564,18012,80067
0.0,0.0,38.82608695652174,2623.0,5754.0,7713.0,29.0,136.0,153.0,22.71785714328572,11.515384615384615,8.05925925925926,11756,28,44.6,327.0,28566.0,380.0,1663,27610,177,208,0,904,135,397,27452,14847,14426,1239,767,504,460,929,1098,1094,1985,1907,2592,14452,629,1208,5126,3514,461,5241,29273
0.0,0.0,55.44444444444444,598.0,1347.0,2299.0,11.0,39.0,44.0,22.72142857135714,11.953846153846154,7.803703703703703,3497,0,48.8,131.0,8347.0,94.0,714,7858,58,5,50,415,0,12,8032,4153,4419,251,410,236,174,325,443,286,339,474,908,4226,155,928,893,1571,368,1554,8572
71.0,2524.0,38.68181818181818,3039.0,6078.0,10008.0,32.0,74.0,90.0,22.49999999967857,9.069230769230767,7.981481481481482,13075,9,42.7,289.0,29651.0,457.0,1329,29068,223,92,0,640,538,223,28681,15276,15121,1608,672,757,659,1185,1360,1073,895,1995,3090,15462,850,1930,4470,4009,671,5929,30397
0.0,0.0,33.0,681.0,1322.0,2316.0,7.0,27.0,28.0,22.789285713607143,12.321428571428571,13.789655172413797,4132,7,39.7,241.0,9361.0,263.0,723,9142,1,1,0,416,30,0,9417,4311,5554,278,230,400,356,147,223,216,246,647,786,5084,174,327,1543,1349,311,1696,9865
58.0,1279.0,54.088235294117645,3861.0,9993.0,12507.0,36.0,123.0,139.0,22.36071428567857,8.323076923076924,4.438461538461539,19321,168,35.7,1437.0,41097.0,818.0,6917,36435,357,509,33,1844,477,662,39470,21012,22340,2076,1378,1382,698,1254,878,1193,1609,2212,3046,23009,1476,1498,5084,7298,1656,8906,43352
121.0,1711.0,6.473684210526316,3404.0,9598.0,12134.0,9.0,16.0,16.0,22.49642857185714,12.092857142857143,4.176923076923076,10440,43,40.3,2012.0,20697.0,647.0,3449,19907,334,171,19,432,38,1547,20815,11021,12335,1004,736,791,1671,516,588,566,1158,1835,1162,15189,147,540,7762,2278,871,3390,23356
32.0,803.0,57.05882352941177,2084.0,4866.0,6406.0,12.0,37.0,43.0,22.50000000021429,9.23076923076923,4.723076923076923,9048,9,36.0,441.0,19782.0,151.0,1929,18445,39,55,0,867,122,362,18929,10059,10315,829,552,460,244,749,549,506,693,1634,1573,10178,456,531,1974,3960,664,3627,20374
0.0,0.0,59.55555555555556,888.0,1612.0,2755.0,26.0,43.0,51.0,22.710714285821428,16.02142857142857,7.985185185185185,3355,1,42.6,96.0,7760.0,77.0,1134,6799,0,1,0,376,69,589,6898,3897,4036,329,207,51,121,322,376,433,438,440,720,4018,169,429,1013,1021,308,1457,7933
0.0,0.0,63.6,623.0,1206.0,1905.0,5.0,18.0,23.0,22.567857142464284,14.37142857142857,10.560714285714283,2213,17,42.4,103.0,6784.0,55.0,133,6809,113,44,121,201,40,5,6418,3283,3659,221,276,27,67,244,312,159,242,510,824,3028,145,367,668,1312,199,1346,6942
